source_image,garment_id,garment_category,thigh_width_ratio,knee_width_ratio,hem_width_ratio,knee_to_thigh_ratio,hem_to_knee_ratio,hem_to_thigh_ratio,lower_width_slope,lower_leg_fullness,split_leg_fraction,valid_row_fraction,width_profile_cv,geometry_quality
../fashion_data/raw/train/train/image/011261.jpg,item1_trousers,pants,0.8071748878923767,0.9327354260089686,0.7847533632286996,1.1555555555555557,0.8413461538461539,0.9722222222222223,-0.4307256750973807,0.7955297818890428,0.10583941605839416,1.0,0.2147682034690642,good
../fashion_data/raw/train/train/image/012116.jpg,item2_trousers,pants,0.575268817204301,0.20430107526881722,0.15053763440860216,0.3551401869158879,0.7368421052631579,0.26168224299065423,-0.8174446335319233,0.1755471456318456,0.32170542635658916,1.0,0.638054571214983,usable
../fashion_data/raw/train/train/image/012707.jpg,item2_trousers,pants,0.9302325581395349,0.6627906976744186,0.22674418604651161,0.7124999999999999,0.34210526315789475,0.24375,-1.2375830310093712,0.4507210317863308,0.7598784194528876,1.0,0.44601530723262384,good
../fashion_data/raw/train/train/image/013010.jpg,item2_trousers,pants,0.5686274509803921,0.6535947712418301,0.2679738562091503,1.149425287356322,0.41,0.47126436781609193,-0.5148492406181194,0.4896811249752426,0.7689075630252101,1.0,0.2857187915758542,good
../fashion_data/raw/train/train/image/028454.jpg,item2_trousers,pants,0.66875,0.384375,0.1875,0.574766355140187,0.4878048780487805,0.28037383177570097,-0.6867852386589437,0.3683360927152317,0.1382488479262673,1.0,0.3687272974797799,good
../fashion_data/raw/train/train/image/033528.jpg,item1_trousers,pants,0.7629107981220657,0.5610328638497653,0.3051643192488263,0.7353846153846153,0.5439330543933055,0.4,-0.9659325853892489,0.3842212696468667,0.0,1.0,0.4195318778753704,good
../fashion_data/raw/train/train/image/039388.jpg,item1_trousers,pants,0.9416342412451362,0.8813229571984436,0.5058365758754864,0.9359504132231404,0.5739514348785872,0.5371900826446281,-1.0239616760445756,0.6334961503435714,0.4970414201183432,1.0,0.3175117742680028,good
../fashion_data/raw/train/train/image/041727.jpg,item2_trousers,pants,0.8333333333333334,0.8125,0.675,0.975,0.8307692307692308,0.81,-0.31252404261196826,0.7408700980392157,0.4387755102040816,1.0,0.0943157129311516,good
../fashion_data/raw/train/train/image/045372.jpg,item2_trousers,pants,0.7723577235772358,0.6280487804878049,0.3333333333333333,0.8131578947368421,0.5307443365695793,0.43157894736842106,-0.9851554004805964,0.4351019825987733,0.7804878048780488,1.0,0.3990326447459849,good
../fashion_data/raw/train/train/image/049798.jpg,item2_trousers,pants,0.8383233532934131,0.6497005988023952,0.4491017964071856,0.775,0.6912442396313364,0.5357142857142857,-0.7094192173536763,0.5395121087873515,0.7671232876712328,1.0,0.24036574702602473,good
../fashion_data/raw/train/train/image/051719.jpg,item1_trousers,pants,0.689328743545611,0.46815834767641995,0.3132530120481928,0.6791510611735331,0.6691176470588236,0.4544319600499376,-0.7557600570951131,0.3736349591442318,0.966824644549763,1.0,0.3513911669118018,good
../fashion_data/raw/train/train/image/058225.jpg,item1_trousers,pants,0.7329842931937173,0.6596858638743456,0.6178010471204188,0.9,0.9365079365079364,0.8428571428571429,-0.12079174629088482,0.7539770438985098,0.10033444816053512,1.0,0.2537033431141115,good
../fashion_data/raw/train/train/image/063238.jpg,item1_trousers,pants,0.6140350877192983,0.34210526315789475,0.17763157894736842,0.5571428571428572,0.5192307692307692,0.28928571428571426,-0.8196240952474898,0.24944743749136625,0.45604395604395603,1.0,0.5109261924037951,good
../fashion_data/raw/train/train/image/065162.jpg,item1_trousers,pants,0.9371428571428572,0.6342857142857142,0.3942857142857143,0.6768292682926829,0.6216216216216217,0.42073170731707316,-1.07561195686963,0.49200828157349896,0.8513853904282116,1.0,0.3710739094004015,good
../fashion_data/raw/train/train/image/068031.jpg,item2_trousers,pants,0.7008196721311475,0.22950819672131148,0.1885245901639344,0.3274853801169591,0.8214285714285714,0.26900584795321636,-0.8777438546912607,0.20917711346833814,0.03424657534246575,1.0,0.6355371913312514,usable
../fashion_data/raw/train/train/image/073497.jpg,item1_trousers,pants,0.8803191489361701,0.7101063829787234,0.5372340425531915,0.8066465256797584,0.7565543071161049,0.610271903323263,-0.6920378079724064,0.6096563011456628,0.9899665551839465,1.0,0.22796409818286428,good
../fashion_data/raw/train/train/image/096870.jpg,item2_trousers,pants,0.9534883720930233,0.9922480620155039,0.875968992248062,1.040650406504065,0.8828125,0.9186991869918699,-0.1732368747676782,0.934154126766986,0.4344262295081967,1.0,0.05054141456789486,good
../fashion_data/raw/train/train/image/098901.jpg,item1_trousers,pants,0.5903614457831325,0.3704819277108434,0.23493975903614459,0.6275510204081632,0.6341463414634146,0.3979591836734694,-0.7202383743456335,0.2867160951498301,0.3202846975088968,1.0,0.419451267306936,good
../fashion_data/raw/train/train/image/115186.jpg,item2_trousers,pants,0.5512367491166078,0.5406360424028268,0.5017667844522968,0.9807692307692306,0.9281045751633988,0.9102564102564102,-0.11360562285323028,0.5146082909592347,0.5310734463276836,1.0,0.07289494437131613,good
../fashion_data/raw/train/train/image/117170.jpg,item2_trousers,pants,0.867816091954023,0.6091954022988506,0.3850574712643678,0.7019867549668874,0.6320754716981132,0.44370860927152317,-0.9221244702466108,0.4738020600089565,0.8063063063063063,1.0,0.33653922710288847,good
../fashion_data/raw/train/train/image/117350.jpg,item1_trousers,pants,0.868020304568528,0.7055837563451777,0.467005076142132,0.8128654970760234,0.6618705035971223,0.5380116959064327,-0.8551642021560332,0.5641232240217011,0.7205882352941176,1.0,0.2961243914403154,good
../fashion_data/raw/train/train/image/131316.jpg,item2_trousers,pants,0.7568181818181818,0.7568181818181818,0.4318181818181818,1.0,0.5705705705705706,0.5705705705705706,-0.7191735894710591,0.5652777777777778,0.0,1.0,0.2628690757891019,good
../fashion_data/raw/train/train/image/150224.jpg,item2_trousers,pants,0.975609756097561,0.8932926829268293,0.5975609756097561,0.915625,0.6689419795221843,0.6124999999999999,-0.850902415958453,0.7303353658536585,0.8197674418604651,1.0,0.26732687884005496,good
../fashion_data/raw/train/train/image/151092.jpg,item2_trousers,pants,0.8461538461538461,0.8923076923076924,0.7576923076923077,1.0545454545454547,0.8491379310344827,0.8954545454545454,-0.23322304220646417,0.8150277557494051,0.5611510791366906,1.0,0.10606454898527114,good
../fashion_data/raw/train/train/image/152326.jpg,item2_trousers,pants,0.7165071770334928,0.9904306220095693,0.9354066985645934,1.3823038397328882,0.9444444444444445,1.30550918196995,0.16384761310390603,0.9413021189336979,0.3105590062111801,1.0,0.1544727476418772,good
../fashion_data/raw/train/train/image/163017.jpg,item1_trousers,pants,0.9586776859504132,0.9504132231404959,0.8223140495867769,0.9913793103448276,0.8652173913043478,0.8577586206896551,-0.30108346699293276,0.8746855910887531,0.005050505050505051,1.0,0.10688515915656736,good
../fashion_data/raw/train/train/image/173201.jpg,item2_trousers,pants,0.8756756756756757,0.9081081081081082,0.7513513513513513,1.037037037037037,0.8273809523809523,0.8580246913580246,-0.2720152943503199,0.8226474649832315,0.005076142131979695,1.0,0.08368020966111846,good
../fashion_data/raw/train/train/image/174323.jpg,item2_trousers,pants,0.7359050445103857,0.7893175074183977,0.6261127596439169,1.0725806451612905,0.7932330827067668,0.8508064516129032,-0.2512751197893585,0.7041812786619908,0.46638655462184875,1.0,0.1116037311538955,good
../fashion_data/raw/train/train/image/175635.jpg,item1_trousers,pants,0.7450199203187251,0.5677290836653387,0.2868525896414343,0.7620320855614974,0.5052631578947369,0.3850267379679145,-0.9625818124591973,0.39588672337676317,0.5676691729323309,1.0,0.41997721103141666,good
