source_image,garment_id,garment_category,upper_leg_width_ratio,knee_width_ratio,hem_width_ratio,taper_ratio,lower_width_slope,lower_leg_fullness,split_leg_fraction,valid_row_fraction,width_profile_cv,geometry_quality
../fashion_data/raw/train/train/image/011261.jpg,item1_trousers,pants,0.8295964125560538,0.9147982062780269,0.7914798206278026,0.9540540540540541,-0.4822972498676713,0.7955297818890428,0.10861423220973783,1.0,0.21654583902663987,good
../fashion_data/raw/train/train/image/012116.jpg,item2_trousers,pants,0.5627240143369175,0.1935483870967742,0.15053763440860216,0.267515923566879,-0.7835813163118133,0.1755471456318456,0.30278884462151395,1.0,0.6229558244877325,good
../fashion_data/raw/train/train/image/012707.jpg,item2_trousers,pants,0.9011627906976745,0.622093023255814,0.23255813953488372,0.25806451612903225,-1.2458010695507786,0.4507210317863308,0.753125,1.0,0.445435915032225,good
../fashion_data/raw/train/train/image/013010.jpg,item2_trousers,pants,0.5751633986928104,0.6535947712418301,0.2679738562091503,0.46590909090909094,-0.5514004138750583,0.4896811249752426,0.7878787878787878,1.0,0.2903734200763212,good
../fashion_data/raw/train/train/image/028454.jpg,item2_trousers,pants,0.64375,0.3875,0.19375,0.30097087378640774,-0.6849003908994528,0.3683360927152317,0.14218009478672985,1.0,0.3674334001443936,good
../fashion_data/raw/train/train/image/033528.jpg,item1_trousers,pants,0.7511737089201878,0.5164319248826291,0.29577464788732394,0.39375,-0.9759481376951956,0.3842212696468667,0.0,1.0,0.41978000211401073,good
../fashion_data/raw/train/train/image/033828.jpg,item1_shorts,pants,0.9435215946843853,0.9933554817275747,0.5415282392026578,0.573943661971831,-0.956658233652152,0.7478510784158624,0.19318181818181818,1.0,0.29752588165148525,good
../fashion_data/raw/train/train/image/039388.jpg,item1_trousers,pants,0.9494163424124513,0.8249027237354085,0.5097276264591439,0.5368852459016393,-1.0714181114088677,0.6334961503435714,0.5121951219512195,1.0,0.32169070389991183,good
../fashion_data/raw/train/train/image/041727.jpg,item2_trousers,pants,0.8333333333333334,0.8083333333333333,0.6791666666666667,0.815,-0.3310695113292249,0.7408700980392157,0.45263157894736844,1.0,0.09531152799367612,good
../fashion_data/raw/train/train/image/043667.jpg,item2_shorts,pants,0.9307692307692308,0.9692307692307692,0.55,0.5909090909090909,-0.8770919872965905,0.7670329670329671,0.14492753623188406,1.0,0.301652954272032,good
../fashion_data/raw/train/train/image/045372.jpg,item2_trousers,pants,0.7723577235772358,0.5975609756097561,0.34146341463414637,0.4421052631578948,-1.0128887558697328,0.4351019825987733,0.803347280334728,1.0,0.4026057495608102,good
../fashion_data/raw/train/train/image/049798.jpg,item2_trousers,pants,0.8143712574850299,0.6167664670658682,0.4491017964071856,0.5514705882352942,-0.7127793079038123,0.5395121087873515,0.7915194346289752,1.0,0.23703952603267334,good
../fashion_data/raw/train/train/image/051719.jpg,item1_trousers,pants,0.6755593803786575,0.4406196213425129,0.31669535283993117,0.46878980891719746,-0.7497422681151918,0.3736349591442318,0.9658536585365853,1.0,0.3458450869401879,good
../fashion_data/raw/train/train/image/058225.jpg,item1_trousers,pants,0.7225130890052356,0.7630890052356021,0.6479057591623036,0.8967391304347826,-0.12787593966894642,0.7539770438985098,0.10309278350515463,1.0,0.25727310742450743,good
../fashion_data/raw/train/train/image/063238.jpg,item1_trousers,pants,0.5921052631578947,0.25,0.19736842105263158,0.33333333333333337,-0.8238239423978476,0.24944743749136625,0.4406779661016949,1.0,0.5119586990250299,good
../fashion_data/raw/train/train/image/065162.jpg,item1_trousers,pants,0.9142857142857143,0.6114285714285714,0.4057142857142857,0.44375,-1.0745738565338179,0.49200828157349896,0.8756476683937824,1.0,0.3673931341057747,good
../fashion_data/raw/train/train/image/068031.jpg,item2_trousers,pants,0.7049180327868853,0.23360655737704916,0.1885245901639344,0.26744186046511625,-0.8675195219455549,0.20917711346833814,0.035211267605633804,1.0,0.6391080117866303,good
../fashion_data/raw/train/train/image/070475.jpg,item1_shorts,pants,0.861878453038674,0.8453038674033149,0.8342541436464088,0.967948717948718,-0.24421420442181493,0.8109269490484957,0.0,1.0,0.14015123262402057,good
../fashion_data/raw/train/train/image/073497.jpg,item1_trousers,pants,0.8563829787234043,0.6968085106382979,0.5478723404255319,0.639751552795031,-0.6971089695456714,0.6096563011456628,0.9896907216494846,1.0,0.2265227654206146,good
../fashion_data/raw/train/train/image/079537.jpg,item1_shorts,pants,0.9793103448275862,0.9724137931034482,0.9241379310344827,0.9436619718309859,-0.6498684618466841,0.8517868338557992,0.0,1.0,0.2531371312937302,good
../fashion_data/raw/train/train/image/095730.jpg,item1_shorts,pants,0.9720812182741116,0.8451776649746193,0.467005076142132,0.4804177545691906,-1.0597942905818338,0.620024409863804,0.1796875,1.0,0.32564895005574335,good
../fashion_data/raw/train/train/image/096870.jpg,item2_trousers,pants,0.9689922480620154,0.9844961240310077,0.8837209302325582,0.912,-0.19165401826720208,0.934154126766986,0.4491525423728814,1.0,0.05138549026831151,good
../fashion_data/raw/train/train/image/098901.jpg,item1_trousers,pants,0.5783132530120482,0.3042168674698795,0.23493975903614459,0.40625000000000006,-0.7077311032379916,0.2867160951498301,0.30036630036630035,1.0,0.4118383747173639,good
../fashion_data/raw/train/train/image/115186.jpg,item2_trousers,pants,0.5512367491166078,0.5335689045936396,0.5017667844522968,0.9102564102564102,-0.11925727343828907,0.5146082909592347,0.5465116279069767,1.0,0.07378579156018485,good
../fashion_data/raw/train/train/image/117170.jpg,item2_trousers,pants,0.8563218390804598,0.5632183908045977,0.39655172413793105,0.46308724832214765,-0.925241046167398,0.4738020600089565,0.8287037037037037,1.0,0.3339006027998357,good
../fashion_data/raw/train/train/image/117350.jpg,item1_trousers,pants,0.868020304568528,0.6700507614213198,0.5228426395939086,0.6023391812865497,-0.8804738771378382,0.5641232240217011,0.7396226415094339,1.0,0.29841112922040275,good
../fashion_data/raw/train/train/image/124892.jpg,item2_shorts,pants,0.8477157360406091,0.937394247038917,0.7402707275803723,0.873253493013972,-0.6070363971402141,0.7951101048095534,0.10282776349614396,1.0,0.30045326328640815,good
../fashion_data/raw/train/train/image/131316.jpg,item2_trousers,pants,0.775,0.725,0.43636363636363634,0.563049853372434,-0.7595349375002218,0.5652777777777778,0.0,1.0,0.26640367172228663,good
../fashion_data/raw/train/train/image/132240.jpg,item2_shorts,pants,0.9145299145299145,0.9401709401709402,0.46153846153846156,0.5046728971962617,-0.8094572997012015,0.7671676982021812,0.43209876543209874,1.0,0.29351942557652194,good
../fashion_data/raw/train/train/image/150224.jpg,item2_trousers,pants,0.975609756097561,0.875,0.6280487804878049,0.64375,-0.8925694746270019,0.7303353658536585,0.844311377245509,1.0,0.2709679436427723,good
../fashion_data/raw/train/train/image/151092.jpg,item2_trousers,pants,0.8538461538461538,0.8846153846153846,0.7615384615384615,0.8918918918918919,-0.2539735710587328,0.8150277557494051,0.5777777777777777,1.0,0.1076317074268763,good
../fashion_data/raw/train/train/image/152326.jpg,item2_trousers,pants,0.7751196172248804,0.9856459330143541,0.9401913875598086,1.2129629629629628,0.08903493962592285,0.9413021189336979,0.28846153846153844,1.0,0.14109076481907343,good
../fashion_data/raw/train/train/image/163017.jpg,item1_trousers,pants,0.9586776859504132,0.9380165289256198,0.828512396694215,0.8642241379310346,-0.33284358595840435,0.8746855910887531,0.0051813471502590676,1.0,0.10769052600161752,good
../fashion_data/raw/train/train/image/168724.jpg,item2_shorts,pants,0.815028901734104,0.8901734104046243,0.9248554913294798,1.1347517730496455,-0.36557155976488803,0.8037834997372568,0.564935064935065,1.0,0.25362519494610664,good
../fashion_data/raw/train/train/image/171259.jpg,item2_shorts,pants,0.6494252873563218,0.9712643678160919,0.7452107279693487,1.1474926253687319,0.020317402414335006,0.8584291187739463,0.3373493975903614,1.0,0.1915809049656255,good
../fashion_data/raw/train/train/image/173201.jpg,item2_trousers,pants,0.8810810810810811,0.8918918918918919,0.7567567567567568,0.8588957055214724,-0.28938037829626234,0.8226474649832315,0.005208333333333333,1.0,0.08472761920265048,good
../fashion_data/raw/train/train/image/174323.jpg,item2_trousers,pants,0.7418397626112759,0.7893175074183977,0.6305637982195845,0.85,-0.2730666565826878,0.7041812786619908,0.4805194805194805,1.0,0.11330087970393192,good
../fashion_data/raw/train/train/image/175635.jpg,item1_trousers,pants,0.7450199203187251,0.549800796812749,0.2868525896414343,0.3850267379679145,-0.982539340706672,0.39588672337676317,0.555984555984556,1.0,0.4227642423747166,good
../fashion_data/raw/train/train/image/178287.jpg,item2_shorts,pants,0.7965367965367965,0.9134199134199135,0.5692640692640693,0.7146739130434783,-0.6607207712538968,0.7145868624129493,0.2360248447204969,1.0,0.2630540111223303,good
