annotation_id,region,source_candidate_id,image_name,item_id,category_name,annotation_image_path,split,label_status,boxes_json,review_note
collar_train_01,collar,collar_009,000067.jpg,item1,short sleeve top,outputs\core_part_annotation_pilot\images\collar_01_collar_009_000067.jpg,train_candidate,pending,,
collar_train_02,collar,collar_011,000145.jpg,item1,vest dress,outputs\core_part_annotation_pilot\images\collar_02_collar_011_000145.jpg,train_candidate,pending,,
collar_train_03,collar,collar_004,000069.jpg,item1,short sleeve top,outputs\core_part_annotation_pilot\images\collar_03_collar_004_000069.jpg,train_candidate,pending,,
collar_train_04,collar,collar_021,000196.jpg,item1,vest dress,outputs\core_part_annotation_pilot\images\collar_04_collar_021_000196.jpg,train_candidate,pending,,
collar_train_05,collar,collar_005,000132.jpg,item1,short sleeve top,outputs\core_part_annotation_pilot\images\collar_05_collar_005_000132.jpg,train_candidate,pending,,
collar_train_06,collar,collar_024,000061.jpg,item2,short sleeve top,outputs\core_part_annotation_pilot\images\collar_06_collar_024_000061.jpg,train_candidate,pending,,
collar_train_07,collar,collar_014,000200.jpg,item2,vest dress,outputs\core_part_annotation_pilot\images\collar_07_collar_014_000200.jpg,train_candidate,pending,,
collar_train_08,collar,collar_006,000284.jpg,item1,short sleeve dress,outputs\core_part_annotation_pilot\images\collar_08_collar_006_000284.jpg,train_candidate,pending,,
collar_train_09,collar,collar_013,000202.jpg,item2,short sleeve top,outputs\core_part_annotation_pilot\images\collar_09_collar_013_000202.jpg,train_candidate,pending,,
collar_train_10,collar,collar_007,000496.jpg,item1,long sleeve outwear,outputs\core_part_annotation_pilot\images\collar_10_collar_007_000496.jpg,train_candidate,pending,,
collar_train_11,collar,collar_015,000265.jpg,item1,long sleeve dress,outputs\core_part_annotation_pilot\images\collar_11_collar_015_000265.jpg,train_candidate,pending,,
collar_train_12,collar,collar_017,000303.jpg,item1,short sleeve top,outputs\core_part_annotation_pilot\images\collar_12_collar_017_000303.jpg,train_candidate,pending,,
collar_train_13,collar,collar_023,000459.jpg,item1,short sleeve dress,outputs\core_part_annotation_pilot\images\collar_13_collar_023_000459.jpg,train_candidate,pending,,
collar_train_14,collar,collar_008,000095.jpg,item1,long sleeve outwear,outputs\core_part_annotation_pilot\images\collar_14_collar_008_000095.jpg,train_candidate,pending,,
collar_train_15,collar,collar_022,000440.jpg,item1,short sleeve top,outputs\core_part_annotation_pilot\images\collar_15_collar_022_000440.jpg,train_candidate,pending,,
cuff_train_01,cuff,cuff_014,000423.jpg,item1,short sleeve dress,outputs\core_part_annotation_pilot\images\cuff_01_cuff_014_000423.jpg,train_candidate,pending,,
cuff_train_02,cuff,cuff_011,000365.jpg,item1,short sleeve top,outputs\core_part_annotation_pilot\images\cuff_02_cuff_011_000365.jpg,train_candidate,pending,,
cuff_train_03,cuff,cuff_021,000069.jpg,item1,short sleeve top,outputs\core_part_annotation_pilot\images\cuff_03_cuff_021_000069.jpg,train_candidate,pending,,
cuff_train_04,cuff,cuff_012,000305.jpg,item1,short sleeve top,outputs\core_part_annotation_pilot\images\cuff_04_cuff_012_000305.jpg,train_candidate,pending,,
cuff_train_05,cuff,cuff_017,000302.jpg,item1,short sleeve top,outputs\core_part_annotation_pilot\images\cuff_05_cuff_017_000302.jpg,train_candidate,pending,,
cuff_train_06,cuff,cuff_002,000112.jpg,item1,short sleeve top,outputs\core_part_annotation_pilot\images\cuff_06_cuff_002_000112.jpg,train_candidate,pending,,
cuff_train_07,cuff,cuff_018,000354.jpg,item1,short sleeve top,outputs\core_part_annotation_pilot\images\cuff_07_cuff_018_000354.jpg,train_candidate,pending,,
cuff_train_08,cuff,cuff_010,000272.jpg,item1,long sleeve dress,outputs\core_part_annotation_pilot\images\cuff_08_cuff_010_000272.jpg,train_candidate,pending,,
cuff_train_09,cuff,cuff_003,000218.jpg,item1,long sleeve dress,outputs\core_part_annotation_pilot\images\cuff_09_cuff_003_000218.jpg,train_candidate,pending,,
cuff_train_10,cuff,cuff_005,000056.jpg,item2,short sleeve top,outputs\core_part_annotation_pilot\images\cuff_10_cuff_005_000056.jpg,train_candidate,pending,,
cuff_train_11,cuff,cuff_022,000039.jpg,item1,short sleeve top,outputs\core_part_annotation_pilot\images\cuff_11_cuff_022_000039.jpg,train_candidate,pending,,
cuff_train_12,cuff,cuff_001,000421.jpg,item1,short sleeve dress,outputs\core_part_annotation_pilot\images\cuff_12_cuff_001_000421.jpg,train_candidate,pending,,
cuff_train_13,cuff,cuff_016,000461.jpg,item1,short sleeve dress,outputs\core_part_annotation_pilot\images\cuff_13_cuff_016_000461.jpg,train_candidate,pending,,
cuff_train_14,cuff,cuff_007,000271.jpg,item1,long sleeve dress,outputs\core_part_annotation_pilot\images\cuff_14_cuff_007_000271.jpg,train_candidate,pending,,
cuff_train_15,cuff,cuff_020,000196.jpg,item2,short sleeve top,outputs\core_part_annotation_pilot\images\cuff_15_cuff_020_000196.jpg,train_candidate,pending,,
hem_train_01,hem,hem_001,000282.jpg,item1,short sleeve dress,outputs\core_part_annotation_pilot\images\hem_01_hem_001_000282.jpg,train_candidate,pending,,
hem_train_02,hem,hem_019,000111.jpg,item2,trousers,outputs\core_part_annotation_pilot\images\hem_02_hem_019_000111.jpg,train_candidate,pending,,
hem_train_03,hem,hem_007,000141.jpg,item2,trousers,outputs\core_part_annotation_pilot\images\hem_03_hem_007_000141.jpg,train_candidate,pending,,
hem_train_04,hem,hem_004,000384.jpg,item2,short sleeve top,outputs\core_part_annotation_pilot\images\hem_04_hem_004_000384.jpg,train_candidate,pending,,
hem_train_05,hem,hem_014,000164.jpg,item1,vest dress,outputs\core_part_annotation_pilot\images\hem_05_hem_014_000164.jpg,train_candidate,pending,,
hem_train_06,hem,hem_010,000461.jpg,item1,short sleeve dress,outputs\core_part_annotation_pilot\images\hem_06_hem_010_000461.jpg,train_candidate,pending,,
hem_train_07,hem,hem_024,000370.jpg,item1,short sleeve top,outputs\core_part_annotation_pilot\images\hem_07_hem_024_000370.jpg,train_candidate,pending,,
hem_train_08,hem,hem_022,000267.jpg,item1,long sleeve dress,outputs\core_part_annotation_pilot\images\hem_08_hem_022_000267.jpg,train_candidate,pending,,
hem_train_09,hem,hem_018,000007.jpg,item1,long sleeve dress,outputs\core_part_annotation_pilot\images\hem_09_hem_018_000007.jpg,train_candidate,pending,,
hem_train_10,hem,hem_015,000418.jpg,item1,short sleeve dress,outputs\core_part_annotation_pilot\images\hem_10_hem_015_000418.jpg,train_candidate,pending,,
hem_train_11,hem,hem_011,000499.jpg,item1,long sleeve outwear,outputs\core_part_annotation_pilot\images\hem_11_hem_011_000499.jpg,train_candidate,pending,,
hem_train_12,hem,hem_013,000184.jpg,item1,long sleeve top,outputs\core_part_annotation_pilot\images\hem_12_hem_013_000184.jpg,train_candidate,pending,,
hem_train_13,hem,hem_020,000304.jpg,item1,short sleeve top,outputs\core_part_annotation_pilot\images\hem_13_hem_020_000304.jpg,train_candidate,pending,,
hem_train_14,hem,hem_012,000055.jpg,item1,short sleeve top,outputs\core_part_annotation_pilot\images\hem_14_hem_012_000055.jpg,train_candidate,pending,,
hem_train_15,hem,hem_021,000014.jpg,item1,long sleeve top,outputs\core_part_annotation_pilot\images\hem_15_hem_021_000014.jpg,train_candidate,pending,,
