source_image,garment_id,garment_category,primary_color_pred,primary_color_gt,primary_color_correct,pattern_pred,pattern_gt,pattern_correct,sleeve_length_pred,sleeve_length_gt,sleeve_length_correct,neckline_final_pred,neckline_gt,neckline_correct,neckline_whole_pred,neckline_local_proxy_pred,overall_note
../fashion_data/raw/train/train/image/004462.jpg,item1_vest_dress,dress,white,,,other,,,elbow,,,halter,,,one_shoulder,halter,
../fashion_data/raw/train/train/image/010492.jpg,item1_short_sleeve_top,top,green,,,camouflage,,,short,,,round,,,mock_neck,round,
../fashion_data/raw/train/train/image/010492.jpg,item2_shorts,pants,green,,,solid,,,not_applicable,,,not_applicable,,,not_applicable,not_applicable,
../fashion_data/raw/train/train/image/016342.jpg,item1_long_sleeve_top,top,orange,,,solid,,,unknown,,,hooded,,,hooded,hooded,
../fashion_data/raw/train/train/image/016342.jpg,item2_trousers,pants,beige,,,solid,,,not_applicable,,,not_applicable,,,not_applicable,not_applicable,
../fashion_data/raw/train/train/image/026915.jpg,item1_short_sleeve_top,top,beige,,,graphic,,,short,,,shirt_collar,,,shirt_collar,shirt_collar,
../fashion_data/raw/train/train/image/026915.jpg,item2_trousers,pants,blue,,,solid,,,not_applicable,,,not_applicable,,,not_applicable,not_applicable,
../fashion_data/raw/train/train/image/027157.jpg,item1_long_sleeve_top,top,beige,,,floral,,,three_quarter,,,unknown,,,shirt_collar,unknown,
../fashion_data/raw/train/train/image/029899.jpg,item1_short_sleeve_dress,dress,black,,,solid,,,short,,,polo,,,polo,polo,
../fashion_data/raw/train/train/image/034287.jpg,item1_long_sleeve_outwear,outerwear,black,,,graphic,,,long,,,turtleneck,,,crew,turtleneck,
../fashion_data/raw/train/train/image/034287.jpg,item2_trousers,pants,gray,,,solid,,,not_applicable,,,not_applicable,,,not_applicable,not_applicable,
../fashion_data/raw/train/train/image/040285.jpg,item1_skirt,skirt,black,,,camouflage,,,not_applicable,,,not_applicable,,,not_applicable,not_applicable,
../fashion_data/raw/train/train/image/040285.jpg,item2_long_sleeve_top,top,white,,,solid,,,unknown,,,one_shoulder,,,one_shoulder,one_shoulder,
../fashion_data/raw/train/train/image/041765.jpg,item1_short_sleeve_top,top,white,,,solid,,,short,,,round,,,shirt_collar,round,
../fashion_data/raw/train/train/image/041765.jpg,item2_skirt,skirt,beige,,,floral,,,not_applicable,,,not_applicable,,,not_applicable,not_applicable,
../fashion_data/raw/train/train/image/054092.jpg,item1_shorts,pants,pink,,,solid,,,not_applicable,,,not_applicable,,,not_applicable,not_applicable,
../fashion_data/raw/train/train/image/054092.jpg,item2_short_sleeve_top,top,white,,,camouflage,,,sleeveless,,,boat,,,halter,boat,
../fashion_data/raw/train/train/image/077117.jpg,item1_long_sleeve_top,top,white,,,solid,,,unknown,,,shirt_collar,,,shirt_collar,shirt_collar,
../fashion_data/raw/train/train/image/077117.jpg,item2_trousers,pants,white,,,solid,,,not_applicable,,,not_applicable,,,not_applicable,not_applicable,
../fashion_data/raw/train/train/image/087339.jpg,item1_trousers,pants,white,,,solid,,,not_applicable,,,not_applicable,,,not_applicable,not_applicable,
../fashion_data/raw/train/train/image/087339.jpg,item2_long_sleeve_top,top,orange,,,solid,,,three_quarter,,,hooded,,,hooded,hooded,
../fashion_data/raw/train/train/image/105966.jpg,item1_long_sleeve_outwear,outerwear,beige,,,solid,,,elbow,,,square,,,turtleneck,square,
../fashion_data/raw/train/train/image/105966.jpg,item2_trousers,pants,white,,,solid,,,not_applicable,,,not_applicable,,,not_applicable,not_applicable,
../fashion_data/raw/train/train/image/117462.jpg,item1_short_sleeve_dress,dress,black,,,graphic,,,cap,,,crew,,,crew,crew,
../fashion_data/raw/train/train/image/146629.jpg,item1_long_sleeve_outwear,outerwear,black,,,abstract,,,elbow,,,hooded,,,one_shoulder,hooded,
../fashion_data/raw/train/train/image/146629.jpg,item2_shorts,pants,brown,,,other,,,not_applicable,,,not_applicable,,,not_applicable,not_applicable,
../fashion_data/raw/train/train/image/151501.jpg,item1_trousers,pants,black,,,solid,,,not_applicable,,,not_applicable,,,not_applicable,not_applicable,
../fashion_data/raw/train/train/image/151501.jpg,item2_short_sleeve_top,top,beige,,,solid,,,long,,,crew,,,crew,crew,
../fashion_data/raw/train/train/image/168120.jpg,item1_long_sleeve_top,top,beige,,,camouflage,,,short,,,boat,,,off_shoulder,boat,
../fashion_data/raw/train/train/image/168120.jpg,item2_trousers,pants,white,,,floral,,,not_applicable,,,not_applicable,,,not_applicable,not_applicable,
../fashion_data/raw/train/train/image/183818.jpg,item1_short_sleeve_top,top,pink,,,striped,,,short,,,square,,,shirt_collar,square,
../fashion_data/raw/train/train/image/183818.jpg,item2_shorts,pants,blue,,,solid,,,not_applicable,,,not_applicable,,,not_applicable,not_applicable,
../fashion_data/raw/train/train/image/187443.jpg,item1_short_sleeve_top,top,beige,,,graphic,,,cap,,,halter,,,round,halter,
../fashion_data/raw/train/train/image/187443.jpg,item2_sling_dress,dress,beige,,,other,,,cap,,,halter,,,mock_neck,halter,
../fashion_data/raw/train/train/image/188639.jpg,item1_short_sleeve_top,top,white,,,graphic,,,unknown,,,crew,,,crew,crew,
