source_dataset,source_image,predicted_garment_id,predicted_category,prediction_score,reason
DeepFashion2,/workspace/fashion_data/raw/train/train/image/019779.jpg,pred_01_01_pants,pants,0.506091,no_one_to_one_same_class_bbox50_match
DeepFashion2,/workspace/fashion_data/raw/train/train/image/019779.jpg,pred_01_02_top,top,0.412951,no_one_to_one_same_class_bbox50_match
DeepFashion2,/workspace/fashion_data/raw/train/train/image/032014.jpg,pred_02_01_top,top,0.677878,no_one_to_one_same_class_bbox50_match
DeepFashion2,/workspace/fashion_data/raw/train/train/image/051719.jpg,pred_03_02_pants,pants,0.450898,no_one_to_one_same_class_bbox50_match
DeepFashion2,/workspace/fashion_data/raw/train/train/image/079537.jpg,pred_05_01_bag,bag,0.618270,no_one_to_one_same_class_bbox50_match
DeepFashion2,/workspace/fashion_data/raw/train/train/image/079537.jpg,pred_05_02_accessory,accessory,0.532749,no_one_to_one_same_class_bbox50_match
DeepFashion2,/workspace/fashion_data/raw/train/train/image/079537.jpg,pred_05_03_dress,dress,0.400782,no_one_to_one_same_class_bbox50_match
DeepFashion2,/workspace/fashion_data/raw/train/train/image/092719.jpg,pred_06_01_top,top,0.581917,no_one_to_one_same_class_bbox50_match
DeepFashion2,/workspace/fashion_data/raw/train/train/image/101034.jpg,pred_08_03_bag,bag,0.469950,no_one_to_one_same_class_bbox50_match
DeepFashion2,/workspace/fashion_data/raw/train/train/image/101034.jpg,pred_08_04_outerwear,outerwear,0.429249,no_one_to_one_same_class_bbox50_match
DeepFashion2,/workspace/fashion_data/raw/train/train/image/124892.jpg,pred_10_02_skirt,skirt,0.474917,no_one_to_one_same_class_bbox50_match
DeepFashion2,/workspace/fashion_data/raw/train/train/image/142658.jpg,pred_11_03_pants,pants,0.662062,no_one_to_one_same_class_bbox50_match
DeepFashion2,/workspace/fashion_data/raw/train/train/image/146128.jpg,pred_12_01_top,top,0.428894,no_one_to_one_same_class_bbox50_match
DeepFashion2,/workspace/fashion_data/raw/train/train/image/178287.jpg,pred_13_01_bag,bag,0.744973,no_one_to_one_same_class_bbox50_match
Fashionpedia,/workspace/fashion_data/raw/fashionpedia/images/test/32227cade6d3646824f9c0f3fa9dc9e7.jpg,pred_15_01_skirt,skirt,0.652638,no_one_to_one_same_class_bbox50_match
Fashionpedia,/workspace/fashion_data/raw/fashionpedia/images/test/33846044d27032d3988b9b4b7e22e252.jpg,pred_16_01_shoe,shoe,0.942516,no_one_to_one_same_class_bbox50_match
Fashionpedia,/workspace/fashion_data/raw/fashionpedia/images/test/33846044d27032d3988b9b4b7e22e252.jpg,pred_16_02_dress,dress,0.584572,no_one_to_one_same_class_bbox50_match
Fashionpedia,/workspace/fashion_data/raw/fashionpedia/images/test/3bf082a96a03a1c8f75e1d1d0ebf42d2.jpg,pred_17_01_accessory,accessory,0.918189,no_one_to_one_same_class_bbox50_match
Fashionpedia,/workspace/fashion_data/raw/fashionpedia/images/test/3bf082a96a03a1c8f75e1d1d0ebf42d2.jpg,pred_17_02_outerwear,outerwear,0.663595,no_one_to_one_same_class_bbox50_match
Fashionpedia,/workspace/fashion_data/raw/fashionpedia/images/test/3bf082a96a03a1c8f75e1d1d0ebf42d2.jpg,pred_17_03_skirt,skirt,0.592847,no_one_to_one_same_class_bbox50_match
Fashionpedia,/workspace/fashion_data/raw/fashionpedia/images/test/3bf082a96a03a1c8f75e1d1d0ebf42d2.jpg,pred_17_04_bag,bag,0.553378,no_one_to_one_same_class_bbox50_match
Fashionpedia,/workspace/fashion_data/raw/fashionpedia/images/test/89144779b3e40421facdb2eb70309356.jpg,pred_18_01_bag,bag,0.863164,no_one_to_one_same_class_bbox50_match
Fashionpedia,/workspace/fashion_data/raw/fashionpedia/images/test/89144779b3e40421facdb2eb70309356.jpg,pred_18_02_dress,dress,0.509155,no_one_to_one_same_class_bbox50_match
Fashionpedia,/workspace/fashion_data/raw/fashionpedia/images/test/dd4525a10b6110df29f0a6b19e6b924b.jpg,pred_19_01_dress,dress,0.844763,no_one_to_one_same_class_bbox50_match
Fashionpedia,/workspace/fashion_data/raw/fashionpedia/images/test/dd4525a10b6110df29f0a6b19e6b924b.jpg,pred_19_02_shoe,shoe,0.522010,no_one_to_one_same_class_bbox50_match
Fashionpedia,/workspace/fashion_data/raw/fashionpedia/images/test/fac6412c2873388612c4ec4cda414ac6.jpg,pred_20_01_shoe,shoe,0.626855,no_one_to_one_same_class_bbox50_match
Fashionpedia,/workspace/fashion_data/raw/fashionpedia/images/test/fac6412c2873388612c4ec4cda414ac6.jpg,pred_20_02_outerwear,outerwear,0.509109,no_one_to_one_same_class_bbox50_match
