image_index,source_dataset,source_image,gt_instances,predictions_above_threshold,inference_ms
0,DeepFashion2,../fashion_data/raw/train/train/image/000030.jpg,1,1,20.523091312497854
1,DeepFashion2,../fashion_data/raw/train/train/image/002145.jpg,1,0,193.000216037035
2,DeepFashion2,../fashion_data/raw/train/train/image/002356.jpg,1,4,80.39912395179272
3,DeepFashion2,../fashion_data/raw/train/train/image/002606.jpg,1,3,79.72878403961658
4,DeepFashion2,../fashion_data/raw/train/train/image/003154.jpg,1,3,19.241741858422756
5,DeepFashion2,../fashion_data/raw/train/train/image/003346.jpg,1,3,80.4482470266521
6,DeepFashion2,../fashion_data/raw/train/train/image/008751.jpg,1,0,78.9562682621181
7,DeepFashion2,../fashion_data/raw/train/train/image/009347.jpg,1,1,21.495944820344448
8,DeepFashion2,../fashion_data/raw/train/train/image/009613.jpg,1,0,82.49271102249622
9,DeepFashion2,../fashion_data/raw/train/train/image/009625.jpg,1,2,21.412326022982597
10,DeepFashion2,../fashion_data/raw/train/train/image/010976.jpg,1,0,84.21241119503975
11,DeepFashion2,../fashion_data/raw/train/train/image/011155.jpg,1,0,20.21486684679985
12,DeepFashion2,../fashion_data/raw/train/train/image/011287.jpg,1,0,79.12386488169432
13,DeepFashion2,../fashion_data/raw/train/train/image/013262.jpg,1,3,82.57406484335661
14,DeepFashion2,../fashion_data/raw/train/train/image/013530.jpg,1,4,25.02404199913144
15,DeepFashion2,../fashion_data/raw/train/train/image/014148.jpg,1,1,71.82097295299172
16,DeepFashion2,../fashion_data/raw/train/train/image/015412.jpg,1,0,74.32489888742566
17,DeepFashion2,../fashion_data/raw/train/train/image/015729.jpg,1,2,21.02556172758341
18,DeepFashion2,../fashion_data/raw/train/train/image/016956.jpg,1,2,20.844448823481798
19,DeepFashion2,../fashion_data/raw/train/train/image/017043.jpg,1,1,20.720966160297394
20,DeepFashion2,../fashion_data/raw/train/train/image/017444.jpg,1,2,21.357321180403233
21,DeepFashion2,../fashion_data/raw/train/train/image/019252.jpg,1,0,17.270354088395834
22,DeepFashion2,../fashion_data/raw/train/train/image/019502.jpg,1,2,18.172023817896843
23,DeepFashion2,../fashion_data/raw/train/train/image/020193.jpg,1,0,17.31236418709159
24,DeepFashion2,../fashion_data/raw/train/train/image/021661.jpg,1,2,19.46868095546961
25,DeepFashion2,../fashion_data/raw/train/train/image/021851.jpg,1,2,19.0901942551136
26,DeepFashion2,../fashion_data/raw/train/train/image/022015.jpg,1,2,19.64913308620453
27,DeepFashion2,../fashion_data/raw/train/train/image/022171.jpg,1,1,25.91116214171052
28,DeepFashion2,../fashion_data/raw/train/train/image/023422.jpg,1,3,75.0832948833704
29,DeepFashion2,../fashion_data/raw/train/train/image/024251.jpg,1,1,18.368256278336048
30,DeepFashion2,../fashion_data/raw/train/train/image/025637.jpg,1,1,27.164177037775517
31,DeepFashion2,../fashion_data/raw/train/train/image/026481.jpg,1,0,22.156015038490295
32,DeepFashion2,../fashion_data/raw/train/train/image/027992.jpg,1,1,77.28142198175192
33,DeepFashion2,../fashion_data/raw/train/train/image/029778.jpg,1,0,18.02855171263218
34,DeepFashion2,../fashion_data/raw/train/train/image/030539.jpg,1,1,20.103685092180967
35,DeepFashion2,../fashion_data/raw/train/train/image/030915.jpg,1,0,76.62958605214953
36,DeepFashion2,../fashion_data/raw/train/train/image/031100.jpg,1,2,26.694647036492825
37,DeepFashion2,../fashion_data/raw/train/train/image/032283.jpg,1,2,18.833798356354237
38,DeepFashion2,../fashion_data/raw/train/train/image/033105.jpg,1,2,20.806296728551388
39,DeepFashion2,../fashion_data/raw/train/train/image/034082.jpg,1,1,74.86131275072694
40,DeepFashion2,../fashion_data/raw/train/train/image/034749.jpg,1,3,20.61995305120945
41,DeepFashion2,../fashion_data/raw/train/train/image/035199.jpg,1,1,73.60001187771559
42,DeepFashion2,../fashion_data/raw/train/train/image/035517.jpg,1,2,19.631049130111933
43,DeepFashion2,../fashion_data/raw/train/train/image/035861.jpg,1,5,20.587050821632147
44,DeepFashion2,../fashion_data/raw/train/train/image/036544.jpg,1,2,20.797248929739
45,DeepFashion2,../fashion_data/raw/train/train/image/036674.jpg,1,0,17.751806881278753
46,DeepFashion2,../fashion_data/raw/train/train/image/037017.jpg,1,0,19.85793886706233
47,DeepFashion2,../fashion_data/raw/train/train/image/037086.jpg,1,1,21.519267931580544
48,DeepFashion2,../fashion_data/raw/train/train/image/039006.jpg,1,2,22.303614765405655
49,DeepFashion2,../fashion_data/raw/train/train/image/039931.jpg,1,1,76.95049326866865
50,DeepFashion2,../fashion_data/raw/train/train/image/040782.jpg,1,1,19.788276869803667
51,DeepFashion2,../fashion_data/raw/train/train/image/040842.jpg,1,2,23.639527149498463
52,DeepFashion2,../fashion_data/raw/train/train/image/041482.jpg,1,0,20.59755101799965
53,DeepFashion2,../fashion_data/raw/train/train/image/041520.jpg,1,0,19.888245966285467
54,DeepFashion2,../fashion_data/raw/train/train/image/042495.jpg,1,1,19.824636168777943
55,DeepFashion2,../fashion_data/raw/train/train/image/043181.jpg,1,0,18.407460302114487
56,DeepFashion2,../fashion_data/raw/train/train/image/043213.jpg,1,3,19.957867916673422
57,DeepFashion2,../fashion_data/raw/train/train/image/043686.jpg,1,2,77.39675836637616
58,DeepFashion2,../fashion_data/raw/train/train/image/044433.jpg,1,2,22.006630897521973
59,DeepFashion2,../fashion_data/raw/train/train/image/046348.jpg,1,1,18.030104227364063
60,DeepFashion2,../fashion_data/raw/train/train/image/046633.jpg,1,2,27.737553231418133
61,DeepFashion2,../fashion_data/raw/train/train/image/048987.jpg,1,1,71.20119407773018
62,DeepFashion2,../fashion_data/raw/train/train/image/049578.jpg,1,1,20.871139131486416
63,DeepFashion2,../fashion_data/raw/train/train/image/050133.jpg,1,2,21.37491386383772
64,DeepFashion2,../fashion_data/raw/train/train/image/050829.jpg,1,2,19.118797965347767
65,DeepFashion2,../fashion_data/raw/train/train/image/051038.jpg,1,1,73.05457815527916
66,DeepFashion2,../fashion_data/raw/train/train/image/053306.jpg,1,2,73.36743967607617
67,DeepFashion2,../fashion_data/raw/train/train/image/053448.jpg,1,0,68.14624415710568
68,DeepFashion2,../fashion_data/raw/train/train/image/053896.jpg,1,0,18.674985971301794
69,DeepFashion2,../fashion_data/raw/train/train/image/055476.jpg,1,1,19.582075998187065
70,DeepFashion2,../fashion_data/raw/train/train/image/060041.jpg,1,2,20.71557380259037
71,DeepFashion2,../fashion_data/raw/train/train/image/061377.jpg,1,1,28.423774987459183
72,DeepFashion2,../fashion_data/raw/train/train/image/062914.jpg,1,2,19.565042573958635
73,DeepFashion2,../fashion_data/raw/train/train/image/063330.jpg,1,2,23.70935818180442
74,DeepFashion2,../fashion_data/raw/train/train/image/064444.jpg,1,0,19.25815222784877
75,DeepFashion2,../fashion_data/raw/train/train/image/066524.jpg,1,2,21.065677050501108
76,DeepFashion2,../fashion_data/raw/train/train/image/068565.jpg,1,0,19.032604061067104
77,DeepFashion2,../fashion_data/raw/train/train/image/068996.jpg,1,1,19.201924093067646
78,DeepFashion2,../fashion_data/raw/train/train/image/069374.jpg,1,0,69.95648285374045
79,DeepFashion2,../fashion_data/raw/train/train/image/069587.jpg,1,0,16.62439899519086
80,DeepFashion2,../fashion_data/raw/train/train/image/070551.jpg,1,0,72.89290893822908
81,DeepFashion2,../fashion_data/raw/train/train/image/072874.jpg,1,1,17.89516769349575
82,DeepFashion2,../fashion_data/raw/train/train/image/072899.jpg,1,2,17.806218937039375
83,DeepFashion2,../fashion_data/raw/train/train/image/072975.jpg,1,1,23.02659396082163
84,DeepFashion2,../fashion_data/raw/train/train/image/074407.jpg,1,1,20.908618811517954
85,DeepFashion2,../fashion_data/raw/train/train/image/074544.jpg,1,2,20.39829222485423
86,DeepFashion2,../fashion_data/raw/train/train/image/075048.jpg,1,2,18.444298766553402
87,DeepFashion2,../fashion_data/raw/train/train/image/075414.jpg,1,3,23.32373708486557
88,DeepFashion2,../fashion_data/raw/train/train/image/075511.jpg,1,0,17.776752822101116
89,DeepFashion2,../fashion_data/raw/train/train/image/075663.jpg,1,1,18.596156034618616
90,DeepFashion2,../fashion_data/raw/train/train/image/075976.jpg,1,0,18.31614598631859
91,DeepFashion2,../fashion_data/raw/train/train/image/077715.jpg,1,1,21.755144000053406
92,DeepFashion2,../fashion_data/raw/train/train/image/078672.jpg,1,2,21.024810150265694
93,DeepFashion2,../fashion_data/raw/train/train/image/079653.jpg,1,0,17.331229057163
94,DeepFashion2,../fashion_data/raw/train/train/image/080011.jpg,1,2,28.708893805742264
95,DeepFashion2,../fashion_data/raw/train/train/image/080773.jpg,1,1,20.551662892103195
96,DeepFashion2,../fashion_data/raw/train/train/image/081390.jpg,1,3,20.569046027958393
97,DeepFashion2,../fashion_data/raw/train/train/image/081541.jpg,1,1,20.26647189632058
98,DeepFashion2,../fashion_data/raw/train/train/image/081549.jpg,1,2,18.989231903105974
99,DeepFashion2,../fashion_data/raw/train/train/image/084796.jpg,1,4,21.462880074977875
100,DeepFashion2,../fashion_data/raw/train/train/image/085563.jpg,1,4,20.480206701904535
101,DeepFashion2,../fashion_data/raw/train/train/image/086697.jpg,1,1,17.965249717235565
102,DeepFashion2,../fashion_data/raw/train/train/image/087562.jpg,1,2,21.14056795835495
103,DeepFashion2,../fashion_data/raw/train/train/image/088496.jpg,1,3,20.118442364037037
104,DeepFashion2,../fashion_data/raw/train/train/image/088779.jpg,1,3,19.66429129242897
105,DeepFashion2,../fashion_data/raw/train/train/image/088853.jpg,1,1,72.55219155922532
106,DeepFashion2,../fashion_data/raw/train/train/image/089712.jpg,1,2,18.875084817409515
107,DeepFashion2,../fashion_data/raw/train/train/image/091876.jpg,1,3,21.162469871342182
108,DeepFashion2,../fashion_data/raw/train/train/image/092487.jpg,1,4,18.758824095129967
109,DeepFashion2,../fashion_data/raw/train/train/image/093489.jpg,1,2,22.05399004742503
110,DeepFashion2,../fashion_data/raw/train/train/image/094080.jpg,1,1,24.5762811973691
111,DeepFashion2,../fashion_data/raw/train/train/image/095959.jpg,1,1,20.84846468642354
112,DeepFashion2,../fashion_data/raw/train/train/image/096677.jpg,1,1,21.30981907248497
113,DeepFashion2,../fashion_data/raw/train/train/image/097072.jpg,1,2,21.592625882476568
114,DeepFashion2,../fashion_data/raw/train/train/image/097372.jpg,1,0,21.444465033710003
115,DeepFashion2,../fashion_data/raw/train/train/image/097678.jpg,1,0,24.357195012271404
116,DeepFashion2,../fashion_data/raw/train/train/image/097814.jpg,1,0,21.948139648884535
117,DeepFashion2,../fashion_data/raw/train/train/image/097970.jpg,1,1,73.16376082599163
118,DeepFashion2,../fashion_data/raw/train/train/image/098699.jpg,1,3,22.999641951173544
119,DeepFashion2,../fashion_data/raw/train/train/image/099616.jpg,1,1,21.106122992932796
120,DeepFashion2,../fashion_data/raw/train/train/image/101001.jpg,1,4,22.82734587788582
121,DeepFashion2,../fashion_data/raw/train/train/image/101410.jpg,1,0,19.079912919551134
122,DeepFashion2,../fashion_data/raw/train/train/image/101691.jpg,1,2,19.926647655665874
123,DeepFashion2,../fashion_data/raw/train/train/image/101965.jpg,1,7,24.949949234724045
124,DeepFashion2,../fashion_data/raw/train/train/image/103585.jpg,1,2,24.06293712556362
125,DeepFashion2,../fashion_data/raw/train/train/image/103669.jpg,1,2,19.787834025919437
126,DeepFashion2,../fashion_data/raw/train/train/image/103900.jpg,1,2,19.48879798874259
127,DeepFashion2,../fashion_data/raw/train/train/image/103981.jpg,1,1,18.202239647507668
128,DeepFashion2,../fashion_data/raw/train/train/image/105675.jpg,1,2,18.64984817802906
129,DeepFashion2,../fashion_data/raw/train/train/image/106984.jpg,1,2,21.92115830257535
130,DeepFashion2,../fashion_data/raw/train/train/image/107020.jpg,1,1,29.877527616918087
131,DeepFashion2,../fashion_data/raw/train/train/image/108419.jpg,1,1,20.932654850184917
132,DeepFashion2,../fashion_data/raw/train/train/image/109570.jpg,1,0,15.526136849075556
133,DeepFashion2,../fashion_data/raw/train/train/image/110451.jpg,1,0,17.25035486742854
134,DeepFashion2,../fashion_data/raw/train/train/image/111518.jpg,1,1,21.030059084296227
135,DeepFashion2,../fashion_data/raw/train/train/image/111944.jpg,1,1,19.303837791085243
136,DeepFashion2,../fashion_data/raw/train/train/image/115766.jpg,1,0,19.326068926602602
137,DeepFashion2,../fashion_data/raw/train/train/image/118508.jpg,1,1,20.947141107171774
138,DeepFashion2,../fashion_data/raw/train/train/image/118514.jpg,1,0,19.468309357762337
139,DeepFashion2,../fashion_data/raw/train/train/image/119318.jpg,1,1,18.78896215930581
140,DeepFashion2,../fashion_data/raw/train/train/image/119420.jpg,1,1,21.242001093924046
141,DeepFashion2,../fashion_data/raw/train/train/image/119698.jpg,1,1,17.90760038420558
142,DeepFashion2,../fashion_data/raw/train/train/image/119825.jpg,1,3,18.790002912282944
143,DeepFashion2,../fashion_data/raw/train/train/image/122874.jpg,1,2,19.09249695017934
144,DeepFashion2,../fashion_data/raw/train/train/image/123996.jpg,1,2,19.707462284713984
145,DeepFashion2,../fashion_data/raw/train/train/image/124000.jpg,1,1,17.619374208152294
146,DeepFashion2,../fashion_data/raw/train/train/image/124376.jpg,1,2,73.49378382787108
147,DeepFashion2,../fashion_data/raw/train/train/image/124649.jpg,1,0,17.775961197912693
148,DeepFashion2,../fashion_data/raw/train/train/image/124654.jpg,1,3,22.79099589213729
149,DeepFashion2,../fashion_data/raw/train/train/image/125522.jpg,1,3,26.598171796649694
150,DeepFashion2,../fashion_data/raw/train/train/image/125781.jpg,1,2,17.754770815372467
151,DeepFashion2,../fashion_data/raw/train/train/image/125786.jpg,1,1,18.750848714262247
152,DeepFashion2,../fashion_data/raw/train/train/image/125906.jpg,1,3,22.16944796964526
153,DeepFashion2,../fashion_data/raw/train/train/image/125923.jpg,1,1,19.496091175824404
154,DeepFashion2,../fashion_data/raw/train/train/image/126631.jpg,1,0,19.983334932476282
155,DeepFashion2,../fashion_data/raw/train/train/image/128253.jpg,1,1,20.905091892927885
156,DeepFashion2,../fashion_data/raw/train/train/image/128608.jpg,1,1,17.799154855310917
157,DeepFashion2,../fashion_data/raw/train/train/image/130381.jpg,1,0,18.841540906578302
158,DeepFashion2,../fashion_data/raw/train/train/image/130702.jpg,1,1,17.898923717439175
159,DeepFashion2,../fashion_data/raw/train/train/image/130980.jpg,1,2,18.81532184779644
160,DeepFashion2,../fashion_data/raw/train/train/image/131577.jpg,1,1,19.58741480484605
161,DeepFashion2,../fashion_data/raw/train/train/image/132895.jpg,1,4,20.627454854547977
162,DeepFashion2,../fashion_data/raw/train/train/image/133015.jpg,1,0,19.446496851742268
163,DeepFashion2,../fashion_data/raw/train/train/image/133136.jpg,1,2,22.378353867679834
164,DeepFashion2,../fashion_data/raw/train/train/image/133235.jpg,1,2,19.150706939399242
165,DeepFashion2,../fashion_data/raw/train/train/image/133276.jpg,1,3,21.207012701779604
166,DeepFashion2,../fashion_data/raw/train/train/image/134988.jpg,1,2,22.264698054641485
167,DeepFashion2,../fashion_data/raw/train/train/image/135480.jpg,1,0,18.462201114743948
168,DeepFashion2,../fashion_data/raw/train/train/image/135885.jpg,1,0,18.594211898744106
169,DeepFashion2,../fashion_data/raw/train/train/image/135934.jpg,1,2,20.946879871189594
170,DeepFashion2,../fashion_data/raw/train/train/image/135937.jpg,1,0,17.192555125802755
171,DeepFashion2,../fashion_data/raw/train/train/image/136524.jpg,1,1,21.851796191185713
172,DeepFashion2,../fashion_data/raw/train/train/image/137266.jpg,1,1,17.924342304468155
173,DeepFashion2,../fashion_data/raw/train/train/image/138553.jpg,1,4,23.004319984465837
174,DeepFashion2,../fashion_data/raw/train/train/image/139497.jpg,1,3,21.64432220160961
175,DeepFashion2,../fashion_data/raw/train/train/image/139827.jpg,1,1,19.424756057560444
176,DeepFashion2,../fashion_data/raw/train/train/image/140249.jpg,1,3,20.017558708786964
177,DeepFashion2,../fashion_data/raw/train/train/image/141653.jpg,1,3,21.772546228021383
178,DeepFashion2,../fashion_data/raw/train/train/image/141721.jpg,1,4,21.030479110777378
179,DeepFashion2,../fashion_data/raw/train/train/image/142272.jpg,1,3,19.69210198149085
180,DeepFashion2,../fashion_data/raw/train/train/image/142660.jpg,1,2,19.51889367774129
181,DeepFashion2,../fashion_data/raw/train/train/image/144966.jpg,1,3,29.565945733338594
182,DeepFashion2,../fashion_data/raw/train/train/image/145118.jpg,1,0,16.85242122039199
183,DeepFashion2,../fashion_data/raw/train/train/image/145247.jpg,1,1,19.343221094459295
184,DeepFashion2,../fashion_data/raw/train/train/image/145484.jpg,1,1,20.22927114740014
185,DeepFashion2,../fashion_data/raw/train/train/image/146606.jpg,1,0,17.279639840126038
186,DeepFashion2,../fashion_data/raw/train/train/image/147653.jpg,1,0,18.067923840135336
187,DeepFashion2,../fashion_data/raw/train/train/image/149160.jpg,1,3,19.833629950881004
188,DeepFashion2,../fashion_data/raw/train/train/image/150634.jpg,1,1,19.112874753773212
189,DeepFashion2,../fashion_data/raw/train/train/image/151041.jpg,1,2,22.18148997053504
190,DeepFashion2,../fashion_data/raw/train/train/image/151469.jpg,1,0,20.67994512617588
191,DeepFashion2,../fashion_data/raw/train/train/image/151470.jpg,1,1,18.109743017703295
192,DeepFashion2,../fashion_data/raw/train/train/image/151693.jpg,1,0,17.850131262093782
193,DeepFashion2,../fashion_data/raw/train/train/image/151882.jpg,1,4,22.484414745122194
194,DeepFashion2,../fashion_data/raw/train/train/image/152851.jpg,1,1,17.408312764018774
195,DeepFashion2,../fashion_data/raw/train/train/image/154454.jpg,1,1,17.464159056544304
196,DeepFashion2,../fashion_data/raw/train/train/image/154827.jpg,1,2,20.378422923386097
197,DeepFashion2,../fashion_data/raw/train/train/image/155150.jpg,1,2,18.375988118350506
198,DeepFashion2,../fashion_data/raw/train/train/image/155942.jpg,1,4,21.514566149562597
199,DeepFashion2,../fashion_data/raw/train/train/image/156172.jpg,1,1,20.474786404520273
200,DeepFashion2,../fashion_data/raw/train/train/image/156351.jpg,1,1,22.72954909130931
201,DeepFashion2,../fashion_data/raw/train/train/image/156930.jpg,1,6,29.349886812269688
202,DeepFashion2,../fashion_data/raw/train/train/image/157158.jpg,1,2,21.91156893968582
203,DeepFashion2,../fashion_data/raw/train/train/image/157361.jpg,1,3,19.94251599535346
204,DeepFashion2,../fashion_data/raw/train/train/image/158699.jpg,1,1,16.841448843479156
205,DeepFashion2,../fashion_data/raw/train/train/image/158869.jpg,1,7,22.36043894663453
206,DeepFashion2,../fashion_data/raw/train/train/image/163136.jpg,1,3,20.27655905112624
207,DeepFashion2,../fashion_data/raw/train/train/image/163902.jpg,1,4,23.052561096847057
208,DeepFashion2,../fashion_data/raw/train/train/image/164987.jpg,1,0,18.030181992799044
209,DeepFashion2,../fashion_data/raw/train/train/image/165526.jpg,1,1,17.270642798393965
210,DeepFashion2,../fashion_data/raw/train/train/image/165686.jpg,1,1,22.206316702067852
211,DeepFashion2,../fashion_data/raw/train/train/image/166052.jpg,1,2,20.395133644342422
212,DeepFashion2,../fashion_data/raw/train/train/image/166308.jpg,1,1,16.85619680210948
213,DeepFashion2,../fashion_data/raw/train/train/image/166981.jpg,1,2,18.77270871773362
214,DeepFashion2,../fashion_data/raw/train/train/image/167285.jpg,1,0,14.845135156065226
215,DeepFashion2,../fashion_data/raw/train/train/image/168853.jpg,1,2,21.051598247140646
216,DeepFashion2,../fashion_data/raw/train/train/image/169170.jpg,1,0,15.422780066728592
217,DeepFashion2,../fashion_data/raw/train/train/image/170129.jpg,1,3,20.09563660249114
218,DeepFashion2,../fashion_data/raw/train/train/image/170967.jpg,1,1,25.04066890105605
219,DeepFashion2,../fashion_data/raw/train/train/image/173516.jpg,1,2,18.746239133179188
220,DeepFashion2,../fashion_data/raw/train/train/image/174532.jpg,1,0,18.969241995364428
221,DeepFashion2,../fashion_data/raw/train/train/image/174644.jpg,1,1,19.59338504821062
222,DeepFashion2,../fashion_data/raw/train/train/image/176028.jpg,1,1,19.304116256535053
223,DeepFashion2,../fashion_data/raw/train/train/image/176387.jpg,1,1,21.23680990189314
224,DeepFashion2,../fashion_data/raw/train/train/image/176527.jpg,1,1,20.019190851598978
225,DeepFashion2,../fashion_data/raw/train/train/image/177014.jpg,1,0,18.449606839567423
226,DeepFashion2,../fashion_data/raw/train/train/image/177143.jpg,1,4,24.346522986888885
227,DeepFashion2,../fashion_data/raw/train/train/image/178531.jpg,1,0,17.140616197139025
228,DeepFashion2,../fashion_data/raw/train/train/image/179042.jpg,1,3,22.274155169725418
229,DeepFashion2,../fashion_data/raw/train/train/image/179047.jpg,1,2,21.58184302970767
230,DeepFashion2,../fashion_data/raw/train/train/image/179803.jpg,1,1,19.11795325577259
231,DeepFashion2,../fashion_data/raw/train/train/image/180680.jpg,1,2,21.28569222986698
232,DeepFashion2,../fashion_data/raw/train/train/image/181040.jpg,1,4,21.12533710896969
233,DeepFashion2,../fashion_data/raw/train/train/image/181324.jpg,1,0,16.791364178061485
234,DeepFashion2,../fashion_data/raw/train/train/image/181559.jpg,1,3,23.79138022661209
235,DeepFashion2,../fashion_data/raw/train/train/image/183131.jpg,1,1,18.444137182086706
236,DeepFashion2,../fashion_data/raw/train/train/image/183243.jpg,1,0,16.995690762996674
237,DeepFashion2,../fashion_data/raw/train/train/image/184161.jpg,1,2,21.999404300004244
238,DeepFashion2,../fashion_data/raw/train/train/image/185467.jpg,1,2,22.01417228206992
239,DeepFashion2,../fashion_data/raw/train/train/image/186306.jpg,1,2,21.805366035550833
240,DeepFashion2,../fashion_data/raw/train/train/image/186391.jpg,1,0,17.557234968990088
241,DeepFashion2,../fashion_data/raw/train/train/image/187397.jpg,1,1,19.599215127527714
242,DeepFashion2,../fashion_data/raw/train/train/image/187422.jpg,1,2,21.377434954047203
243,DeepFashion2,../fashion_data/raw/train/train/image/187488.jpg,1,3,21.076303906738758
244,DeepFashion2,../fashion_data/raw/train/train/image/187981.jpg,1,1,21.96084102615714
245,DeepFashion2,../fashion_data/raw/train/train/image/189034.jpg,1,1,19.076094031333923
246,DeepFashion2,../fashion_data/raw/train/train/image/189186.jpg,1,3,20.991153083741665
247,DeepFashion2,../fashion_data/raw/train/train/image/189305.jpg,1,1,19.189779181033373
248,DeepFashion2,../fashion_data/raw/train/train/image/189928.jpg,1,1,20.326673984527588
249,DeepFashion2,../fashion_data/raw/train/train/image/191328.jpg,1,4,21.383607294410467
250,Fashionpedia,../fashion_data/raw/fashionpedia/images/test/0205895cfbb5348d94fda8ce32272fa5.jpg,1,3,20.425801631063223
251,Fashionpedia,../fashion_data/raw/fashionpedia/images/test/02b4423e161fa2409974174ec53cdb2a.jpg,1,0,19.048571586608887
252,Fashionpedia,../fashion_data/raw/fashionpedia/images/test/030cfd158b49ff622c71bdf9aa30f39a.jpg,1,2,20.717784762382507
253,Fashionpedia,../fashion_data/raw/fashionpedia/images/test/0544acba02e8776a56fde74f83633c21.jpg,1,2,76.57877402380109
254,Fashionpedia,../fashion_data/raw/fashionpedia/images/test/0548e689638d1e559179b34bc895b72f.jpg,1,1,19.93344770744443
255,Fashionpedia,../fashion_data/raw/fashionpedia/images/test/0617757485dad98ded988c6e101c8bf2.jpg,1,1,22.30418100953102
256,Fashionpedia,../fashion_data/raw/fashionpedia/images/test/064c8022b32931e787260d81ed5aafe8.jpg,1,2,18.086947966367006
257,Fashionpedia,../fashion_data/raw/fashionpedia/images/test/069223d02dcbfbe69af905daeb7fae26.jpg,1,0,19.235847052186728
258,Fashionpedia,../fashion_data/raw/fashionpedia/images/test/0a4aae5ecd970a120bfcc6b377b6e187.jpg,1,6,22.988568991422653
259,Fashionpedia,../fashion_data/raw/fashionpedia/images/test/0a563d036018e91cd9b5899adb50ec18.jpg,1,1,18.74909270554781
260,Fashionpedia,../fashion_data/raw/fashionpedia/images/test/0b915f1e29a2e2dacf96aacd3cb6a3cc.jpg,1,3,21.94252610206604
261,Fashionpedia,../fashion_data/raw/fashionpedia/images/test/0ba0216e6879f8b433d0897a77cff984.jpg,1,1,22.10609568282962
262,Fashionpedia,../fashion_data/raw/fashionpedia/images/test/0c6cf79ffbf7f14a266d0f0f21219447.jpg,1,2,22.12123479694128
263,Fashionpedia,../fashion_data/raw/fashionpedia/images/test/0e5ecf98835cbd0dddd1b45c788005c3.jpg,1,2,20.9804717451334
264,Fashionpedia,../fashion_data/raw/fashionpedia/images/test/0ff1ad48b959df32af38f42cef26d361.jpg,1,2,20.799859892576933
265,Fashionpedia,../fashion_data/raw/fashionpedia/images/test/18b2f32e876170304b2b6860ae127ba5.jpg,1,2,22.042294964194298
266,Fashionpedia,../fashion_data/raw/fashionpedia/images/test/18c07033fd67225df16d98e9f6975fc9.jpg,1,2,18.690193071961403
267,Fashionpedia,../fashion_data/raw/fashionpedia/images/test/19b88ca66e3ab754d3b6aa7d5e2f0a83.jpg,1,3,19.878423772752285
268,Fashionpedia,../fashion_data/raw/fashionpedia/images/test/1c1b439e448879f805e8c827605ec96b.jpg,1,2,21.449320949614048
269,Fashionpedia,../fashion_data/raw/fashionpedia/images/test/1e54ccbc575eac627de68b221913fc52.jpg,1,2,17.79844192788005
270,Fashionpedia,../fashion_data/raw/fashionpedia/images/test/1ee26a858200fa98bef04c950dad233a.jpg,1,4,20.749084651470184
271,Fashionpedia,../fashion_data/raw/fashionpedia/images/test/1f1e21e9d1206809d4f20ef5e6d2ddef.jpg,1,2,19.902358762919903
272,Fashionpedia,../fashion_data/raw/fashionpedia/images/test/1f6b96f7f298903a77fa747ea4fe8840.jpg,1,3,75.35761827602983
273,Fashionpedia,../fashion_data/raw/fashionpedia/images/test/1fd63362ced55967a97a324928583339.jpg,1,0,29.88535910844803
274,Fashionpedia,../fashion_data/raw/fashionpedia/images/test/219a6c846e208bbad39f71ddab96408a.jpg,1,1,19.4402732886374
275,Fashionpedia,../fashion_data/raw/fashionpedia/images/test/25e92d53394ac92b6b9edbbfe7cb0e1e.jpg,1,1,23.48797395825386
276,Fashionpedia,../fashion_data/raw/fashionpedia/images/test/25fb92c0d8ca2d4d159bfcd674b484d8.jpg,1,1,18.09019409120083
277,Fashionpedia,../fashion_data/raw/fashionpedia/images/test/26168da8556dab9641084df526c39ced.jpg,1,3,21.814181935042143
278,Fashionpedia,../fashion_data/raw/fashionpedia/images/test/2aa229d7589a06e59c4eb1f05162f9ab.jpg,1,3,77.20620185136795
279,Fashionpedia,../fashion_data/raw/fashionpedia/images/test/2bb3700b00be0b5dc63b73da24501546.jpg,1,2,22.989419754594564
280,Fashionpedia,../fashion_data/raw/fashionpedia/images/test/33a5bdedbd732f7fdd89d558b78707ef.jpg,1,4,21.96931606158614
281,Fashionpedia,../fashion_data/raw/fashionpedia/images/test/33e7a5f7f47b7bb2bf6d3549eedde5fd.jpg,1,0,18.965082708746195
282,Fashionpedia,../fashion_data/raw/fashionpedia/images/test/3421d3316a1b5e3e0eba67a600201806.jpg,1,2,21.69942483305931
283,Fashionpedia,../fashion_data/raw/fashionpedia/images/test/347c5d77fb5cea10e3bb9d604b40e141.jpg,1,1,19.08271573483944
284,Fashionpedia,../fashion_data/raw/fashionpedia/images/test/35980d446169c38a1ebe02324dc0df36.jpg,1,2,19.814081955701113
285,Fashionpedia,../fashion_data/raw/fashionpedia/images/test/387a049fc5d151a2c6c2444a44211d5c.jpg,1,1,19.47725284844637
286,Fashionpedia,../fashion_data/raw/fashionpedia/images/test/3990300351c44307a56a9263b1d9f346.jpg,1,3,21.40331268310547
287,Fashionpedia,../fashion_data/raw/fashionpedia/images/test/3a363533069e4150d6fd215abb73dd08.jpg,1,3,23.697922937572002
288,Fashionpedia,../fashion_data/raw/fashionpedia/images/test/3ae36909e5aa4ad018b2601797debf94.jpg,1,4,21.19120117276907
289,Fashionpedia,../fashion_data/raw/fashionpedia/images/test/3c9135567d29729161aa465507e5efad.jpg,1,2,20.597485825419426
290,Fashionpedia,../fashion_data/raw/fashionpedia/images/test/3c9745ee71fdc72c43f9baec5f9e27f0.jpg,1,2,21.631406154483557
291,Fashionpedia,../fashion_data/raw/fashionpedia/images/test/3ce04e48660ed6d21aee863f674486b7.jpg,1,2,17.962702084332705
292,Fashionpedia,../fashion_data/raw/fashionpedia/images/test/3d2c62435d6f70d51721670bc5e60ad2.jpg,1,2,18.808736000210047
293,Fashionpedia,../fashion_data/raw/fashionpedia/images/test/420f153001eb2e37269ae974b9f7665e.jpg,1,0,18.159294966608286
294,Fashionpedia,../fashion_data/raw/fashionpedia/images/test/42668f83c24465ba79d25eb2a8790050.jpg,1,4,23.613090626895428
295,Fashionpedia,../fashion_data/raw/fashionpedia/images/test/474d53c6c7a10c536cb49d55104211bf.jpg,1,0,20.187227986752987
296,Fashionpedia,../fashion_data/raw/fashionpedia/images/test/4a218fbe91f6d17267cdbb255d4d8900.jpg,1,3,20.787436049431562
297,Fashionpedia,../fashion_data/raw/fashionpedia/images/test/4aa62ca489ce6e163ca8400d4c96b569.jpg,1,4,22.675944957882166
298,Fashionpedia,../fashion_data/raw/fashionpedia/images/test/4aa6626a5183e3072b74ee07f75e07b6.jpg,1,1,19.171172752976418
299,Fashionpedia,../fashion_data/raw/fashionpedia/images/test/4c528816dbb9d5ba947d10b145fcb5f1.jpg,1,1,19.362905994057655
300,Fashionpedia,../fashion_data/raw/fashionpedia/images/test/4d200cb316a6260257ce84b37e25161c.jpg,1,2,22.648612968623638
301,Fashionpedia,../fashion_data/raw/fashionpedia/images/test/5285f0cc22e6b24ebf7597921f1e792f.jpg,1,2,24.102739058434963
302,Fashionpedia,../fashion_data/raw/fashionpedia/images/test/5335b8ea8a70be860bc310864bc7d8d1.jpg,1,4,24.698719382286072
303,Fashionpedia,../fashion_data/raw/fashionpedia/images/test/53638f7d3a9adcd5e93a4ade8f1ed552.jpg,1,3,20.55905293673277
304,Fashionpedia,../fashion_data/raw/fashionpedia/images/test/5446d1fd42c4c2baac5bc3ae647b2f7d.jpg,1,2,20.81455709412694
305,Fashionpedia,../fashion_data/raw/fashionpedia/images/test/590d516a191a9f1013976798dda97d36.jpg,1,3,21.21318271383643
306,Fashionpedia,../fashion_data/raw/fashionpedia/images/test/59972d4827e58fd77ceac9dd7f0b42c7.jpg,1,0,18.60985904932022
307,Fashionpedia,../fashion_data/raw/fashionpedia/images/test/5ada94993430e73f1e6967d5ce2aecad.jpg,1,1,16.814676113426685
308,Fashionpedia,../fashion_data/raw/fashionpedia/images/test/5d5d3fb33612b0794f06003d8abe2a3e.jpg,1,0,20.282217767089605
309,Fashionpedia,../fashion_data/raw/fashionpedia/images/test/5d7f5a1b4d12d8931d03c3e7e1060689.jpg,1,2,25.468507315963507
310,Fashionpedia,../fashion_data/raw/fashionpedia/images/test/5dbc92d79e36f8af3824a776b28b97d0.jpg,1,0,18.7157797627151
311,Fashionpedia,../fashion_data/raw/fashionpedia/images/test/6469f5b56cb9ab713851fcd9116923c1.jpg,1,2,70.41796389967203
312,Fashionpedia,../fashion_data/raw/fashionpedia/images/test/65cb75a24d64e835888e2824b1baaacc.jpg,1,2,19.848384894430637
313,Fashionpedia,../fashion_data/raw/fashionpedia/images/test/6612b7476f511c5cd1eb1086f2b7ba39.jpg,1,3,23.378676269203424
314,Fashionpedia,../fashion_data/raw/fashionpedia/images/test/6d734ccae856df8a0bf85bb3f658bbbb.jpg,1,4,22.636880166828632
315,Fashionpedia,../fashion_data/raw/fashionpedia/images/test/6e2652e279a03035a8a0190ba461d247.jpg,1,5,23.011912126094103
316,Fashionpedia,../fashion_data/raw/fashionpedia/images/test/6f7e3162e9690967035c75bdbb9b0aea.jpg,1,5,21.43134642392397
317,Fashionpedia,../fashion_data/raw/fashionpedia/images/test/70e000fc740fd51671f257453e5d4ef1.jpg,1,3,22.59811805561185
318,Fashionpedia,../fashion_data/raw/fashionpedia/images/test/7229de52add8dfb593d50f63cc39df10.jpg,1,0,20.209018606692553
319,Fashionpedia,../fashion_data/raw/fashionpedia/images/test/733128db0ce4f09443fc561514458c7f.jpg,1,2,18.286394886672497
320,Fashionpedia,../fashion_data/raw/fashionpedia/images/test/78c76bd3d70e760b4b59fde91b1cc03f.jpg,1,2,21.87144011259079
321,Fashionpedia,../fashion_data/raw/fashionpedia/images/test/790cc5b2e3f130e9f45cde050b74c055.jpg,1,2,22.326703183352947
322,Fashionpedia,../fashion_data/raw/fashionpedia/images/test/7d9a766f0de2a8aab3004ac1bee9768f.jpg,1,3,20.930396392941475
323,Fashionpedia,../fashion_data/raw/fashionpedia/images/test/7ecf591cf3e21e72ea2718e3869f5768.jpg,1,1,18.293168861418962
324,Fashionpedia,../fashion_data/raw/fashionpedia/images/test/7edab506f7628da58ac683b6b9554d2d.jpg,1,1,17.11656805127859
325,Fashionpedia,../fashion_data/raw/fashionpedia/images/test/841690826ff84fb6ca2f6ed238a6be77.jpg,1,2,20.57049423456192
326,Fashionpedia,../fashion_data/raw/fashionpedia/images/test/8623733272199d95726231fd6dcdc7bf.jpg,1,3,19.799512811005116
327,Fashionpedia,../fashion_data/raw/fashionpedia/images/test/899f2cf99bf2589cb5f037792f6f35ae.jpg,1,2,20.09498281404376
328,Fashionpedia,../fashion_data/raw/fashionpedia/images/test/8b0f9bec3b8c5793bf116e1e5e502072.jpg,1,0,16.645816154778004
329,Fashionpedia,../fashion_data/raw/fashionpedia/images/test/8b5635d5a5331e26d0e5135a068976ee.jpg,1,1,18.678348045796156
330,Fashionpedia,../fashion_data/raw/fashionpedia/images/test/8c6c8abea5d5a128ca8834600b2aeddc.jpg,1,2,23.53653497993946
331,Fashionpedia,../fashion_data/raw/fashionpedia/images/test/8cd47ea6b100369f44879e44ba5950c7.jpg,1,0,19.876688718795776
332,Fashionpedia,../fashion_data/raw/fashionpedia/images/test/8e13b4bba964e3d1fc2eba6e30975f06.jpg,1,1,19.017630722373724
333,Fashionpedia,../fashion_data/raw/fashionpedia/images/test/8fd977cccd42dde5ebe8785b3929f801.jpg,1,0,19.892839714884758
334,Fashionpedia,../fashion_data/raw/fashionpedia/images/test/91d2989ccce4a5b3e4789f48b4e05a68.jpg,1,3,21.31793089210987
335,Fashionpedia,../fashion_data/raw/fashionpedia/images/test/923d9f0cbf8310c92e7949638ac59fdc.jpg,1,1,23.283045273274183
336,Fashionpedia,../fashion_data/raw/fashionpedia/images/test/93689df6d05b8406fcf9083057344e3e.jpg,1,2,20.108649041503668
337,Fashionpedia,../fashion_data/raw/fashionpedia/images/test/981fa1400f6240e4a3d5082b95b667a2.jpg,1,1,19.224322866648436
338,Fashionpedia,../fashion_data/raw/fashionpedia/images/test/992c89a774b9f246db9ab54865273b26.jpg,1,1,20.03771485760808
339,Fashionpedia,../fashion_data/raw/fashionpedia/images/test/9a755d94e00922406ee34010fac8eec5.jpg,1,3,20.471295807510614
340,Fashionpedia,../fashion_data/raw/fashionpedia/images/test/a13f7be475e3cf371b342c0f2e320836.jpg,1,2,19.19192122295499
341,Fashionpedia,../fashion_data/raw/fashionpedia/images/test/a4222aa94c4ed6f7e3a36f553505249b.jpg,1,2,23.01498595625162
342,Fashionpedia,../fashion_data/raw/fashionpedia/images/test/aaf6934258f226a68996b5922fa3f038.jpg,1,2,17.73548126220703
343,Fashionpedia,../fashion_data/raw/fashionpedia/images/test/ac0bb60c85a2a9a02d525f900316cda2.jpg,1,2,18.425829242914915
344,Fashionpedia,../fashion_data/raw/fashionpedia/images/test/ac257ddc35bb18760df07544ca327129.jpg,1,2,19.961920101195574
345,Fashionpedia,../fashion_data/raw/fashionpedia/images/test/af8be1edbef6e48a88325ebf63cb48f1.jpg,1,4,21.172654815018177
346,Fashionpedia,../fashion_data/raw/fashionpedia/images/test/b0ed46a2ed52c32e7a1c2c47cebf3f70.jpg,1,2,19.634028896689415
347,Fashionpedia,../fashion_data/raw/fashionpedia/images/test/b56a57edff4230c68e1d4296cc345718.jpg,1,0,23.119544610381126
348,Fashionpedia,../fashion_data/raw/fashionpedia/images/test/b5afca4e7afe32cd8d4e7ba62da456bd.jpg,1,1,22.6654140278697
349,Fashionpedia,../fashion_data/raw/fashionpedia/images/test/b6b563c14cfb7911932d24d22ffe5041.jpg,1,2,19.496499095112085
350,Fashionpedia,../fashion_data/raw/fashionpedia/images/test/b71711424f189b2279045ba925231bc8.jpg,1,2,18.61240202561021
351,Fashionpedia,../fashion_data/raw/fashionpedia/images/test/b9d34d7ecfc267888ad6eb0f20af3792.jpg,1,3,19.870497286319733
352,Fashionpedia,../fashion_data/raw/fashionpedia/images/test/bd8d3293d99b77a3fa0ec0dd058235dc.jpg,1,5,21.685547195374966
353,Fashionpedia,../fashion_data/raw/fashionpedia/images/test/bf916c006f8adb3c0a45b5a7bfe4d782.jpg,1,4,22.62681070715189
354,Fashionpedia,../fashion_data/raw/fashionpedia/images/test/c085fb2b093eeb52041884c9ea51cc65.jpg,1,5,21.587301045656204
355,Fashionpedia,../fashion_data/raw/fashionpedia/images/test/c2d80480b743d45143725a5c223c16d9.jpg,1,2,21.17308508604765
356,Fashionpedia,../fashion_data/raw/fashionpedia/images/test/c31564bf88c1d02aa8cb1e886ccaadef.jpg,1,0,18.120720982551575
357,Fashionpedia,../fashion_data/raw/fashionpedia/images/test/c4495c86c19fedfdf2fefb74d43fdd6d.jpg,1,3,23.82100373506546
358,Fashionpedia,../fashion_data/raw/fashionpedia/images/test/c49c54015b966bc7220c18569088e5ea.jpg,1,0,16.679679974913597
359,Fashionpedia,../fashion_data/raw/fashionpedia/images/test/c61d5cca2c2a6e5f06a6ff26689e8f89.jpg,1,1,19.117319025099277
360,Fashionpedia,../fashion_data/raw/fashionpedia/images/test/c71725f6c3b33f109c76c4d356efb90b.jpg,1,2,18.952236976474524
361,Fashionpedia,../fashion_data/raw/fashionpedia/images/test/c829a692db2ec7013e3eb242b430a2d8.jpg,1,4,21.279707085341215
362,Fashionpedia,../fashion_data/raw/fashionpedia/images/test/cd49344a73f9e61527b4ef120e1ddfd0.jpg,1,3,22.968638222664595
363,Fashionpedia,../fashion_data/raw/fashionpedia/images/test/ce07236c7bdb9f4d04df57c3a7967959.jpg,1,3,20.64540609717369
364,Fashionpedia,../fashion_data/raw/fashionpedia/images/test/d451b646b79628026a369c045ed54462.jpg,1,2,18.8568658195436
365,Fashionpedia,../fashion_data/raw/fashionpedia/images/test/d47f5c8a886204cd7b315af23ce90b4e.jpg,1,2,19.335633143782616
366,Fashionpedia,../fashion_data/raw/fashionpedia/images/test/d8b36f1be818f71a0ab4224b829c1210.jpg,1,2,21.93584106862545
367,Fashionpedia,../fashion_data/raw/fashionpedia/images/test/db85f62492da69d793339b2c124e7abb.jpg,1,1,22.863679099828005
368,Fashionpedia,../fashion_data/raw/fashionpedia/images/test/dcee0c0b136a4e8a004fef599a4c96f3.jpg,1,3,19.138278905302286
369,Fashionpedia,../fashion_data/raw/fashionpedia/images/test/de3856d93bf781545f6453afbbeef077.jpg,1,1,20.051189232617617
370,Fashionpedia,../fashion_data/raw/fashionpedia/images/test/de92afe62c9c4670a48c6c3e43440323.jpg,1,3,20.342661999166012
371,Fashionpedia,../fashion_data/raw/fashionpedia/images/test/e14733841b04c64e75789a91fbe549b3.jpg,1,1,19.311597105115652
372,Fashionpedia,../fashion_data/raw/fashionpedia/images/test/e18e46ee82d41e1a8bad90e817212331.jpg,1,2,21.766128949820995
373,Fashionpedia,../fashion_data/raw/fashionpedia/images/test/e1c633bb82c74fbfc7504a7186c97751.jpg,1,2,23.11109798029065
374,Fashionpedia,../fashion_data/raw/fashionpedia/images/test/e4de7821071dd5b1baa80bb9813a8895.jpg,1,4,21.16488991305232
375,Fashionpedia,../fashion_data/raw/fashionpedia/images/test/e58b172581a1b2e4d7ed70620b23d2be.jpg,1,5,22.12965814396739
376,Fashionpedia,../fashion_data/raw/fashionpedia/images/test/e636280e96f3863157a4398c92fc299e.jpg,1,1,19.215093925595284
377,Fashionpedia,../fashion_data/raw/fashionpedia/images/test/e6468d04328e93755f40b49190b3f801.jpg,1,2,20.43674001470208
378,Fashionpedia,../fashion_data/raw/fashionpedia/images/test/e73b13b557ab167a05cb10ed45decf52.jpg,1,1,17.513019032776356
379,Fashionpedia,../fashion_data/raw/fashionpedia/images/test/e9276aedf39f09ebe6ded9e203982fea.jpg,1,5,23.71071418747306
380,Fashionpedia,../fashion_data/raw/fashionpedia/images/test/e9e415310c10ee05c1ebbf0f013c9269.jpg,1,1,16.59666234627366
381,Fashionpedia,../fashion_data/raw/fashionpedia/images/test/eb20c87403d09323d402b3461afbdb0e.jpg,1,2,22.030028980225325
382,Fashionpedia,../fashion_data/raw/fashionpedia/images/test/ebf78f93576a0c6222dc50801fd113c6.jpg,1,0,21.136324852705002
383,Fashionpedia,../fashion_data/raw/fashionpedia/images/test/ec87f9472aa1aa6a6fb6fa44add1357a.jpg,1,0,19.204703625291586
384,Fashionpedia,../fashion_data/raw/fashionpedia/images/test/ee8429febbbf2ceb90270629d0ae0850.jpg,1,3,21.577001083642244
385,Fashionpedia,../fashion_data/raw/fashionpedia/images/test/ef9f506c8d4345edbb63f7fb54bb2cf5.jpg,1,1,18.867276143282652
386,Fashionpedia,../fashion_data/raw/fashionpedia/images/test/f33e666940ab7cb29212a29d4feda8ad.jpg,1,2,18.448491115123034
387,Fashionpedia,../fashion_data/raw/fashionpedia/images/test/f43143d9807fbb2948474f68d8c6f550.jpg,1,0,21.134832873940468
388,Fashionpedia,../fashion_data/raw/fashionpedia/images/test/f4c8049f436b7edcb26c01d3219e14c2.jpg,1,0,18.281445372849703
389,Fashionpedia,../fashion_data/raw/fashionpedia/images/test/f57152e44f9348050d59a71f9ca7f220.jpg,1,0,74.95366409420967
390,Fashionpedia,../fashion_data/raw/fashionpedia/images/test/f8a4762ebff45ddd567bdb9dbb41d0b6.jpg,1,0,19.002131186425686
391,Fashionpedia,../fashion_data/raw/fashionpedia/images/test/f90c231e3eab5e147368c77592b6a7f7.jpg,1,3,23.51539395749569
392,Fashionpedia,../fashion_data/raw/fashionpedia/images/test/fa3e88c6a313433dd7884ce0abb5d27e.jpg,1,3,24.896081071346998
393,Fashionpedia,../fashion_data/raw/fashionpedia/images/test/fa798612385be732aa8a70fb56d8bed0.jpg,1,1,18.602954223752022
394,Fashionpedia,../fashion_data/raw/fashionpedia/images/test/fa8cbbf127e163a2f512399049509d90.jpg,1,1,20.707963034510612
395,Fashionpedia,../fashion_data/raw/fashionpedia/images/test/faef680c9ba90bd6852e6bc759341896.jpg,1,0,17.908156849443913
396,Fashionpedia,../fashion_data/raw/fashionpedia/images/test/fb81f1a32e154a77e683f309cdf0794a.jpg,1,2,20.975851453840733
397,Fashionpedia,../fashion_data/raw/fashionpedia/images/test/fb8c9b2e3aa874455182d777418321da.jpg,1,0,20.360134076327085
398,Fashionpedia,../fashion_data/raw/fashionpedia/images/test/fc3ee8e64072d2b42d6a8c2d1e52e2da.jpg,1,2,24.406392127275467
399,Fashionpedia,../fashion_data/raw/fashionpedia/images/test/fd567ffad275955ac945eeeacc1fdac5.jpg,1,4,22.716408595442772
