source_image,garment_id,garment_category,bbox_iou,mask_iou,prediction_score,color_agree,pattern_agree,sleeve_length_agree,neckline_agree,silhouette_fit_agree,fashion_style_agree
../fashion_data/raw/fashionpedia/images/test/33cfdcbd48019b09e36a78c428bbae1d.jpg,fashionpedia_ann_6510,shoe,0.948980,0.712721,0.540212,,,,,,
../fashion_data/raw/train/train/image/152326.jpg,item1_short_sleeve_top,top,0.945820,0.912990,0.846726,0,1,1,1,1,1
../fashion_data/raw/train/train/image/124892.jpg,item1_short_sleeve_top,top,0.945362,0.915412,0.868470,1,0,1,1,1,0
../fashion_data/raw/train/train/image/101034.jpg,item2_sling_dress,dress,0.916067,0.678072,0.574101,1,0,0,0,0,0
../fashion_data/raw/train/train/image/174323.jpg,item2_trousers,pants,0.914509,0.818955,0.795434,1,1,,,1,0
../fashion_data/raw/train/train/image/114238.jpg,item1_long_sleeve_outwear,outerwear,0.905546,0.619055,0.408365,1,1,0,0,1,1
../fashion_data/raw/train/train/image/073497.jpg,item1_trousers,pants,0.903517,0.826782,0.773383,1,1,,,1,0
../fashion_data/raw/train/train/image/152326.jpg,item2_trousers,pants,0.862601,0.873289,0.513290,1,1,,,1,1
../fashion_data/raw/train/train/image/096778.jpg,item2_sling_dress,dress,0.858504,0.716966,0.771795,1,0,0,0,1,1
../fashion_data/raw/train/train/image/015031.jpg,item1_short_sleeve_dress,dress,0.847398,0.873248,0.490696,0,1,1,1,1,1
../fashion_data/raw/train/train/image/142658.jpg,item1_long_sleeve_top,top,0.840085,0.807732,0.742352,1,1,0,1,1,1
../fashion_data/raw/train/train/image/184087.jpg,item1_long_sleeve_dress,dress,0.827965,0.871193,0.617313,1,0,1,1,1,1
../fashion_data/raw/fashionpedia/images/test/dd4525a10b6110df29f0a6b19e6b924b.jpg,fashionpedia_ann_2759,accessory,0.825935,0.825243,0.619962,,,,,,
../fashion_data/raw/train/train/image/101034.jpg,item1_short_sleeve_top,top,0.795719,0.845053,0.756242,0,1,1,0,0,1
../fashion_data/raw/fashionpedia/images/test/cdd175f26ac87c01ec64fb2f02268654.jpg,fashionpedia_ann_7855,bag,0.795626,0.712780,0.980658,,,,,,
../fashion_data/raw/train/train/image/051719.jpg,item1_trousers,pants,0.787971,0.678279,0.448883,1,1,,,1,0
../fashion_data/raw/train/train/image/004648.jpg,item1_vest_dress,dress,0.782828,0.802840,0.420839,1,1,1,0,1,0
../fashion_data/raw/train/train/image/079537.jpg,item2_vest,top,0.782155,0.765420,0.495165,1,1,1,1,1,1
../fashion_data/raw/train/train/image/073497.jpg,item2_short_sleeve_top,top,0.780905,0.745741,0.650322,1,1,0,0,1,0
../fashion_data/raw/fashionpedia/images/test/4f23f05daee3cbdd96295f84825e3581.jpg,fashionpedia_ann_6080,bag,0.778131,0.559039,0.958507,,,,,,
../fashion_data/raw/train/train/image/013010.jpg,item1_short_sleeve_top,top,0.771743,0.880827,0.755404,1,1,1,1,1,1
../fashion_data/raw/train/train/image/178287.jpg,item2_shorts,pants,0.613482,0.790173,0.489269,1,1,,,1,1
