source_image,garment_id,garment_category,A_gtbbox_gtmask_sleeve_length,A_gtbbox_gtmask_neckline,A_gtbbox_gtmask_silhouette_fit,A_gtbbox_gtmask_fashion_style,B_predbbox_predmask_sleeve_length,B_predbbox_predmask_neckline,B_predbbox_predmask_silhouette_fit,B_predbbox_predmask_fashion_style,C_gtbbox_predmask_sleeve_length,C_gtbbox_predmask_neckline,C_gtbbox_predmask_silhouette_fit,C_gtbbox_predmask_fashion_style,D_predbbox_gtmask_sleeve_length,D_predbbox_gtmask_neckline,D_predbbox_gtmask_silhouette_fit,D_predbbox_gtmask_fashion_style,B_predbbox_predmask_sleeve_length_agree_with_A,B_predbbox_predmask_neckline_agree_with_A,B_predbbox_predmask_silhouette_fit_agree_with_A,B_predbbox_predmask_fashion_style_agree_with_A,C_gtbbox_predmask_sleeve_length_agree_with_A,C_gtbbox_predmask_neckline_agree_with_A,C_gtbbox_predmask_silhouette_fit_agree_with_A,C_gtbbox_predmask_fashion_style_agree_with_A,D_predbbox_gtmask_sleeve_length_agree_with_A,D_predbbox_gtmask_neckline_agree_with_A,D_predbbox_gtmask_silhouette_fit_agree_with_A,D_predbbox_gtmask_fashion_style_agree_with_A
../fashion_data/raw/train/train/image/152326.jpg,item1_short_sleeve_top,top,short,crew,slim_fitted,streetwear,short,crew,slim_fitted,streetwear,short,crew,slim_fitted,streetwear,short,crew,slim_fitted,streetwear,1,1,1,1,1,1,1,1,1,1,1,1
../fashion_data/raw/train/train/image/124892.jpg,item1_short_sleeve_top,top,short,other,slim_fitted,formal,short,other,slim_fitted,casual,short,other,slim_fitted,casual,short,other,slim_fitted,casual,1,1,1,0,1,1,1,0,1,1,1,0
../fashion_data/raw/train/train/image/101034.jpg,item2_sling_dress,dress,sleeveless,halter,straight,casual,short,crew,fitted,streetwear,short,crew,fitted,streetwear,sleeveless,halter,fitted,casual,0,0,0,0,0,0,0,0,1,1,0,1
../fashion_data/raw/train/train/image/174323.jpg,item2_trousers,pants,,,straight,sporty,,,straight,romantic,,,straight,romantic,,,straight,sporty,,,1,0,,,1,0,,,1,1
../fashion_data/raw/train/train/image/114238.jpg,item1_long_sleeve_outwear,outerwear,elbow,other,slim_fitted,formal,long,hooded,slim_fitted,formal,elbow,hooded,slim_fitted,vintage,elbow,other,slim_fitted,formal,0,0,1,1,1,0,1,0,1,1,1,1
../fashion_data/raw/train/train/image/073497.jpg,item1_trousers,pants,,,straight,casual,,,straight,streetwear,,,straight,casual,,,straight,casual,,,1,0,,,1,1,,,1,1
../fashion_data/raw/train/train/image/152326.jpg,item2_trousers,pants,,,straight,casual,,,straight,casual,,,straight,casual,,,straight,casual,,,1,1,,,1,1,,,1,1
../fashion_data/raw/train/train/image/096778.jpg,item2_sling_dress,dress,sleeveless,boat,flared,vintage,short,crew,flared,vintage,short,crew,flared,vintage,sleeveless,halter,fitted,vintage,0,0,1,1,0,0,1,1,1,0,0,1
../fashion_data/raw/train/train/image/015031.jpg,item1_short_sleeve_dress,dress,cap,shirt_collar,a_line,formal,cap,shirt_collar,a_line,formal,cap,shirt_collar,a_line,formal,cap,shirt_collar,a_line,vintage,1,1,1,1,1,1,1,1,1,1,1,0
../fashion_data/raw/train/train/image/142658.jpg,item1_long_sleeve_top,top,elbow,other,slim_fitted,formal,cap,other,slim_fitted,formal,cap,other,slim_fitted,formal,elbow,other,slim_fitted,formal,0,1,1,1,0,1,1,1,1,1,1,1
../fashion_data/raw/train/train/image/184087.jpg,item1_long_sleeve_dress,dress,cap,other,fitted,romantic,cap,other,fitted,romantic,cap,other,fitted,romantic,cap,other,fitted,romantic,1,1,1,1,1,1,1,1,1,1,1,1
../fashion_data/raw/train/train/image/101034.jpg,item1_short_sleeve_top,top,short,crew,slim_fitted,streetwear,short,shirt_collar,loose_oversized,streetwear,short,shirt_collar,slim_fitted,streetwear,short,shirt_collar,slim_fitted,vintage,1,0,0,1,1,0,1,1,1,0,1,0
../fashion_data/raw/train/train/image/051719.jpg,item1_trousers,pants,,,straight,casual,,,straight,streetwear,,,straight,casual,,,straight,casual,,,1,0,,,1,1,,,1,1
../fashion_data/raw/train/train/image/004648.jpg,item1_vest_dress,dress,cap,halter,fitted,vintage,cap,off_shoulder,fitted,romantic,cap,off_shoulder,flared,romantic,sleeveless,halter,flared,vintage,1,0,1,0,1,0,0,0,0,1,0,1
../fashion_data/raw/train/train/image/079537.jpg,item2_vest,top,cap,boat,slim_fitted,casual,cap,boat,slim_fitted,casual,cap,boat,slim_fitted,casual,cap,boat,slim_fitted,casual,1,1,1,1,1,1,1,1,1,1,1,1
../fashion_data/raw/train/train/image/073497.jpg,item2_short_sleeve_top,top,short,other,slim_fitted,sporty,cap,crew,slim_fitted,formal,cap,crew,slim_fitted,formal,short,crew,slim_fitted,casual,0,0,1,0,0,0,1,0,1,0,1,0
../fashion_data/raw/train/train/image/013010.jpg,item1_short_sleeve_top,top,short,shirt_collar,slim_fitted,formal,short,shirt_collar,slim_fitted,formal,short,shirt_collar,slim_fitted,formal,short,shirt_collar,slim_fitted,formal,1,1,1,1,1,1,1,1,1,1,1,1
../fashion_data/raw/train/train/image/178287.jpg,item2_shorts,pants,,,straight,formal,,,straight,formal,,,straight,streetwear,,,straight,formal,,,1,1,,,1,0,,,1,1
