source_image,garment_id,garment_category,matched_gt_bbox_iou,prediction_score,gt_primary_color,predroi_primary_color,color_agree,gt_pattern,predroi_pattern,pattern_agree,gt_sleeve_length,predroi_sleeve_length,sleeve_length_agree,gt_neckline,predroi_neckline,neckline_agree,gt_silhouette_fit,predroi_silhouette_fit,silhouette_fit_agree,gt_fashion_style,predroi_fashion_style,fashion_style_agree
../fashion_data/raw/train/train/image/124892.jpg,item1_short_sleeve_top,top,0.945362,0.868470,brown,brown,1,graphic_logo,animal_print,0,short,short,1,other,other,1,slim_fitted,slim_fitted,1,formal,casual,0
../fashion_data/raw/train/train/image/101034.jpg,item2_sling_dress,dress,0.916067,0.574101,blue,blue,1,solid,graphic_logo,0,sleeveless,short,0,halter,crew,0,straight,fitted,0,casual,streetwear,0
../fashion_data/raw/train/train/image/114238.jpg,item1_long_sleeve_outwear,outerwear,0.905546,0.408365,purple,purple,1,striped,striped,1,elbow,long,0,other,hooded,0,slim_fitted,slim_fitted,1,formal,formal,1
../fashion_data/raw/train/train/image/073497.jpg,item1_trousers,pants,0.903517,0.773383,blue,blue,1,solid,solid,1,,,,,,,straight,straight,1,casual,streetwear,0
../fashion_data/raw/train/train/image/096778.jpg,item2_sling_dress,dress,0.858504,0.771795,blue,blue,1,solid,graphic_logo,0,sleeveless,short,0,boat,crew,0,flared,flared,1,vintage,vintage,1
../fashion_data/raw/train/train/image/142658.jpg,item1_long_sleeve_top,top,0.840085,0.742352,white,white,1,solid,solid,1,elbow,cap,0,other,other,1,slim_fitted,slim_fitted,1,formal,formal,1
../fashion_data/raw/train/train/image/184087.jpg,item1_long_sleeve_dress,dress,0.827965,0.617313,black,black,1,camouflage,polka_dot,0,cap,cap,1,other,other,1,fitted,fitted,1,romantic,romantic,1
../fashion_data/raw/fashionpedia/images/test/dd4525a10b6110df29f0a6b19e6b924b.jpg,fashionpedia_ann_2759,accessory,0.825935,0.619962,,black,,,solid,,,,,,,,,,,,,
../fashion_data/raw/train/train/image/101034.jpg,item1_short_sleeve_top,top,0.795719,0.756242,black,beige,0,graphic_logo,graphic_logo,1,short,short,1,crew,shirt_collar,0,slim_fitted,loose_oversized,0,streetwear,streetwear,1
../fashion_data/raw/train/train/image/051719.jpg,item1_trousers,pants,0.787971,0.448883,blue,blue,1,solid,solid,1,,,,,,,straight,straight,1,casual,streetwear,0
../fashion_data/raw/train/train/image/079537.jpg,item2_vest,top,0.782155,0.495165,beige,beige,1,striped,striped,1,cap,cap,1,boat,boat,1,slim_fitted,slim_fitted,1,casual,casual,1
../fashion_data/raw/train/train/image/073497.jpg,item2_short_sleeve_top,top,0.780905,0.650322,blue,blue,1,solid,solid,1,short,cap,0,other,crew,0,slim_fitted,slim_fitted,1,sporty,formal,0
../fashion_data/raw/train/train/image/178287.jpg,item2_shorts,pants,0.613482,0.489269,black,black,1,solid,solid,1,,,,,,,straight,straight,1,formal,formal,1
