epoch,learning_rate,train_loss_total,epoch_seconds,sampled_DeepFashion2_images,sampled_Fashionpedia_images,sampled_images_with_top,sampled_images_with_pants,sampled_images_with_skirt,sampled_images_with_outerwear,sampled_images_with_dress,sampled_images_with_shoe,sampled_images_with_bag,sampled_images_with_accessory,loss_box_reg,loss_classifier,loss_mask,loss_objectness,loss_rpn_box_reg
1,0.0025,0.8567414832520417,23.341981085948646,106,247,49,39,21,22,31,98,84,99,0.10093370895053981,0.16006139903553568,0.5281700832985616,0.05295651742730754,0.014619773217892767
2,0.0025,0.6572577297771957,20.597664915025234,91,262,53,29,30,12,26,103,89,101,0.10428459235175484,0.13355342566270498,0.382937596240226,0.026763947379165896,0.009718167614002555
3,0.0025,0.5497664413691918,20.042396491859108,86,267,41,25,22,17,29,111,82,102,0.08684432144156755,0.11618566313077809,0.3115702182814352,0.02020271965699922,0.01496351710878093
4,0.0025,0.4580641340770397,20.719788355752826,106,247,54,45,15,17,33,110,72,90,0.07935730429635339,0.10710263194743196,0.2504184864482528,0.013142360113221471,0.008043350550584267
5,0.00025,0.42398351819251817,20.61257015587762,94,259,49,36,17,19,23,99,77,96,0.07155302666172533,0.09467080332043319,0.24077607585755692,0.010680078094119071,0.006303532955462803
6,0.00025,0.3778680705652696,19.512959217187017,91,262,55,33,16,14,25,108,89,100,0.06683713620579367,0.081734642433926,0.21336487399957674,0.00915644507774049,0.006774973396011351
7,0.00025,0.35171014178153814,19.729445745702833,99,254,48,40,16,14,36,102,73,111,0.060022000117865904,0.07634472756754744,0.19946104246943597,0.007690910688788713,0.008191460593111424
8,0.00025,0.3276916585081697,20.312671151943505,84,269,50,37,16,12,27,113,89,97,0.05743178757166136,0.0691171648724812,0.18995039945959033,0.0059519808002305346,0.005240325519248511
9,0.00025,0.3118357273193324,21.602667616214603,87,266,34,34,22,25,22,104,81,111,0.05564171387405048,0.06708830552539727,0.17881263455866755,0.005339700542716013,0.0049533722287646575
10,2.5e-05,0.30309309683761243,20.371370065957308,82,271,37,35,13,16,28,116,90,110,0.052614726850244535,0.0617043240834819,0.17868592406467404,0.004672311730081398,0.005415811274468961
11,2.5e-05,0.28777864227129446,21.23127663321793,91,262,52,32,24,15,24,106,90,95,0.05041375133491229,0.05793298190992547,0.17096927097178047,0.004112218897309875,0.004350419334380323
12,2.5e-05,0.2911809400441626,21.25097072403878,85,268,53,33,24,7,26,101,87,106,0.04946888658737832,0.057723017050634026,0.17483786752093952,0.004393338796728166,0.004757831043673603
13,2.5e-05,0.28696971665276344,20.672797415871173,102,251,52,44,16,17,33,98,89,92,0.05144128884866876,0.06208756871299855,0.1656312431411939,0.0037669479373496654,0.004042667650632953
14,2.5e-05,0.26835783938257285,20.1931538968347,83,270,44,29,21,14,23,117,86,86,0.04761699312722717,0.05616115587143486,0.15765733880758623,0.0035922001317457894,0.0033301517875484526
15,2.5e-06,0.2801283774607242,21.204702710732818,98,255,49,32,25,20,26,118,67,106,0.048796982319745906,0.0572327170573787,0.1655803920210421,0.00428325696230804,0.004235029106510323
