record_id,source_dataset,source_image,garment_id,garment_category,fine_category,source_category_id,annotation_ref,crop_path,mask_path,masked_preview_path,visualization_path,bbox_x1,bbox_y1,bbox_x2,bbox_y2,bbox_width,bbox_height,image_width,image_height,source_manifest
,Fashionpedia,../fashion_data/raw/fashionpedia/images/test/56e5e99c58d6d12337e92e6a73f3c8d5.jpg,fashionpedia_ann_6662,top,vest,5,6662,,../fashion_data/processed/fashionpedia_train_expanded_v3_underrepresented/full_masks/top_ann6662_img9699.png,,,214,263,531,685,317,422,682,1024,Fashionpedia instances_attributes_val2020.json expanded-train-v3-underrepresented
,Fashionpedia,../fashion_data/raw/fashionpedia/images/test/768acaf9c9e2b1230016fa2924ce42aa.jpg,fashionpedia_ann_4162,top,"top, t-shirt, sweatshirt",1,4162,,../fashion_data/processed/fashionpedia_train_expanded_v3_underrepresented/full_masks/top_ann4162_img19633.png,,,138,650,370,976,232,326,683,1024,Fashionpedia instances_attributes_val2020.json expanded-train-v3-underrepresented
,Fashionpedia,../fashion_data/raw/fashionpedia/images/test/f90c231e3eab5e147368c77592b6a7f7.jpg,fashionpedia_ann_9090,top,sweater,2,9090,,../fashion_data/processed/fashionpedia_train_expanded_v3_underrepresented/full_masks/top_ann9090_img11437.png,,,263,215,407,536,144,321,683,1024,Fashionpedia instances_attributes_val2020.json expanded-train-v3-underrepresented
,Fashionpedia,../fashion_data/raw/fashionpedia/images/test/1ca6fb4b937bb1f34797d3315266a546.jpg,fashionpedia_ann_4867,top,"shirt, blouse",0,4867,,../fashion_data/processed/fashionpedia_train_expanded_v3_underrepresented/full_masks/top_ann4867_img20328.png,,,282,301,725,682,443,381,1024,682,Fashionpedia instances_attributes_val2020.json expanded-train-v3-underrepresented
,Fashionpedia,../fashion_data/raw/fashionpedia/images/test/d67ad10df9224b51361c9dfb18f5a9ef.jpg,fashionpedia_ann_44,top,vest,5,44,,../fashion_data/processed/fashionpedia_train_expanded_v3_underrepresented/full_masks/top_ann44_img15069.png,,,164,179,380,558,216,379,632,1024,Fashionpedia instances_attributes_val2020.json expanded-train-v3-underrepresented
,Fashionpedia,../fashion_data/raw/fashionpedia/images/test/2df8a3cbaf17a7e8441cf3f4bc73824c.jpg,fashionpedia_ann_5682,top,"top, t-shirt, sweatshirt",1,5682,,../fashion_data/processed/fashionpedia_train_expanded_v3_underrepresented/full_masks/top_ann5682_img9430.png,,,488,434,548,524,60,90,1024,682,Fashionpedia instances_attributes_val2020.json expanded-train-v3-underrepresented
,Fashionpedia,../fashion_data/raw/fashionpedia/images/test/871b1533f5ecd9f4de3d7942ab3dfcc1.jpg,fashionpedia_ann_8733,top,sweater,2,8733,,../fashion_data/processed/fashionpedia_train_expanded_v3_underrepresented/full_masks/top_ann8733_img12976.png,,,294,479,490,998,196,519,683,1024,Fashionpedia instances_attributes_val2020.json expanded-train-v3-underrepresented
,Fashionpedia,../fashion_data/raw/fashionpedia/images/test/b360c19580caf49e561173fab54bfdb2.jpg,fashionpedia_ann_9272,top,"shirt, blouse",0,9272,,../fashion_data/processed/fashionpedia_train_expanded_v3_underrepresented/full_masks/top_ann9272_img13560.png,,,189,217,464,576,275,359,631,1024,Fashionpedia instances_attributes_val2020.json expanded-train-v3-underrepresented
,Fashionpedia,../fashion_data/raw/fashionpedia/images/test/1f0d72ecd966170babc209b45abe8983.jpg,fashionpedia_ann_3175,top,vest,5,3175,,../fashion_data/processed/fashionpedia_train_expanded_v3_underrepresented/full_masks/top_ann3175_img18606.png,,,247,104,553,457,306,353,680,1024,Fashionpedia instances_attributes_val2020.json expanded-train-v3-underrepresented
,Fashionpedia,../fashion_data/raw/fashionpedia/images/test/9be97731b91f50cb1fabfa8d6d1bf441.jpg,fashionpedia_ann_3865,top,"top, t-shirt, sweatshirt",1,3865,,../fashion_data/processed/fashionpedia_train_expanded_v3_underrepresented/full_masks/top_ann3865_img19391.png,,,261,181,498,524,237,343,730,1024,Fashionpedia instances_attributes_val2020.json expanded-train-v3-underrepresented
,Fashionpedia,../fashion_data/raw/fashionpedia/images/test/9ac4f47132fe867a5bef9e999fe562fd.jpg,fashionpedia_ann_1418,top,sweater,2,1418,,../fashion_data/processed/fashionpedia_train_expanded_v3_underrepresented/full_masks/top_ann1418_img16721.png,,,60,290,522,709,462,419,682,1024,Fashionpedia instances_attributes_val2020.json expanded-train-v3-underrepresented
,Fashionpedia,../fashion_data/raw/fashionpedia/images/test/97d77f8581dbbd6534ffd92e382b0700.jpg,fashionpedia_ann_6357,top,"shirt, blouse",0,6357,,../fashion_data/processed/fashionpedia_train_expanded_v3_underrepresented/full_masks/top_ann6357_img10222.png,,,84,267,634,642,550,375,683,1024,Fashionpedia instances_attributes_val2020.json expanded-train-v3-underrepresented
,Fashionpedia,../fashion_data/raw/fashionpedia/images/test/f4c8049f436b7edcb26c01d3219e14c2.jpg,fashionpedia_ann_7822,top,vest,5,7822,,../fashion_data/processed/fashionpedia_train_expanded_v3_underrepresented/full_masks/top_ann7822_img11902.png,,,284,319,564,715,280,396,682,1024,Fashionpedia instances_attributes_val2020.json expanded-train-v3-underrepresented
,Fashionpedia,../fashion_data/raw/fashionpedia/images/test/899f2cf99bf2589cb5f037792f6f35ae.jpg,fashionpedia_ann_1803,top,"top, t-shirt, sweatshirt",1,1803,,../fashion_data/processed/fashionpedia_train_expanded_v3_underrepresented/full_masks/top_ann1803_img17198.png,,,97,183,358,542,261,359,633,1024,Fashionpedia instances_attributes_val2020.json expanded-train-v3-underrepresented
,Fashionpedia,../fashion_data/raw/fashionpedia/images/test/8e87687c1064403a1cd1500b516a7ad8.jpg,fashionpedia_ann_4234,top,sweater,2,4234,,../fashion_data/processed/fashionpedia_train_expanded_v3_underrepresented/full_masks/top_ann4234_img19676.png,,,608,273,718,519,110,246,1024,682,Fashionpedia instances_attributes_val2020.json expanded-train-v3-underrepresented
,Fashionpedia,../fashion_data/raw/fashionpedia/images/test/e5b237935c0a652dc6585eea57e61dc8.jpg,fashionpedia_ann_4339,top,"shirt, blouse",0,4339,,../fashion_data/processed/fashionpedia_train_expanded_v3_underrepresented/full_masks/top_ann4339_img19795.png,,,339,224,396,449,57,225,681,1024,Fashionpedia instances_attributes_val2020.json expanded-train-v3-underrepresented
,Fashionpedia,../fashion_data/raw/fashionpedia/images/test/32e566cd7c0388f44f1a09e10e2ac96c.jpg,fashionpedia_ann_5698,top,vest,5,5698,,../fashion_data/processed/fashionpedia_train_expanded_v3_underrepresented/full_masks/top_ann5698_img9468.png,,,474,411,675,682,201,271,1024,682,Fashionpedia instances_attributes_val2020.json expanded-train-v3-underrepresented
,Fashionpedia,../fashion_data/raw/fashionpedia/images/test/809906ce0fd1e001d613c9b13e7e8a4e.jpg,fashionpedia_ann_9125,top,"top, t-shirt, sweatshirt",1,9125,,../fashion_data/processed/fashionpedia_train_expanded_v3_underrepresented/full_masks/top_ann9125_img13428.png,,,199,331,359,689,160,358,682,1024,Fashionpedia instances_attributes_val2020.json expanded-train-v3-underrepresented
,Fashionpedia,../fashion_data/raw/fashionpedia/images/test/48acf4105e66abe3ae57901e15d08e25.jpg,fashionpedia_ann_3475,pants,shorts,7,3475,,../fashion_data/processed/fashionpedia_train_expanded_v3_underrepresented/full_masks/pants_ann3475_img18946.png,,,441,401,557,493,116,92,1024,595,Fashionpedia instances_attributes_val2020.json expanded-train-v3-underrepresented
,Fashionpedia,../fashion_data/raw/fashionpedia/images/test/fa8cbbf127e163a2f512399049509d90.jpg,fashionpedia_ann_2027,pants,pants,6,2027,,../fashion_data/processed/fashionpedia_train_expanded_v3_underrepresented/full_masks/pants_ann2027_img17448.png,,,221,499,330,644,109,145,682,1024,Fashionpedia instances_attributes_val2020.json expanded-train-v3-underrepresented
,Fashionpedia,../fashion_data/raw/fashionpedia/images/test/d14c29b741ec264a1bc7ea1918898a99.jpg,fashionpedia_ann_2949,pants,shorts,7,2949,,../fashion_data/processed/fashionpedia_train_expanded_v3_underrepresented/full_masks/pants_ann2949_img16931.png,,,245,629,478,848,233,219,680,1024,Fashionpedia instances_attributes_val2020.json expanded-train-v3-underrepresented
,Fashionpedia,../fashion_data/raw/fashionpedia/images/test/3ad847bd01f73476418f50f8419bf644.jpg,fashionpedia_ann_4307,pants,pants,6,4307,,../fashion_data/processed/fashionpedia_train_expanded_v3_underrepresented/full_masks/pants_ann4307_img19768.png,,,227,726,435,966,208,240,681,1024,Fashionpedia instances_attributes_val2020.json expanded-train-v3-underrepresented
,Fashionpedia,../fashion_data/raw/fashionpedia/images/test/b9b9619a5fec071603e1b29a9772cefc.jpg,fashionpedia_ann_5491,pants,shorts,7,5491,,../fashion_data/processed/fashionpedia_train_expanded_v3_underrepresented/full_masks/pants_ann5491_img9210.png,,,253,471,459,629,206,158,681,1024,Fashionpedia instances_attributes_val2020.json expanded-train-v3-underrepresented
,Fashionpedia,../fashion_data/raw/fashionpedia/images/test/d0c4784dc3efc24c058fd0b9b533ca2d.jpg,fashionpedia_ann_8316,pants,pants,6,8316,,../fashion_data/processed/fashionpedia_train_expanded_v3_underrepresented/full_masks/pants_ann8316_img12452.png,,,263,441,454,778,191,337,682,1024,Fashionpedia instances_attributes_val2020.json expanded-train-v3-underrepresented
,Fashionpedia,../fashion_data/raw/fashionpedia/images/test/de699dedf1aade91f713ea59f187f74f.jpg,fashionpedia_ann_2628,pants,shorts,7,2628,,../fashion_data/processed/fashionpedia_train_expanded_v3_underrepresented/full_masks/pants_ann2628_img18183.png,,,178,392,378,579,200,187,682,1024,Fashionpedia instances_attributes_val2020.json expanded-train-v3-underrepresented
,Fashionpedia,../fashion_data/raw/fashionpedia/images/test/e9394b022e6a183812ed55e48292048f.jpg,fashionpedia_ann_4621,pants,pants,6,4621,,../fashion_data/processed/fashionpedia_train_expanded_v3_underrepresented/full_masks/pants_ann4621_img20066.png,,,242,457,407,836,165,379,633,1024,Fashionpedia instances_attributes_val2020.json expanded-train-v3-underrepresented
,Fashionpedia,../fashion_data/raw/fashionpedia/images/test/f0ac4ba410f7dd70272184ff5fe4b5ce.jpg,fashionpedia_ann_916,pants,shorts,7,916,,../fashion_data/processed/fashionpedia_train_expanded_v3_underrepresented/full_masks/pants_ann916_img16027.png,,,263,770,474,975,211,205,682,1024,Fashionpedia instances_attributes_val2020.json expanded-train-v3-underrepresented
,Fashionpedia,../fashion_data/raw/fashionpedia/images/test/200801ffb2c44d46b94454f1b6a278a6.jpg,fashionpedia_ann_5378,pants,pants,6,5378,,../fashion_data/processed/fashionpedia_train_expanded_v3_underrepresented/full_masks/pants_ann5378_img9082.png,,,234,451,465,900,231,449,550,1024,Fashionpedia instances_attributes_val2020.json expanded-train-v3-underrepresented
,Fashionpedia,../fashion_data/raw/fashionpedia/images/test/de92afe62c9c4670a48c6c3e43440323.jpg,fashionpedia_ann_3571,pants,shorts,7,3571,,../fashion_data/processed/fashionpedia_train_expanded_v3_underrepresented/full_masks/pants_ann3571_img19068.png,,,478,276,589,364,111,88,1024,682,Fashionpedia instances_attributes_val2020.json expanded-train-v3-underrepresented
,Fashionpedia,../fashion_data/raw/fashionpedia/images/test/09c1c65c2b742a710bc736a8fe566d11.jpg,fashionpedia_ann_7532,pants,pants,6,7532,,../fashion_data/processed/fashionpedia_train_expanded_v3_underrepresented/full_masks/pants_ann7532_img11489.png,,,119,655,498,1024,379,369,731,1024,Fashionpedia instances_attributes_val2020.json expanded-train-v3-underrepresented
,Fashionpedia,../fashion_data/raw/fashionpedia/images/test/d56bf67bd74cb0f2128007818675a465.jpg,fashionpedia_ann_6206,pants,shorts,7,6206,,../fashion_data/processed/fashionpedia_train_expanded_v3_underrepresented/full_masks/pants_ann6206_img9992.png,,,259,419,447,558,188,139,682,1024,Fashionpedia instances_attributes_val2020.json expanded-train-v3-underrepresented
,Fashionpedia,../fashion_data/raw/fashionpedia/images/test/90e29b1a604c8046f96b0a52e2cc7399.jpg,fashionpedia_ann_1882,pants,pants,6,1882,,../fashion_data/processed/fashionpedia_train_expanded_v3_underrepresented/full_masks/pants_ann1882_img23337.png,,,228,476,411,893,183,417,682,1024,Fashionpedia instances_attributes_val2020.json expanded-train-v3-underrepresented
,Fashionpedia,../fashion_data/raw/fashionpedia/images/test/06017096e7f209d3b23802f546830b40.jpg,fashionpedia_ann_8111,pants,shorts,7,8111,,../fashion_data/processed/fashionpedia_train_expanded_v3_underrepresented/full_masks/pants_ann8111_img12225.png,,,480,493,674,680,194,187,1024,683,Fashionpedia instances_attributes_val2020.json expanded-train-v3-underrepresented
,Fashionpedia,../fashion_data/raw/fashionpedia/images/test/e14733841b04c64e75789a91fbe549b3.jpg,fashionpedia_ann_8931,pants,pants,6,8931,,../fashion_data/processed/fashionpedia_train_expanded_v3_underrepresented/full_masks/pants_ann8931_img13297.png,,,306,436,508,916,202,480,771,1024,Fashionpedia instances_attributes_val2020.json expanded-train-v3-underrepresented
,Fashionpedia,../fashion_data/raw/fashionpedia/images/test/8b0f9bec3b8c5793bf116e1e5e502072.jpg,fashionpedia_ann_1828,pants,shorts,7,1828,,../fashion_data/processed/fashionpedia_train_expanded_v3_underrepresented/full_masks/pants_ann1828_img17228.png,,,247,339,426,521,179,182,681,1024,Fashionpedia instances_attributes_val2020.json expanded-train-v3-underrepresented
,Fashionpedia,../fashion_data/raw/fashionpedia/images/test/7ecf591cf3e21e72ea2718e3869f5768.jpg,fashionpedia_ann_893,pants,shorts,7,893,,../fashion_data/processed/fashionpedia_train_expanded_v3_underrepresented/full_masks/pants_ann893_img16004.png,,,126,533,275,622,149,89,629,1024,Fashionpedia instances_attributes_val2020.json expanded-train-v3-underrepresented
,Fashionpedia,../fashion_data/raw/fashionpedia/images/test/d2f3f13a7a3532cc905fe9f3bad10b8a.jpg,fashionpedia_ann_8958,pants,pants,6,8958,,../fashion_data/processed/fashionpedia_train_expanded_v3_underrepresented/full_masks/pants_ann8958_img13331.png,,,210,611,557,957,347,346,683,1024,Fashionpedia instances_attributes_val2020.json expanded-train-v3-underrepresented
,Fashionpedia,../fashion_data/raw/fashionpedia/images/test/6beae9033a9244991b99ac04347ba917.jpg,fashionpedia_ann_6430,pants,shorts,7,6430,,../fashion_data/processed/fashionpedia_train_expanded_v3_underrepresented/full_masks/pants_ann6430_img10382.png,,,42,437,230,568,188,131,682,1024,Fashionpedia instances_attributes_val2020.json expanded-train-v3-underrepresented
,Fashionpedia,../fashion_data/raw/fashionpedia/images/test/5446d1fd42c4c2baac5bc3ae647b2f7d.jpg,fashionpedia_ann_3375,pants,pants,6,3375,,../fashion_data/processed/fashionpedia_train_expanded_v3_underrepresented/full_masks/pants_ann3375_img18833.png,,,432,493,594,725,162,232,1024,725,Fashionpedia instances_attributes_val2020.json expanded-train-v3-underrepresented
,Fashionpedia,../fashion_data/raw/fashionpedia/images/test/b0ff6edc573ce8ec7e28b608c668a19d.jpg,fashionpedia_ann_7995,pants,shorts,7,7995,,../fashion_data/processed/fashionpedia_train_expanded_v3_underrepresented/full_masks/pants_ann7995_img11064.png,,,260,631,517,887,257,256,678,1024,Fashionpedia instances_attributes_val2020.json expanded-train-v3-underrepresented
,Fashionpedia,../fashion_data/raw/fashionpedia/images/test/fb8c9b2e3aa874455182d777418321da.jpg,fashionpedia_ann_1140,pants,pants,6,1140,,../fashion_data/processed/fashionpedia_train_expanded_v3_underrepresented/full_masks/pants_ann1140_img16437.png,,,266,496,458,761,192,265,683,1024,Fashionpedia instances_attributes_val2020.json expanded-train-v3-underrepresented
,Fashionpedia,../fashion_data/raw/fashionpedia/images/test/775c380cd79c0f3a3e34a41f89468022.jpg,fashionpedia_ann_7826,pants,shorts,7,7826,,../fashion_data/processed/fashionpedia_train_expanded_v3_underrepresented/full_masks/pants_ann7826_img11903.png,,,647,434,874,663,227,229,1024,680,Fashionpedia instances_attributes_val2020.json expanded-train-v3-underrepresented
,Fashionpedia,../fashion_data/raw/fashionpedia/images/test/0617757485dad98ded988c6e101c8bf2.jpg,fashionpedia_ann_1634,pants,pants,6,1634,,../fashion_data/processed/fashionpedia_train_expanded_v3_underrepresented/full_masks/pants_ann1634_img16896.png,,,263,525,573,835,310,310,682,1024,Fashionpedia instances_attributes_val2020.json expanded-train-v3-underrepresented
,Fashionpedia,../fashion_data/raw/fashionpedia/images/test/aa8e34255bae5532e3c45385009a8d9a.jpg,fashionpedia_ann_3639,pants,pants,6,3639,,../fashion_data/processed/fashionpedia_train_expanded_v3_underrepresented/full_masks/pants_ann3639_img19099.png,,,554,435,761,683,207,248,1024,683,Fashionpedia instances_attributes_val2020.json expanded-train-v3-underrepresented
,Fashionpedia,../fashion_data/raw/fashionpedia/images/test/843bd5d77fbfebe568d2f99893455190.jpg,fashionpedia_ann_4442,pants,shorts,7,4442,,../fashion_data/processed/fashionpedia_train_expanded_v3_underrepresented/full_masks/pants_ann4442_img19841.png,,,549,544,694,682,145,138,1024,682,Fashionpedia instances_attributes_val2020.json expanded-train-v3-underrepresented
,Fashionpedia,../fashion_data/raw/fashionpedia/images/test/f580bd3f0c42ec8305884c8a19c7a0d1.jpg,fashionpedia_ann_8191,pants,pants,6,8191,,../fashion_data/processed/fashionpedia_train_expanded_v3_underrepresented/full_masks/pants_ann8191_img12273.png,,,255,458,441,879,186,421,682,1024,Fashionpedia instances_attributes_val2020.json expanded-train-v3-underrepresented
,Fashionpedia,../fashion_data/raw/fashionpedia/images/test/b0ed46a2ed52c32e7a1c2c47cebf3f70.jpg,fashionpedia_ann_1995,pants,shorts,7,1995,,../fashion_data/processed/fashionpedia_train_expanded_v3_underrepresented/full_masks/pants_ann1995_img17419.png,,,278,475,435,710,157,235,683,1024,Fashionpedia instances_attributes_val2020.json expanded-train-v3-underrepresented
,Fashionpedia,../fashion_data/raw/fashionpedia/images/test/86f139c6fe14c64090091230a78862fd.jpg,fashionpedia_ann_8807,skirt,skirt,8,8807,,../fashion_data/processed/fashionpedia_train_expanded_v3_underrepresented/full_masks/skirt_ann8807_img13106.png,,,344,413,588,556,244,143,1024,583,Fashionpedia instances_attributes_val2020.json expanded-train-v3-underrepresented
,Fashionpedia,../fashion_data/raw/fashionpedia/images/test/18c07033fd67225df16d98e9f6975fc9.jpg,fashionpedia_ann_5218,skirt,skirt,8,5218,,../fashion_data/processed/fashionpedia_train_expanded_v3_underrepresented/full_masks/skirt_ann5218_img20733.png,,,233,460,447,571,214,111,638,1024,Fashionpedia instances_attributes_val2020.json expanded-train-v3-underrepresented
,Fashionpedia,../fashion_data/raw/fashionpedia/images/test/0ff1ad48b959df32af38f42cef26d361.jpg,fashionpedia_ann_6371,skirt,skirt,8,6371,,../fashion_data/processed/fashionpedia_train_expanded_v3_underrepresented/full_masks/skirt_ann6371_img10230.png,,,210,369,463,620,253,251,683,1024,Fashionpedia instances_attributes_val2020.json expanded-train-v3-underrepresented
,Fashionpedia,../fashion_data/raw/fashionpedia/images/test/73565a1d1eab156d8d17f9f481d7d54e.jpg,fashionpedia_ann_8497,skirt,skirt,8,8497,,../fashion_data/processed/fashionpedia_train_expanded_v3_underrepresented/full_masks/skirt_ann8497_img12704.png,,,306,398,492,974,186,576,704,1024,Fashionpedia instances_attributes_val2020.json expanded-train-v3-underrepresented
,Fashionpedia,../fashion_data/raw/fashionpedia/images/test/ebd81bb9fb007fec37ab093678f48b21.jpg,fashionpedia_ann_5017,skirt,skirt,8,5017,,../fashion_data/processed/fashionpedia_train_expanded_v3_underrepresented/full_masks/skirt_ann5017_img20499.png,,,192,397,374,787,182,390,633,1024,Fashionpedia instances_attributes_val2020.json expanded-train-v3-underrepresented
,Fashionpedia,../fashion_data/raw/fashionpedia/images/test/d456b51deebc83e01cfef985d05e063e.jpg,fashionpedia_ann_9313,skirt,skirt,8,9313,,../fashion_data/processed/fashionpedia_train_expanded_v3_underrepresented/full_masks/skirt_ann9313_img13599.png,,,439,406,673,930,234,524,904,1024,Fashionpedia instances_attributes_val2020.json expanded-train-v3-underrepresented
,Fashionpedia,../fashion_data/raw/fashionpedia/images/test/e2a1712cc3928d83e0339e5cb3832fec.jpg,fashionpedia_ann_1712,skirt,skirt,8,1712,,../fashion_data/processed/fashionpedia_train_expanded_v3_underrepresented/full_masks/skirt_ann1712_img15738.png,,,271,438,447,864,176,426,682,1024,Fashionpedia instances_attributes_val2020.json expanded-train-v3-underrepresented
,Fashionpedia,../fashion_data/raw/fashionpedia/images/test/f184df3bcf321ef5d3e4d5a513ade947.jpg,fashionpedia_ann_4615,skirt,skirt,8,4615,,../fashion_data/processed/fashionpedia_train_expanded_v3_underrepresented/full_masks/skirt_ann4615_img20065.png,,,239,329,431,709,192,380,681,1024,Fashionpedia instances_attributes_val2020.json expanded-train-v3-underrepresented
,Fashionpedia,../fashion_data/raw/fashionpedia/images/test/2c0c4094e2c3988fd3be0146f2c2488f.jpg,fashionpedia_ann_5680,skirt,skirt,8,5680,,../fashion_data/processed/fashionpedia_train_expanded_v3_underrepresented/full_masks/skirt_ann5680_img9425.png,,,290,442,681,1024,391,582,683,1024,Fashionpedia instances_attributes_val2020.json expanded-train-v3-underrepresented
,Fashionpedia,../fashion_data/raw/fashionpedia/images/test/72091ddbd23f86835c16053c1604b9e9.jpg,fashionpedia_ann_4063,skirt,skirt,8,4063,,../fashion_data/processed/fashionpedia_train_expanded_v3_underrepresented/full_masks/skirt_ann4063_img19506.png,,,84,391,274,708,190,317,581,1024,Fashionpedia instances_attributes_val2020.json expanded-train-v3-underrepresented
,Fashionpedia,../fashion_data/raw/fashionpedia/images/test/947ce93a6f64f79c5c29ef8e80abfe7b.jpg,fashionpedia_ann_7773,skirt,skirt,8,7773,,../fashion_data/processed/fashionpedia_train_expanded_v3_underrepresented/full_masks/skirt_ann7773_img11854.png,,,200,474,361,643,161,169,683,1024,Fashionpedia instances_attributes_val2020.json expanded-train-v3-underrepresented
,Fashionpedia,../fashion_data/raw/fashionpedia/images/test/c2d80480b743d45143725a5c223c16d9.jpg,fashionpedia_ann_32,skirt,skirt,8,32,,../fashion_data/processed/fashionpedia_train_expanded_v3_underrepresented/full_masks/skirt_ann32_img14983.png,,,93,389,567,1021,474,632,682,1024,Fashionpedia instances_attributes_val2020.json expanded-train-v3-underrepresented
,Fashionpedia,../fashion_data/raw/fashionpedia/images/test/8afcffb4c50974318288681ea6c1b5a8.jpg,fashionpedia_ann_6055,skirt,skirt,8,6055,,../fashion_data/processed/fashionpedia_train_expanded_v3_underrepresented/full_masks/skirt_ann6055_img8712.png,,,313,403,509,690,196,287,682,1024,Fashionpedia instances_attributes_val2020.json expanded-train-v3-underrepresented
,Fashionpedia,../fashion_data/raw/fashionpedia/images/test/95bca399ad3d4296c61863dadc45c82e.jpg,fashionpedia_ann_9151,skirt,skirt,8,9151,,../fashion_data/processed/fashionpedia_train_expanded_v3_underrepresented/full_masks/skirt_ann9151_img13469.png,,,354,282,488,599,134,317,1024,682,Fashionpedia instances_attributes_val2020.json expanded-train-v3-underrepresented
,Fashionpedia,../fashion_data/raw/fashionpedia/images/test/5ada94993430e73f1e6967d5ce2aecad.jpg,fashionpedia_ann_3334,skirt,skirt,8,3334,,../fashion_data/processed/fashionpedia_train_expanded_v3_underrepresented/full_masks/skirt_ann3334_img18760.png,,,259,480,495,705,236,225,682,1024,Fashionpedia instances_attributes_val2020.json expanded-train-v3-underrepresented
,Fashionpedia,../fashion_data/raw/fashionpedia/images/test/b56a57edff4230c68e1d4296cc345718.jpg,fashionpedia_ann_706,skirt,skirt,8,706,,../fashion_data/processed/fashionpedia_train_expanded_v3_underrepresented/full_masks/skirt_ann706_img15866.png,,,226,718,536,907,310,189,681,1024,Fashionpedia instances_attributes_val2020.json expanded-train-v3-underrepresented
,Fashionpedia,../fashion_data/raw/fashionpedia/images/test/a9241e7a983feabc10d4c1e548e9b286.jpg,fashionpedia_ann_8443,skirt,skirt,8,8443,,../fashion_data/processed/fashionpedia_train_expanded_v3_underrepresented/full_masks/skirt_ann8443_img12605.png,,,234,421,447,623,213,202,678,1024,Fashionpedia instances_attributes_val2020.json expanded-train-v3-underrepresented
,Fashionpedia,../fashion_data/raw/fashionpedia/images/test/52a6dcf5c19a6f0f6033ebc8dd9f3078.jpg,fashionpedia_ann_8913,skirt,skirt,8,8913,,../fashion_data/processed/fashionpedia_train_expanded_v3_underrepresented/full_masks/skirt_ann8913_img13283.png,,,200,671,496,948,296,277,682,1024,Fashionpedia instances_attributes_val2020.json expanded-train-v3-underrepresented
,Fashionpedia,../fashion_data/raw/fashionpedia/images/test/9f2b43ca80f1efb145dc87cb63efbb85.jpg,fashionpedia_ann_3484,skirt,skirt,8,3484,,../fashion_data/processed/fashionpedia_train_expanded_v3_underrepresented/full_masks/skirt_ann3484_img18949.png,,,284,509,534,771,250,262,678,1024,Fashionpedia instances_attributes_val2020.json expanded-train-v3-underrepresented
,Fashionpedia,../fashion_data/raw/fashionpedia/images/test/420f153001eb2e37269ae974b9f7665e.jpg,fashionpedia_ann_5904,skirt,skirt,8,5904,,../fashion_data/processed/fashionpedia_train_expanded_v3_underrepresented/full_masks/skirt_ann5904_img9656.png,,,200,314,458,706,258,392,682,1024,Fashionpedia instances_attributes_val2020.json expanded-train-v3-underrepresented
,Fashionpedia,../fashion_data/raw/fashionpedia/images/test/492c43f88806dc6beb84ed534f0fc001.jpg,fashionpedia_ann_1111,skirt,skirt,8,1111,,../fashion_data/processed/fashionpedia_train_expanded_v3_underrepresented/full_masks/skirt_ann1111_img16346.png,,,404,419,573,733,169,314,769,1024,Fashionpedia instances_attributes_val2020.json expanded-train-v3-underrepresented
,Fashionpedia,../fashion_data/raw/fashionpedia/images/test/c085fb2b093eeb52041884c9ea51cc65.jpg,fashionpedia_ann_6498,skirt,skirt,8,6498,,../fashion_data/processed/fashionpedia_train_expanded_v3_underrepresented/full_masks/skirt_ann6498_img10518.png,,,137,743,468,1023,331,280,682,1024,Fashionpedia instances_attributes_val2020.json expanded-train-v3-underrepresented
,Fashionpedia,../fashion_data/raw/fashionpedia/images/test/c9946804239bdb74aa23c4a56445b9a8.jpg,fashionpedia_ann_7756,skirt,skirt,8,7756,,../fashion_data/processed/fashionpedia_train_expanded_v3_underrepresented/full_masks/skirt_ann7756_img11803.png,,,191,517,456,836,265,319,682,1024,Fashionpedia instances_attributes_val2020.json expanded-train-v3-underrepresented
,Fashionpedia,../fashion_data/raw/fashionpedia/images/test/50e763ae42f2872db7567e607005d3b1.jpg,fashionpedia_ann_910,skirt,skirt,8,910,,../fashion_data/processed/fashionpedia_train_expanded_v3_underrepresented/full_masks/skirt_ann910_img16010.png,,,560,274,775,494,215,220,1024,819,Fashionpedia instances_attributes_val2020.json expanded-train-v3-underrepresented
,Fashionpedia,../fashion_data/raw/fashionpedia/images/test/2adffb322a52bb5e4111ff76b9883f36.jpg,fashionpedia_ann_3707,skirt,skirt,8,3707,,../fashion_data/processed/fashionpedia_train_expanded_v3_underrepresented/full_masks/skirt_ann3707_img19179.png,,,248,418,505,839,257,421,683,1024,Fashionpedia instances_attributes_val2020.json expanded-train-v3-underrepresented
,Fashionpedia,../fashion_data/raw/fashionpedia/images/test/c080362228fa5ea2bd57f38ab6f950e2.jpg,fashionpedia_ann_3525,skirt,skirt,8,3525,,../fashion_data/processed/fashionpedia_train_expanded_v3_underrepresented/full_masks/skirt_ann3525_img18991.png,,,295,447,512,582,217,135,682,1024,Fashionpedia instances_attributes_val2020.json expanded-train-v3-underrepresented
,Fashionpedia,../fashion_data/raw/fashionpedia/images/test/8552ba7fcd321cb2677612ae5cab94c3.jpg,fashionpedia_ann_7379,skirt,skirt,8,7379,,../fashion_data/processed/fashionpedia_train_expanded_v3_underrepresented/full_masks/skirt_ann7379_img11323.png,,,254,473,491,816,237,343,683,1024,Fashionpedia instances_attributes_val2020.json expanded-train-v3-underrepresented
,Fashionpedia,../fashion_data/raw/fashionpedia/images/test/5dbc92d79e36f8af3824a776b28b97d0.jpg,fashionpedia_ann_1152,skirt,skirt,8,1152,,../fashion_data/processed/fashionpedia_train_expanded_v3_underrepresented/full_masks/skirt_ann1152_img16456.png,,,380,525,561,843,181,318,683,1024,Fashionpedia instances_attributes_val2020.json expanded-train-v3-underrepresented
,Fashionpedia,../fashion_data/raw/fashionpedia/images/test/9f6a012fdb962c60a7f95bb7472a3c6c.jpg,fashionpedia_ann_4565,skirt,skirt,8,4565,,../fashion_data/processed/fashionpedia_train_expanded_v3_underrepresented/full_masks/skirt_ann4565_img10742.png,,,557,360,640,475,83,115,1024,682,Fashionpedia instances_attributes_val2020.json expanded-train-v3-underrepresented
,Fashionpedia,../fashion_data/raw/fashionpedia/images/test/3c2ec192793fd46391289d2ba4527c09.jpg,fashionpedia_ann_476,skirt,skirt,8,476,,../fashion_data/processed/fashionpedia_train_expanded_v3_underrepresented/full_masks/skirt_ann476_img15604.png,,,222,431,360,562,138,131,683,1024,Fashionpedia instances_attributes_val2020.json expanded-train-v3-underrepresented
,Fashionpedia,../fashion_data/raw/fashionpedia/images/test/ac14ee8a27be712ac0123b69d376b0be.jpg,fashionpedia_ann_1673,skirt,skirt,8,1673,,../fashion_data/processed/fashionpedia_train_expanded_v3_underrepresented/full_masks/skirt_ann1673_img17085.png,,,136,414,527,754,391,340,683,1024,Fashionpedia instances_attributes_val2020.json expanded-train-v3-underrepresented
,Fashionpedia,../fashion_data/raw/fashionpedia/images/test/e9276aedf39f09ebe6ded9e203982fea.jpg,fashionpedia_ann_1024,skirt,skirt,8,1024,,../fashion_data/processed/fashionpedia_train_expanded_v3_underrepresented/full_masks/skirt_ann1024_img16221.png,,,86,404,352,687,266,283,514,1024,Fashionpedia instances_attributes_val2020.json expanded-train-v3-underrepresented
,Fashionpedia,../fashion_data/raw/fashionpedia/images/test/7b66a70eae5ccb7bf914f674b7153c5b.jpg,fashionpedia_ann_8068,skirt,skirt,8,8068,,../fashion_data/processed/fashionpedia_train_expanded_v3_underrepresented/full_masks/skirt_ann8068_img12174.png,,,128,806,511,1024,383,218,680,1024,Fashionpedia instances_attributes_val2020.json expanded-train-v3-underrepresented
,Fashionpedia,../fashion_data/raw/fashionpedia/images/test/4cea97e3bd3c0e426073cf4fe482b9ad.jpg,fashionpedia_ann_2357,skirt,skirt,8,2357,,../fashion_data/processed/fashionpedia_train_expanded_v3_underrepresented/full_masks/skirt_ann2357_img17848.png,,,170,460,352,647,182,187,632,1024,Fashionpedia instances_attributes_val2020.json expanded-train-v3-underrepresented
,Fashionpedia,../fashion_data/raw/fashionpedia/images/test/cb49b883e995b9102d831e4640c0d195.jpg,fashionpedia_ann_2310,skirt,skirt,8,2310,,../fashion_data/processed/fashionpedia_train_expanded_v3_underrepresented/full_masks/skirt_ann2310_img17775.png,,,436,236,576,392,140,156,1024,682,Fashionpedia instances_attributes_val2020.json expanded-train-v3-underrepresented
,Fashionpedia,../fashion_data/raw/fashionpedia/images/test/9085ccba6fd779e3d5fffc61deda567e.jpg,fashionpedia_ann_4634,skirt,skirt,8,4634,,../fashion_data/processed/fashionpedia_train_expanded_v3_underrepresented/full_masks/skirt_ann4634_img20067.png,,,283,335,441,497,158,162,1024,678,Fashionpedia instances_attributes_val2020.json expanded-train-v3-underrepresented
,Fashionpedia,../fashion_data/raw/fashionpedia/images/test/cb43bd1cf64a15ba6d0bea9e343247ed.jpg,fashionpedia_ann_9155,skirt,skirt,8,9155,,../fashion_data/processed/fashionpedia_train_expanded_v3_underrepresented/full_masks/skirt_ann9155_img13470.png,,,149,389,336,659,187,270,633,1024,Fashionpedia instances_attributes_val2020.json expanded-train-v3-underrepresented
,Fashionpedia,../fashion_data/raw/fashionpedia/images/test/33a3fc04da3b454d27f5fdc5e8bb0f53.jpg,fashionpedia_ann_5510,outerwear,cardigan,3,5510,,../fashion_data/processed/fashionpedia_train_expanded_v3_underrepresented/full_masks/outerwear_ann5510_img9223.png,,,294,69,660,564,366,495,1024,1024,Fashionpedia instances_attributes_val2020.json expanded-train-v3-underrepresented
,Fashionpedia,../fashion_data/raw/fashionpedia/images/test/badb9c0f2ba832076e6a6c52bf2e570a.jpg,fashionpedia_ann_4668,outerwear,coat,9,4668,,../fashion_data/processed/fashionpedia_train_expanded_v3_underrepresented/full_masks/outerwear_ann4668_img20144.png,,,335,293,627,1013,292,720,835,1024,Fashionpedia instances_attributes_val2020.json expanded-train-v3-underrepresented
,Fashionpedia,../fashion_data/raw/fashionpedia/images/test/5fd78b0a8107415548b93f29bb5210f1.jpg,fashionpedia_ann_4980,outerwear,cape,12,4980,,../fashion_data/processed/fashionpedia_train_expanded_v3_underrepresented/full_masks/outerwear_ann4980_img18974.png,,,203,220,451,473,248,253,681,1024,Fashionpedia instances_attributes_val2020.json expanded-train-v3-underrepresented
,Fashionpedia,../fashion_data/raw/fashionpedia/images/test/1c1b439e448879f805e8c827605ec96b.jpg,fashionpedia_ann_5456,outerwear,jacket,4,5456,,../fashion_data/processed/fashionpedia_train_expanded_v3_underrepresented/full_masks/outerwear_ann5456_img9147.png,,,140,311,632,987,492,676,834,1024,Fashionpedia instances_attributes_val2020.json expanded-train-v3-underrepresented
,Fashionpedia,../fashion_data/raw/fashionpedia/images/test/790cc5b2e3f130e9f45cde050b74c055.jpg,fashionpedia_ann_81,outerwear,cardigan,3,81,,../fashion_data/processed/fashionpedia_train_expanded_v3_underrepresented/full_masks/outerwear_ann81_img15106.png,,,395,180,645,569,250,389,1024,1024,Fashionpedia instances_attributes_val2020.json expanded-train-v3-underrepresented
,Fashionpedia,../fashion_data/raw/fashionpedia/images/test/e636280e96f3863157a4398c92fc299e.jpg,fashionpedia_ann_8486,outerwear,coat,9,8486,,../fashion_data/processed/fashionpedia_train_expanded_v3_underrepresented/full_masks/outerwear_ann8486_img12889.png,,,150,88,453,763,303,675,682,1024,Fashionpedia instances_attributes_val2020.json expanded-train-v3-underrepresented
,Fashionpedia,../fashion_data/raw/fashionpedia/images/test/b17d79fdd2bf0062d63674fa366293b5.jpg,fashionpedia_ann_2292,outerwear,cape,12,2292,,../fashion_data/processed/fashionpedia_train_expanded_v3_underrepresented/full_masks/outerwear_ann2292_img17764.png,,,127,116,593,535,466,419,680,1024,Fashionpedia instances_attributes_val2020.json expanded-train-v3-underrepresented
,Fashionpedia,../fashion_data/raw/fashionpedia/images/test/20cce77f20aada8462856157a7957d8f.jpg,fashionpedia_ann_5941,outerwear,cardigan,3,5941,,../fashion_data/processed/fashionpedia_train_expanded_v3_underrepresented/full_masks/outerwear_ann5941_img9690.png,,,179,206,457,581,278,375,682,1024,Fashionpedia instances_attributes_val2020.json expanded-train-v3-underrepresented
,Fashionpedia,../fashion_data/raw/fashionpedia/images/test/bd8d3293d99b77a3fa0ec0dd058235dc.jpg,fashionpedia_ann_7130,outerwear,coat,9,7130,,../fashion_data/processed/fashionpedia_train_expanded_v3_underrepresented/full_masks/outerwear_ann7130_img11013.png,,,211,231,464,668,253,437,683,1024,Fashionpedia instances_attributes_val2020.json expanded-train-v3-underrepresented
,Fashionpedia,../fashion_data/raw/fashionpedia/images/test/7be5e15df33ddfd91374e7f3236b0933.jpg,fashionpedia_ann_7728,outerwear,jacket,4,7728,,../fashion_data/processed/fashionpedia_train_expanded_v3_underrepresented/full_masks/outerwear_ann7728_img11775.png,,,163,350,421,555,258,205,680,1024,Fashionpedia instances_attributes_val2020.json expanded-train-v3-underrepresented
,Fashionpedia,../fashion_data/raw/fashionpedia/images/test/065fd62a332e15121c5f8713a5bc6bbc.jpg,fashionpedia_ann_6147,outerwear,cardigan,3,6147,,../fashion_data/processed/fashionpedia_train_expanded_v3_underrepresented/full_masks/outerwear_ann6147_img9891.png,,,486,32,734,467,248,435,1024,682,Fashionpedia instances_attributes_val2020.json expanded-train-v3-underrepresented
,Fashionpedia,../fashion_data/raw/fashionpedia/images/test/91eeab2f8925619cbcaae92a12d83bc8.jpg,fashionpedia_ann_5253,outerwear,coat,9,5253,,../fashion_data/processed/fashionpedia_train_expanded_v3_underrepresented/full_masks/outerwear_ann5253_img8935.png,,,150,165,393,549,243,384,677,1024,Fashionpedia instances_attributes_val2020.json expanded-train-v3-underrepresented
,Fashionpedia,../fashion_data/raw/fashionpedia/images/test/563f37df673fa80cfc369fbcf4a9869a.jpg,fashionpedia_ann_1909,outerwear,cardigan,3,1909,,../fashion_data/processed/fashionpedia_train_expanded_v3_underrepresented/full_masks/outerwear_ann1909_img17312.png,,,43,563,533,1024,490,461,680,1024,Fashionpedia instances_attributes_val2020.json expanded-train-v3-underrepresented
,Fashionpedia,../fashion_data/raw/fashionpedia/images/test/6d734ccae856df8a0bf85bb3f658bbbb.jpg,fashionpedia_ann_327,outerwear,coat,9,327,,../fashion_data/processed/fashionpedia_train_expanded_v3_underrepresented/full_masks/outerwear_ann327_img15459.png,,,171,185,453,619,282,434,545,1024,Fashionpedia instances_attributes_val2020.json expanded-train-v3-underrepresented
,Fashionpedia,../fashion_data/raw/fashionpedia/images/test/ebb38e79797679a23f7959ebbe0337a0.jpg,fashionpedia_ann_2385,outerwear,jacket,4,2385,,../fashion_data/processed/fashionpedia_train_expanded_v3_underrepresented/full_masks/outerwear_ann2385_img17869.png,,,108,333,577,842,469,509,680,1024,Fashionpedia instances_attributes_val2020.json expanded-train-v3-underrepresented
,Fashionpedia,../fashion_data/raw/fashionpedia/images/test/03fc99c4deaf14724ef6277dec16b8e8.jpg,fashionpedia_ann_317,outerwear,coat,9,317,,../fashion_data/processed/fashionpedia_train_expanded_v3_underrepresented/full_masks/outerwear_ann317_img15424.png,,,204,130,535,598,331,468,682,1024,Fashionpedia instances_attributes_val2020.json expanded-train-v3-underrepresented
,Fashionpedia,../fashion_data/raw/fashionpedia/images/test/ba49f22a7e2927ec0df677e4d199c93d.jpg,fashionpedia_ann_4137,outerwear,jacket,4,4137,,../fashion_data/processed/fashionpedia_train_expanded_v3_underrepresented/full_masks/outerwear_ann4137_img19602.png,,,122,181,384,507,262,326,683,1024,Fashionpedia instances_attributes_val2020.json expanded-train-v3-underrepresented
,Fashionpedia,../fashion_data/raw/fashionpedia/images/test/99182c4ad8ec61c657126e02fb09524b.jpg,fashionpedia_ann_6167,outerwear,coat,9,6167,,../fashion_data/processed/fashionpedia_train_expanded_v3_underrepresented/full_masks/outerwear_ann6167_img9908.png,,,183,203,422,641,239,438,682,1024,Fashionpedia instances_attributes_val2020.json expanded-train-v3-underrepresented
,Fashionpedia,../fashion_data/raw/fashionpedia/images/test/c9d696c1abd41188c49b0a88ed46161e.jpg,fashionpedia_ann_2652,outerwear,jacket,4,2652,,../fashion_data/processed/fashionpedia_train_expanded_v3_underrepresented/full_masks/outerwear_ann2652_img18208.png,,,188,423,456,794,268,371,680,1024,Fashionpedia instances_attributes_val2020.json expanded-train-v3-underrepresented
,Fashionpedia,../fashion_data/raw/fashionpedia/images/test/b246457b56c522682a2400286ca834ec.jpg,fashionpedia_ann_2838,outerwear,coat,9,2838,,../fashion_data/processed/fashionpedia_train_expanded_v3_underrepresented/full_masks/outerwear_ann2838_img16116.png,,,102,201,370,615,268,414,446,1024,Fashionpedia instances_attributes_val2020.json expanded-train-v3-underrepresented
,Fashionpedia,../fashion_data/raw/fashionpedia/images/test/5d7f5a1b4d12d8931d03c3e7e1060689.jpg,fashionpedia_ann_6932,outerwear,jacket,4,6932,,../fashion_data/processed/fashionpedia_train_expanded_v3_underrepresented/full_masks/outerwear_ann6932_img10852.png,,,229,213,461,510,232,297,681,1024,Fashionpedia instances_attributes_val2020.json expanded-train-v3-underrepresented
,Fashionpedia,../fashion_data/raw/fashionpedia/images/test/d2577921e35bba15a9a907544b492ec8.jpg,fashionpedia_ann_4473,outerwear,coat,9,4473,,../fashion_data/processed/fashionpedia_train_expanded_v3_underrepresented/full_masks/outerwear_ann4473_img19873.png,,,166,205,465,656,299,451,683,1024,Fashionpedia instances_attributes_val2020.json expanded-train-v3-underrepresented
,Fashionpedia,../fashion_data/raw/fashionpedia/images/test/bcb708e46152e97a939f51acde40bfbe.jpg,fashionpedia_ann_4245,outerwear,jacket,4,4245,,../fashion_data/processed/fashionpedia_train_expanded_v3_underrepresented/full_masks/outerwear_ann4245_img19681.png,,,203,216,473,553,270,337,681,1024,Fashionpedia instances_attributes_val2020.json expanded-train-v3-underrepresented
,Fashionpedia,../fashion_data/raw/fashionpedia/images/test/75850809cabb412eb28ff5b9c732cc5e.jpg,fashionpedia_ann_6524,outerwear,coat,9,6524,,../fashion_data/processed/fashionpedia_train_expanded_v3_underrepresented/full_masks/outerwear_ann6524_img10544.png,,,178,403,324,702,146,299,682,1024,Fashionpedia instances_attributes_val2020.json expanded-train-v3-underrepresented
,Fashionpedia,../fashion_data/raw/fashionpedia/images/test/bd4c2ae0478c2162033a02216e394604.jpg,fashionpedia_ann_6288,outerwear,jacket,4,6288,,../fashion_data/processed/fashionpedia_train_expanded_v3_underrepresented/full_masks/outerwear_ann6288_img10149.png,,,286,212,611,687,325,475,792,1024,Fashionpedia instances_attributes_val2020.json expanded-train-v3-underrepresented
,Fashionpedia,../fashion_data/raw/fashionpedia/images/test/981fa1400f6240e4a3d5082b95b667a2.jpg,fashionpedia_ann_5907,outerwear,coat,9,5907,,../fashion_data/processed/fashionpedia_train_expanded_v3_underrepresented/full_masks/outerwear_ann5907_img9658.png,,,95,153,383,510,288,357,683,1024,Fashionpedia instances_attributes_val2020.json expanded-train-v3-underrepresented
,Fashionpedia,../fashion_data/raw/fashionpedia/images/test/05df29d770955d6fe8d7873982aba082.jpg,fashionpedia_ann_6313,outerwear,jacket,4,6313,,../fashion_data/processed/fashionpedia_train_expanded_v3_underrepresented/full_masks/outerwear_ann6313_img10184.png,,,175,287,446,585,271,298,682,1024,Fashionpedia instances_attributes_val2020.json expanded-train-v3-underrepresented
,Fashionpedia,../fashion_data/raw/fashionpedia/images/test/0d25b761d9b146cfa820b2a7364b5bf7.jpg,fashionpedia_ann_6646,outerwear,coat,9,6646,,../fashion_data/processed/fashionpedia_train_expanded_v3_underrepresented/full_masks/outerwear_ann6646_img9548.png,,,296,42,781,682,485,640,1024,682,Fashionpedia instances_attributes_val2020.json expanded-train-v3-underrepresented
,Fashionpedia,../fashion_data/raw/fashionpedia/images/test/d32d4af30a095bfe47c8cb3c0e09935a.jpg,fashionpedia_ann_1001,outerwear,jacket,4,1001,,../fashion_data/processed/fashionpedia_train_expanded_v3_underrepresented/full_masks/outerwear_ann1001_img16160.png,,,192,199,482,525,290,326,683,1024,Fashionpedia instances_attributes_val2020.json expanded-train-v3-underrepresented
,Fashionpedia,../fashion_data/raw/fashionpedia/images/test/6eb416609af49947f1ef307d2ee14dbd.jpg,fashionpedia_ann_2640,outerwear,coat,9,2640,,../fashion_data/processed/fashionpedia_train_expanded_v3_underrepresented/full_masks/outerwear_ann2640_img18190.png,,,107,188,492,746,385,558,683,1024,Fashionpedia instances_attributes_val2020.json expanded-train-v3-underrepresented
,Fashionpedia,../fashion_data/raw/fashionpedia/images/test/f79f1d0fc8dfae388e8a1887623228ea.jpg,fashionpedia_ann_7811,outerwear,jacket,4,7811,,../fashion_data/processed/fashionpedia_train_expanded_v3_underrepresented/full_masks/outerwear_ann7811_img11895.png,,,429,150,633,356,204,206,1024,682,Fashionpedia instances_attributes_val2020.json expanded-train-v3-underrepresented
,Fashionpedia,../fashion_data/raw/fashionpedia/images/test/9171c0d10e43e4b5987a705e552568d7.jpg,fashionpedia_ann_8431,outerwear,coat,9,8431,,../fashion_data/processed/fashionpedia_train_expanded_v3_underrepresented/full_masks/outerwear_ann8431_img12567.png,,,272,200,526,656,254,456,632,1024,Fashionpedia instances_attributes_val2020.json expanded-train-v3-underrepresented
,Fashionpedia,../fashion_data/raw/fashionpedia/images/test/3be4a0ddad745d76116775dbb474cd3f.jpg,fashionpedia_ann_3257,outerwear,jacket,4,3257,,../fashion_data/processed/fashionpedia_train_expanded_v3_underrepresented/full_masks/outerwear_ann3257_img18704.png,,,239,195,916,566,677,371,1024,582,Fashionpedia instances_attributes_val2020.json expanded-train-v3-underrepresented
,Fashionpedia,../fashion_data/raw/fashionpedia/images/test/2e0668607ef88383e3fae4925b12cef8.jpg,fashionpedia_ann_4680,outerwear,coat,9,4680,,../fashion_data/processed/fashionpedia_train_expanded_v3_underrepresented/full_masks/outerwear_ann4680_img20159.png,,,238,230,497,633,259,403,683,1024,Fashionpedia instances_attributes_val2020.json expanded-train-v3-underrepresented
,Fashionpedia,../fashion_data/raw/fashionpedia/images/test/c289db2928b41ea6f09a2b7a1abe6ca5.jpg,fashionpedia_ann_9300,outerwear,jacket,4,9300,,../fashion_data/processed/fashionpedia_train_expanded_v3_underrepresented/full_masks/outerwear_ann9300_img13595.png,,,299,153,535,496,236,343,570,1024,Fashionpedia instances_attributes_val2020.json expanded-train-v3-underrepresented
,Fashionpedia,../fashion_data/raw/fashionpedia/images/test/b22ea58665d776f693c9f13635499460.jpg,fashionpedia_ann_8888,outerwear,coat,9,8888,,../fashion_data/processed/fashionpedia_train_expanded_v3_underrepresented/full_masks/outerwear_ann8888_img13256.png,,,146,165,408,804,262,639,677,1024,Fashionpedia instances_attributes_val2020.json expanded-train-v3-underrepresented
,Fashionpedia,../fashion_data/raw/fashionpedia/images/test/aa436971de7a39708edbc4d5e9e969cc.jpg,fashionpedia_ann_2684,outerwear,jacket,4,2684,,../fashion_data/processed/fashionpedia_train_expanded_v3_underrepresented/full_masks/outerwear_ann2684_img18247.png,,,246,204,526,564,280,360,680,1024,Fashionpedia instances_attributes_val2020.json expanded-train-v3-underrepresented
,Fashionpedia,../fashion_data/raw/fashionpedia/images/test/6ca502fc807f6f8e19ea48f1d88452a7.jpg,fashionpedia_ann_7806,outerwear,coat,9,7806,,../fashion_data/processed/fashionpedia_train_expanded_v3_underrepresented/full_masks/outerwear_ann7806_img11893.png,,,195,208,458,619,263,411,681,1024,Fashionpedia instances_attributes_val2020.json expanded-train-v3-underrepresented
,Fashionpedia,../fashion_data/raw/fashionpedia/images/test/069223d02dcbfbe69af905daeb7fae26.jpg,fashionpedia_ann_8660,outerwear,jacket,4,8660,,../fashion_data/processed/fashionpedia_train_expanded_v3_underrepresented/full_masks/outerwear_ann8660_img12842.png,,,281,198,562,489,281,291,682,1024,Fashionpedia instances_attributes_val2020.json expanded-train-v3-underrepresented
,Fashionpedia,../fashion_data/raw/fashionpedia/images/test/4f9742189256a459260eb22543154825.jpg,fashionpedia_ann_875,outerwear,coat,9,875,,../fashion_data/processed/fashionpedia_train_expanded_v3_underrepresented/full_masks/outerwear_ann875_img15967.png,,,163,230,470,786,307,556,635,1024,Fashionpedia instances_attributes_val2020.json expanded-train-v3-underrepresented
,Fashionpedia,../fashion_data/raw/fashionpedia/images/test/166db2094576d8c91dd7b367e695e9a2.jpg,fashionpedia_ann_8980,dress,dress,10,8980,,../fashion_data/processed/fashionpedia_train_expanded_v3_underrepresented/full_masks/dress_ann8980_img11477.png,,,201,228,440,769,239,541,682,1024,Fashionpedia instances_attributes_val2020.json expanded-train-v3-underrepresented
,Fashionpedia,../fashion_data/raw/fashionpedia/images/test/6ff1187d58522da123a25c0e8354f29f.jpg,fashionpedia_ann_1593,dress,dress,10,1593,,../fashion_data/processed/fashionpedia_train_expanded_v3_underrepresented/full_masks/dress_ann1593_img15538.png,,,226,187,404,372,178,185,682,1024,Fashionpedia instances_attributes_val2020.json expanded-train-v3-underrepresented
,Fashionpedia,../fashion_data/raw/fashionpedia/images/test/de200aec795d128d7f09ac8e80368058.jpg,fashionpedia_ann_6577,dress,dress,10,6577,,../fashion_data/processed/fashionpedia_train_expanded_v3_underrepresented/full_masks/dress_ann6577_img10613.png,,,371,426,663,789,292,363,682,1024,Fashionpedia instances_attributes_val2020.json expanded-train-v3-underrepresented
,Fashionpedia,../fashion_data/raw/fashionpedia/images/test/5b119f366a58e6706b6c721fb0c52d9d.jpg,fashionpedia_ann_2936,dress,dress,10,2936,,../fashion_data/processed/fashionpedia_train_expanded_v3_underrepresented/full_masks/dress_ann2936_img16820.png,,,186,333,546,985,360,652,682,1024,Fashionpedia instances_attributes_val2020.json expanded-train-v3-underrepresented
,Fashionpedia,../fashion_data/raw/fashionpedia/images/test/4c796269b7c4578353de5be59efbb9f9.jpg,fashionpedia_ann_7986,dress,dress,10,7986,,../fashion_data/processed/fashionpedia_train_expanded_v3_underrepresented/full_masks/dress_ann7986_img11041.png,,,223,288,446,793,223,505,681,1024,Fashionpedia instances_attributes_val2020.json expanded-train-v3-underrepresented
,Fashionpedia,../fashion_data/raw/fashionpedia/images/test/8be355cc27de8de90e70100fd6d9c242.jpg,fashionpedia_ann_4556,dress,dress,10,4556,,../fashion_data/processed/fashionpedia_train_expanded_v3_underrepresented/full_masks/dress_ann4556_img20009.png,,,204,331,444,1024,240,693,682,1024,Fashionpedia instances_attributes_val2020.json expanded-train-v3-underrepresented
,Fashionpedia,../fashion_data/raw/fashionpedia/images/test/37370ccfad7a49a1121ad83eb0a39b87.jpg,fashionpedia_ann_1876,dress,dress,10,1876,,../fashion_data/processed/fashionpedia_train_expanded_v3_underrepresented/full_masks/dress_ann1876_img17261.png,,,230,186,449,713,219,527,683,1024,Fashionpedia instances_attributes_val2020.json expanded-train-v3-underrepresented
,Fashionpedia,../fashion_data/raw/fashionpedia/images/test/fd567ffad275955ac945eeeacc1fdac5.jpg,fashionpedia_ann_5971,dress,dress,10,5971,,../fashion_data/processed/fashionpedia_train_expanded_v3_underrepresented/full_masks/dress_ann5971_img9692.png,,,195,279,540,767,345,488,680,1024,Fashionpedia instances_attributes_val2020.json expanded-train-v3-underrepresented
,Fashionpedia,../fashion_data/raw/fashionpedia/images/test/8013b694ce0185715887693a5728c3aa.jpg,fashionpedia_ann_5658,dress,dress,10,5658,,../fashion_data/processed/fashionpedia_train_expanded_v3_underrepresented/full_masks/dress_ann5658_img9396.png,,,141,348,542,1022,401,674,681,1024,Fashionpedia instances_attributes_val2020.json expanded-train-v3-underrepresented
,Fashionpedia,../fashion_data/raw/fashionpedia/images/test/28772cc5485a105f5bf8bfafedfc66b6.jpg,fashionpedia_ann_4414,dress,dress,10,4414,,../fashion_data/processed/fashionpedia_train_expanded_v3_underrepresented/full_masks/dress_ann4414_img19817.png,,,198,178,454,654,256,476,683,1024,Fashionpedia instances_attributes_val2020.json expanded-train-v3-underrepresented
,Fashionpedia,../fashion_data/raw/fashionpedia/images/test/18b2f32e876170304b2b6860ae127ba5.jpg,fashionpedia_ann_8603,dress,dress,10,8603,,../fashion_data/processed/fashionpedia_train_expanded_v3_underrepresented/full_masks/dress_ann8603_img12829.png,,,196,263,485,673,289,410,682,1024,Fashionpedia instances_attributes_val2020.json expanded-train-v3-underrepresented
,Fashionpedia,../fashion_data/raw/fashionpedia/images/test/af496316395f8375383561f51fd5c731.jpg,fashionpedia_ann_7544,dress,dress,10,7544,,../fashion_data/processed/fashionpedia_train_expanded_v3_underrepresented/full_masks/dress_ann7544_img11522.png,,,168,196,424,669,256,473,636,1024,Fashionpedia instances_attributes_val2020.json expanded-train-v3-underrepresented
,Fashionpedia,../fashion_data/raw/fashionpedia/images/test/32a9113ae978781167bebd03f8c61438.jpg,fashionpedia_ann_3915,dress,dress,10,3915,,../fashion_data/processed/fashionpedia_train_expanded_v3_underrepresented/full_masks/dress_ann3915_img19441.png,,,166,267,361,671,195,404,632,1024,Fashionpedia instances_attributes_val2020.json expanded-train-v3-underrepresented
,Fashionpedia,../fashion_data/raw/fashionpedia/images/test/88594d2c3e6bc16310571a20f9e13791.jpg,fashionpedia_ann_4330,dress,dress,10,4330,,../fashion_data/processed/fashionpedia_train_expanded_v3_underrepresented/full_masks/dress_ann4330_img19786.png,,,321,399,709,1024,388,625,1024,1024,Fashionpedia instances_attributes_val2020.json expanded-train-v3-underrepresented
,Fashionpedia,../fashion_data/raw/fashionpedia/images/test/33a5bdedbd732f7fdd89d558b78707ef.jpg,fashionpedia_ann_824,dress,dress,10,824,,../fashion_data/processed/fashionpedia_train_expanded_v3_underrepresented/full_masks/dress_ann824_img15901.png,,,105,219,429,559,324,340,501,1024,Fashionpedia instances_attributes_val2020.json expanded-train-v3-underrepresented
,Fashionpedia,../fashion_data/raw/fashionpedia/images/test/88383c53ef2404f1596e41e45ebe5ddd.jpg,fashionpedia_ann_1578,dress,dress,10,1578,,../fashion_data/processed/fashionpedia_train_expanded_v3_underrepresented/full_masks/dress_ann1578_img15276.png,,,206,284,458,891,252,607,683,1024,Fashionpedia instances_attributes_val2020.json expanded-train-v3-underrepresented
,Fashionpedia,../fashion_data/raw/fashionpedia/images/test/bf08a1955bfce99f913046ef11600913.jpg,fashionpedia_ann_4055,dress,dress,10,4055,,../fashion_data/processed/fashionpedia_train_expanded_v3_underrepresented/full_masks/dress_ann4055_img19498.png,,,228,194,499,627,271,433,682,1024,Fashionpedia instances_attributes_val2020.json expanded-train-v3-underrepresented
,Fashionpedia,../fashion_data/raw/fashionpedia/images/test/6b4ee84a44b076120d58c0ebb74f313a.jpg,fashionpedia_ann_2775,dress,dress,10,2775,,../fashion_data/processed/fashionpedia_train_expanded_v3_underrepresented/full_masks/dress_ann2775_img18369.png,,,142,366,368,768,226,402,694,1024,Fashionpedia instances_attributes_val2020.json expanded-train-v3-underrepresented
,Fashionpedia,../fashion_data/raw/fashionpedia/images/test/06cc4cc3fd423fb82ce78a63c903cc5b.jpg,fashionpedia_ann_5882,dress,dress,10,5882,,../fashion_data/processed/fashionpedia_train_expanded_v3_underrepresented/full_masks/dress_ann5882_img9640.png,,,664,248,807,586,143,338,1024,682,Fashionpedia instances_attributes_val2020.json expanded-train-v3-underrepresented
,Fashionpedia,../fashion_data/raw/fashionpedia/images/test/68d6747a3e74f059dddb6d75f624f21c.jpg,fashionpedia_ann_6294,dress,dress,10,6294,,../fashion_data/processed/fashionpedia_train_expanded_v3_underrepresented/full_masks/dress_ann6294_img10160.png,,,191,220,371,628,180,408,768,1024,Fashionpedia instances_attributes_val2020.json expanded-train-v3-underrepresented
,Fashionpedia,../fashion_data/raw/fashionpedia/images/test/7a2ef4e4f9ecd5180e2dac23764704b3.jpg,fashionpedia_ann_4832,dress,dress,10,4832,,../fashion_data/processed/fashionpedia_train_expanded_v3_underrepresented/full_masks/dress_ann4832_img20291.png,,,363,195,516,683,153,488,786,1024,Fashionpedia instances_attributes_val2020.json expanded-train-v3-underrepresented
,Fashionpedia,../fashion_data/raw/fashionpedia/images/test/a92c830ce1c63bd3db9624337ce94c0a.jpg,fashionpedia_ann_7144,dress,dress,10,7144,,../fashion_data/processed/fashionpedia_train_expanded_v3_underrepresented/full_masks/dress_ann7144_img11070.png,,,247,172,452,969,205,797,683,1024,Fashionpedia instances_attributes_val2020.json expanded-train-v3-underrepresented
,Fashionpedia,../fashion_data/raw/fashionpedia/images/test/59972d4827e58fd77ceac9dd7f0b42c7.jpg,fashionpedia_ann_7051,dress,dress,10,7051,,../fashion_data/processed/fashionpedia_train_expanded_v3_underrepresented/full_masks/dress_ann7051_img10954.png,,,27,304,490,1023,463,719,682,1024,Fashionpedia instances_attributes_val2020.json expanded-train-v3-underrepresented
,Fashionpedia,../fashion_data/raw/fashionpedia/images/test/a9004798c12909fa5899900577bb45a2.jpg,fashionpedia_ann_1283,dress,dress,10,1283,,../fashion_data/processed/fashionpedia_train_expanded_v3_underrepresented/full_masks/dress_ann1283_img16583.png,,,244,197,451,526,207,329,682,1024,Fashionpedia instances_attributes_val2020.json expanded-train-v3-underrepresented
,Fashionpedia,../fashion_data/raw/fashionpedia/images/test/8d81e4ca92e63119e1ed5dacdddc0430.jpg,fashionpedia_ann_7617,dress,dress,10,7617,,../fashion_data/processed/fashionpedia_train_expanded_v3_underrepresented/full_masks/dress_ann7617_img11609.png,,,109,275,563,682,454,407,1024,682,Fashionpedia instances_attributes_val2020.json expanded-train-v3-underrepresented
,Fashionpedia,../fashion_data/raw/fashionpedia/images/test/f4ffe227f128ce8aa508f300c03966b7.jpg,fashionpedia_ann_4957,dress,dress,10,4957,,../fashion_data/processed/fashionpedia_train_expanded_v3_underrepresented/full_masks/dress_ann4957_img18518.png,,,229,264,460,635,231,371,684,1024,Fashionpedia instances_attributes_val2020.json expanded-train-v3-underrepresented
,Fashionpedia,../fashion_data/raw/fashionpedia/images/test/0094940c58c343b742f48ae26eb5e9fa.jpg,fashionpedia_ann_7443,dress,dress,10,7443,,../fashion_data/processed/fashionpedia_train_expanded_v3_underrepresented/full_masks/dress_ann7443_img11379.png,,,10,230,588,824,578,594,683,1024,Fashionpedia instances_attributes_val2020.json expanded-train-v3-underrepresented
,Fashionpedia,../fashion_data/raw/fashionpedia/images/test/d23d0383fa7e5e512eba48cdf9b8f5cb.jpg,fashionpedia_ann_8005,dress,dress,10,8005,,../fashion_data/processed/fashionpedia_train_expanded_v3_underrepresented/full_masks/dress_ann8005_img11917.png,,,205,259,425,674,220,415,680,1024,Fashionpedia instances_attributes_val2020.json expanded-train-v3-underrepresented
,Fashionpedia,../fashion_data/raw/fashionpedia/images/test/ae8c7fa59cb054a8e15b2d6518c95ee3.jpg,fashionpedia_ann_8615,dress,dress,10,8615,,../fashion_data/processed/fashionpedia_train_expanded_v3_underrepresented/full_masks/dress_ann8615_img12836.png,,,172,263,521,759,349,496,682,1024,Fashionpedia instances_attributes_val2020.json expanded-train-v3-underrepresented
,Fashionpedia,../fashion_data/raw/fashionpedia/images/test/05d26dad11c6bca43d37df0c16d91bc9.jpg,fashionpedia_ann_456,dress,dress,10,456,,../fashion_data/processed/fashionpedia_train_expanded_v3_underrepresented/full_masks/dress_ann456_img15568.png,,,212,380,358,762,146,382,632,1024,Fashionpedia instances_attributes_val2020.json expanded-train-v3-underrepresented
,Fashionpedia,../fashion_data/raw/fashionpedia/images/test/c0516e19209daa9918403bf876011f1a.jpg,fashionpedia_ann_160,dress,dress,10,160,,../fashion_data/processed/fashionpedia_train_expanded_v3_underrepresented/full_masks/dress_ann160_img15236.png,,,233,187,434,605,201,418,683,1024,Fashionpedia instances_attributes_val2020.json expanded-train-v3-underrepresented
