candidate_id,region,image_name,item_id,parent_crop_path,target_present,visibility,baseline_quality,baseline_detected,selected_detected,selected_score,selected_box_area_ratio_parent,selected_condition,selected_box_parent_json,diagnostic_quality,review_note
pocket_010,pocket,000135.jpg,item2,outputs/prd_region_coverage/pocket_decoration_prompt_scale_v1/parent_crops/pocket/pocket_010_000135.jpg,yes,clear,missed,no,yes,0.771529,0.940352,full__baseline_prompt,"[8.227305783483082, 15.70200320561727, 423.12234433111314, 567.646855061849]",,
pocket_012,pocket,000393.jpg,item1,outputs/prd_region_coverage/pocket_decoration_prompt_scale_v1/parent_crops/pocket/pocket_012_000393.jpg,yes,clear,missed,no,yes,0.716302,0.989953,full__baseline_prompt,"[0.8151742924072978, 1.0954339504241943, 382.2020885194598, 571.7315368652344]",,
pocket_016,pocket,000400.jpg,item1,outputs/prd_region_coverage/pocket_decoration_prompt_scale_v1/parent_crops/pocket/pocket_016_000400.jpg,yes,clear,missed,no,yes,0.711226,0.957641,full__baseline_prompt,"[0.07650509476661682, 0.25577932596206665, 254.96542576381137, 393.05955607096354]",,
pocket_020,pocket,000098.jpg,item1,outputs/prd_region_coverage/pocket_decoration_prompt_scale_v1/parent_crops/pocket/pocket_020_000098.jpg,yes,clear,missed,no,yes,0.82484,0.96514,full__baseline_prompt,"[3.4010697182644622, 0.45668578147888184, 340.8506567108497, 685.2335139973958]",,
pocket_021,pocket,000097.jpg,item1,outputs/prd_region_coverage/pocket_decoration_prompt_scale_v1/parent_crops/pocket/pocket_021_000097.jpg,yes,clear,missed,no,yes,0.813888,0.950335,full__baseline_prompt,"[8.448950383474832, 1.5020936727523804, 395.9009918036489, 696.1391229248046]",,
decoration_005,decoration,000366.jpg,item1,outputs/prd_region_coverage/pocket_decoration_prompt_scale_v1/parent_crops/decoration/decoration_005_000366.jpg,yes,clear,missed,no,yes,0.614848,0.221527,full__baseline_prompt,"[122.37022338867189, 168.491083129742, 343.2884996202257, 378.301818002879]",,
decoration_006,decoration,000109.jpg,item1,outputs/prd_region_coverage/pocket_decoration_prompt_scale_v1/parent_crops/decoration/decoration_006_000109.jpg,yes,clear,missed,no,yes,0.620991,0.956274,full__baseline_prompt,"[3.5884201526641846, 4.8769354820251465, 448.7159729003906, 391.57366943359375]",,
decoration_007,decoration,000205.jpg,item2,outputs/prd_region_coverage/pocket_decoration_prompt_scale_v1/parent_crops/decoration/decoration_007_000205.jpg,yes,clear,missed,no,yes,0.623585,0.976216,full__baseline_prompt,"[5.751085048675538, 1.556196391582489, 338.27209350585935, 406.6177474636502]",,
decoration_009,decoration,000052.jpg,item1,outputs/prd_region_coverage/pocket_decoration_prompt_scale_v1/parent_crops/decoration/decoration_009_000052.jpg,yes,clear,missed,no,yes,0.53317,0.943526,full__baseline_prompt,"[7.547138571739197, 6.437449094984267, 389.8418245817486, 466.95250311957466]",,
decoration_016,decoration,000354.jpg,item1,outputs/prd_region_coverage/pocket_decoration_prompt_scale_v1/parent_crops/decoration/decoration_016_000354.jpg,yes,clear,missed,no,yes,0.588638,0.989221,full__baseline_prompt,"[1.3131825923919678, 1.2170011103153229, 463.75685534541003, 622.2408539496528]",,
