source_image,garment_id,garment_category,garment_length_proxy,chest_width_ratio,waist_width_ratio,hem_width_ratio,waist_to_chest_ratio,hem_to_chest_ratio,lower_taper_slope,width_profile_cv,valid_row_fraction,geometry_quality
../fashion_data/raw/train/train/image/011261.jpg,item2_long_sleeve_top,top,0.5123287671232877,0.8876404494382022,0.9269662921348315,0.9887640449438202,1.0443037974683544,1.1139240506329113,-0.6400011204857884,0.2497844343847018,1.0,good
../fashion_data/raw/train/train/image/012116.jpg,item1_short_sleeve_top,top,0.576036866359447,0.9184782608695652,0.5706521739130435,0.15760869565217392,0.621301775147929,0.1715976331360947,-1.7187337667739957,0.49321667449048423,1.0,usable
../fashion_data/raw/train/train/image/012707.jpg,item1_long_sleeve_top,top,0.3638968481375358,0.8333333333333334,0.8648648648648649,0.7657657657657657,1.037837837837838,0.9189189189189189,-0.9089025338872249,0.2411826692864997,1.0,good
../fashion_data/raw/train/train/image/013010.jpg,item1_short_sleeve_top,top,0.5912162162162162,0.7768595041322315,0.9421487603305785,0.71900826446281,1.2127659574468084,0.925531914893617,-0.6760745371138515,0.22662598675858084,1.0,good
../fashion_data/raw/train/train/image/014031.jpg,item1_short_sleeve_top,top,0.46959459459459457,0.8853503184713376,0.9331210191082803,0.1592356687898089,1.053956834532374,0.17985611510791366,-1.9270777765285856,0.5009890354585298,1.0,usable
../fashion_data/raw/train/train/image/019817.jpg,item1_short_sleeve_top,top,0.5,0.6559139784946236,0.6881720430107527,0.7903225806451613,1.0491803278688525,1.2049180327868851,0.3150372208436725,0.17062096183861747,1.0,good
../fashion_data/raw/train/train/image/033528.jpg,item2_short_sleeve_top,top,0.5346020761245674,0.8698884758364313,0.7843866171003717,0.1449814126394052,0.9017094017094016,0.16666666666666666,-1.6409323688213782,0.4670647938499814,1.0,usable
../fashion_data/raw/train/train/image/033828.jpg,item2_long_sleeve_outwear,outerwear,0.6097560975609756,0.884046052631579,0.712171052631579,0.7549342105263158,0.8055813953488372,0.8539534883720931,-0.39504727116583593,0.185438980860963,1.0,good
../fashion_data/raw/train/train/image/039388.jpg,item2_short_sleeve_top,top,0.3287671232876712,0.7857142857142857,0.6598639455782312,0.20408163265306123,0.8398268398268398,0.25974025974025977,-1.432566950830965,0.4294537864311068,1.0,good
../fashion_data/raw/train/train/image/041727.jpg,item1_short_sleeve_top,top,0.59875,0.9314641744548287,0.5638629283489096,0.4221183800623053,0.6053511705685618,0.4531772575250836,-1.0586252181738764,0.32637618840322635,1.0,good
../fashion_data/raw/train/train/image/043667.jpg,item1_long_sleeve_outwear,outerwear,0.5485961123110151,0.6698564593301436,0.5502392344497608,0.5789473684210527,0.8214285714285713,0.8642857142857142,-0.7831454880888127,0.38986379443177605,1.0,good
../fashion_data/raw/train/train/image/045372.jpg,item1_long_sleeve_outwear,outerwear,0.5504252733900364,0.772972972972973,0.7878378378378379,0.3918918918918919,1.0192307692307694,0.506993006993007,-1.0863496980073744,0.254616290101214,1.0,good
../fashion_data/raw/train/train/image/056556.jpg,item1_long_sleeve_outwear,outerwear,0.5450061652281134,0.967479674796748,0.7981029810298103,0.22764227642276422,0.8249299719887955,0.2352941176470588,-1.645924611483842,0.4932137815054767,1.0,usable
../fashion_data/raw/train/train/image/063238.jpg,item2_long_sleeve_top,top,0.478125,0.8263473053892215,0.8832335329341318,0.7335329341317365,1.068840579710145,0.8876811594202898,-0.8178807718166987,0.2925020929360305,1.0,good
../fashion_data/raw/train/train/image/068031.jpg,item1_long_sleeve_top,top,0.4794007490636704,0.5539568345323741,0.935251798561151,0.5035971223021583,1.6883116883116882,0.9090909090909091,-1.261104695108405,0.3550908883794696,1.0,good
../fashion_data/raw/train/train/image/070475.jpg,item2_short_sleeve_top,top,0.44545454545454544,0.9289617486338798,0.8770491803278688,0.18579234972677597,0.9441176470588235,0.2,-1.9319067434754504,0.4548924887666951,1.0,usable
../fashion_data/raw/train/train/image/073497.jpg,item2_short_sleeve_top,top,0.5179640718562875,0.8571428571428571,0.9006211180124224,0.9751552795031055,1.0507246376811594,1.1376811594202898,-0.3018341413199979,0.1538483506243887,1.0,good
../fashion_data/raw/train/train/image/078693.jpg,item1_short_sleeve_top,top,0.4185022026431718,0.8143939393939394,0.9507575757575758,0.4583333333333333,1.1674418604651162,0.5627906976744186,-1.5976733824427996,0.3240054908628874,1.0,good
../fashion_data/raw/train/train/image/079537.jpg,item2_vest,top,0.6116279069767442,0.8263473053892215,0.8203592814371258,0.9520958083832335,0.9927536231884059,1.1521739130434783,-0.0582487363487482,0.1794136989348184,1.0,good
../fashion_data/raw/train/train/image/092719.jpg,item1_long_sleeve_outwear,outerwear,0.5490196078431373,0.809462915601023,0.9616368286445013,0.8823529411764706,1.187993680884676,1.0900473933649288,-0.7537473936341242,0.2759261482389572,1.0,good
../fashion_data/raw/train/train/image/096778.jpg,item1_short_sleeve_top,top,0.41294642857142855,0.870722433460076,0.9657794676806084,0.5950570342205324,1.109170305676856,0.6834061135371179,-1.0590486335159635,0.22638338112004575,1.0,good
../fashion_data/raw/train/train/image/096870.jpg,item1_long_sleeve_top,top,0.5887096774193549,0.8954248366013072,0.7908496732026143,0.48366013071895425,0.8832116788321167,0.5401459854014599,-1.2188443551136232,0.31962413480069835,1.0,good
../fashion_data/raw/train/train/image/100266.jpg,item1_short_sleeve_top,top,0.5025553662691652,0.9794520547945206,0.8116438356164384,0.7773972602739726,0.8286713286713286,0.7937062937062936,-0.4680373416675704,0.23376521708794298,1.0,good
../fashion_data/raw/train/train/image/101034.jpg,item1_short_sleeve_top,top,0.509765625,0.9621513944223108,0.7250996015936255,0.547808764940239,0.7536231884057971,0.5693581780538302,-0.9263988976174717,0.34103014402388276,1.0,good
../fashion_data/raw/train/train/image/106191.jpg,item1_short_sleeve_top,top,0.558645707376058,0.5150684931506849,0.9342465753424658,0.8315068493150686,1.8138297872340428,1.6143617021276597,-0.6858398822648144,0.4654976398917216,1.0,usable
../fashion_data/raw/train/train/image/106726.jpg,item1_short_sleeve_top,top,0.5425950196592398,0.997134670487106,0.9799426934097422,0.5702005730659025,0.9827586206896552,0.57183908045977,-1.4648848548630387,0.3449010353612383,1.0,good
../fashion_data/raw/train/train/image/114238.jpg,item1_long_sleeve_outwear,outerwear,0.5960629921259842,0.8323586744639376,0.8060428849902534,0.5818713450292398,0.9683840749414521,0.6990632318501171,-1.273358502603312,0.3782077995088004,1.0,good
../fashion_data/raw/train/train/image/114612.jpg,item1_long_sleeve_outwear,outerwear,0.44654088050314467,0.5838068181818181,0.8806818181818181,0.3778409090909091,1.5085158150851583,0.6472019464720196,-1.220788489556468,0.38883900367927954,1.0,good
../fashion_data/raw/train/train/image/114803.jpg,item1_short_sleeve_top,top,0.6151288445552785,0.9978401727861771,0.9762419006479481,0.9676025917926566,0.9783549783549783,0.9696969696969697,-0.656677821466505,0.19302199989850669,1.0,good
../fashion_data/raw/train/train/image/115186.jpg,item1_short_sleeve_top,top,0.6220657276995305,0.8322981366459627,0.7608695652173914,0.5217391304347826,0.914179104477612,0.626865671641791,-0.9884003084124299,0.3049261232489334,1.0,good
../fashion_data/raw/train/train/image/117170.jpg,item1_long_sleeve_outwear,outerwear,0.6518046709129511,0.7347560975609756,0.6402439024390244,0.698170731707317,0.8713692946058091,0.950207468879668,-0.6661489755248177,0.3582277824255255,1.0,good
../fashion_data/raw/train/train/image/117350.jpg,item2_short_sleeve_top,top,0.3910761154855643,0.9698275862068966,0.6077586206896551,0.5603448275862069,0.6266666666666666,0.5777777777777777,-0.6779713940332871,0.30824529060458483,1.0,good
../fashion_data/raw/train/train/image/118838.jpg,item1_short_sleeve_top,top,0.5457627118644067,0.917910447761194,0.5298507462686567,0.5597014925373134,0.5772357723577236,0.6097560975609756,-0.1361527398756981,0.3026356552943846,1.0,good
../fashion_data/raw/train/train/image/120729.jpg,item1_long_sleeve_top,top,0.504,0.8064516129032258,0.9838709677419355,0.7298387096774194,1.2200000000000002,0.905,-0.9527883283435357,0.33936944466817365,1.0,good
../fashion_data/raw/train/train/image/124892.jpg,item1_short_sleeve_top,top,0.2543859649122807,0.9372549019607843,0.8784313725490196,0.8088235294117647,0.9372384937238494,0.8629707112970711,-0.5718098821188817,0.17497311399324017,1.0,good
../fashion_data/raw/train/train/image/125082.jpg,item1_vest,top,0.571583514099783,0.640506329113924,0.7924050632911392,0.9569620253164557,1.2371541501976284,1.4940711462450593,0.1747142601139961,0.2226204023485453,1.0,good
../fashion_data/raw/train/train/image/125887.jpg,item1_long_sleeve_outwear,outerwear,0.5598705501618123,0.8406862745098039,0.9338235294117647,0.9803921568627451,1.1107871720116618,1.1661807580174925,-0.12394516376223871,0.2626141054171153,1.0,good
../fashion_data/raw/train/train/image/127027.jpg,item1_long_sleeve_outwear,outerwear,0.6716899892357373,0.9344262295081968,0.7114754098360656,0.7573770491803279,0.7614035087719299,0.8105263157894737,-0.23283653690623266,0.2081193372324876,1.0,good
../fashion_data/raw/train/train/image/129463.jpg,item1_short_sleeve_outwear,outerwear,0.6611796982167353,0.8299595141700404,0.8582995951417004,0.6234817813765182,1.0341463414634147,0.751219512195122,-1.2974088760766218,0.3324062280366026,1.0,good
../fashion_data/raw/train/train/image/131316.jpg,item1_short_sleeve_top,top,0.4793152639087018,0.8465753424657534,0.7178082191780822,0.5315068493150685,0.84789644012945,0.6278317152103561,-0.6990438064339585,0.2500044743677985,1.0,good
../fashion_data/raw/train/train/image/132240.jpg,item1_long_sleeve_top,top,0.5341772151898734,0.7554347826086957,0.9510869565217391,0.5706521739130435,1.2589928057553956,0.7553956834532374,-1.1945546875391728,0.34617042628168765,1.0,good
../fashion_data/raw/train/train/image/138773.jpg,item2_long_sleeve_top,top,0.412109375,0.7109634551495017,0.8338870431893688,0.7308970099667774,1.1728971962616823,1.0280373831775702,-0.9595765623449453,0.30002056603168226,1.0,good
../fashion_data/raw/train/train/image/139963.jpg,item1_long_sleeve_top,top,0.6768558951965066,0.8783783783783784,0.8243243243243243,0.7972972972972973,0.9384615384615385,0.9076923076923076,-0.41898177247014506,0.1950702920905684,1.0,good
../fashion_data/raw/train/train/image/140224.jpg,item1_long_sleeve_outwear,outerwear,0.6146645865834633,0.9352226720647774,0.7449392712550608,0.5465587044534413,0.7965367965367965,0.5844155844155844,-0.513407197621618,0.21283281556432673,1.0,good
../fashion_data/raw/train/train/image/142658.jpg,item1_long_sleeve_top,top,0.5459882583170255,0.7931034482758621,0.7801724137931034,0.7564655172413792,0.983695652173913,0.9538043478260868,-0.5876631464332966,0.29116137457429897,1.0,good
../fashion_data/raw/train/train/image/146128.jpg,item1_long_sleeve_outwear,outerwear,0.4717314487632509,0.7809364548494984,0.903010033444816,0.8795986622073578,1.1563169164882225,1.1263383297644538,-0.284956660775601,0.3269379282647663,1.0,good
../fashion_data/raw/train/train/image/147222.jpg,item1_short_sleeve_top,top,0.4416,0.830945558739255,0.9455587392550143,0.828080229226361,1.1379310344827587,0.996551724137931,-1.199243181249525,0.3438733635686955,1.0,good
../fashion_data/raw/train/train/image/150224.jpg,item1_short_sleeve_top,top,0.581081081081081,0.956989247311828,0.6451612903225806,0.7311827956989247,0.6741573033707865,0.7640449438202247,0.030637593481368647,0.1999649058437044,1.0,good
../fashion_data/raw/train/train/image/151092.jpg,item1_long_sleeve_top,top,0.5907429963459196,0.8928571428571429,0.9791666666666666,0.8184523809523809,1.0966666666666665,0.9166666666666666,-1.1534149768542246,0.31700445758485535,1.0,good
../fashion_data/raw/train/train/image/152326.jpg,item1_short_sleeve_top,top,0.6044711951848667,0.9891304347826086,0.9521739130434783,0.8717391304347826,0.9626373626373628,0.8813186813186813,-1.0287680348369213,0.2074266020188644,1.0,good
../fashion_data/raw/train/train/image/153938.jpg,item2_short_sleeve_top,top,0.4226618705035971,0.897196261682243,0.7227414330218068,0.46417445482866043,0.8055555555555556,0.5173611111111112,-0.7934660943273201,0.3259328467132131,1.0,good
../fashion_data/raw/train/train/image/154649.jpg,item1_short_sleeve_top,top,0.265625,0.8328267477203647,0.47416413373860183,0.2796352583586626,0.5693430656934307,0.3357664233576642,-0.7409016515399488,0.4558111622839935,1.0,usable
../fashion_data/raw/train/train/image/159352.jpg,item1_short_sleeve_top,top,0.5015974440894568,0.8525641025641025,0.5705128205128205,0.6185897435897436,0.6691729323308271,0.7255639097744362,-0.10190103306759724,0.27430074424484296,1.0,good
../fashion_data/raw/train/train/image/160585.jpg,item1_short_sleeve_top,top,0.4913194444444444,0.9556313993174061,0.8464163822525598,0.40273037542662116,0.8857142857142858,0.42142857142857143,-1.4340737548967941,0.3716009126746934,1.0,good
../fashion_data/raw/train/train/image/163017.jpg,item2_vest,top,0.5386313465783664,0.8265550239234449,0.6698564593301436,0.5,0.8104196816208394,0.6049204052098408,-0.7318382904952699,0.3176143211949828,1.0,good
../fashion_data/raw/train/train/image/165021.jpg,item1_long_sleeve_top,top,0.534,0.9366952789699571,0.8369098712446352,0.9656652360515021,0.8934707903780069,1.0309278350515463,0.14611330574856413,0.22223010171851992,1.0,good
../fashion_data/raw/train/train/image/168724.jpg,item1_short_sleeve_top,top,0.4742014742014742,0.9205607476635514,0.6495327102803738,0.6261682242990654,0.7055837563451777,0.6802030456852791,-0.9465796869228333,0.3064873081920769,1.0,good
../fashion_data/raw/train/train/image/171259.jpg,item1_short_sleeve_top,top,0.5528913963328632,0.6498422712933754,0.555205047318612,0.6277602523659306,0.854368932038835,0.9660194174757282,-0.1700037165668163,0.30007707301159053,1.0,good
../fashion_data/raw/train/train/image/173201.jpg,item1_long_sleeve_top,top,0.5149911816578483,0.7854545454545454,0.8836363636363637,0.6945454545454546,1.125,0.8842592592592593,-0.6756406926406924,0.3068896699477693,1.0,good
../fashion_data/raw/train/train/image/173508.jpg,item1_short_sleeve_top,top,0.5323435843054083,0.8344671201814059,0.8639455782312925,0.9591836734693877,1.0353260869565217,1.1494565217391304,0.11818623095704484,0.2624053102408951,1.0,good
../fashion_data/raw/train/train/image/174323.jpg,item1_long_sleeve_top,top,0.5362190812720848,0.8590476190476191,0.5371428571428571,0.46476190476190476,0.6252771618625277,0.541019955654102,-0.6097082984955001,0.36630358165433474,1.0,good
../fashion_data/raw/train/train/image/175635.jpg,item2_long_sleeve_top,top,0.5274102079395085,0.984,0.712,0.246,0.7235772357723577,0.25,-1.3101839357752665,0.4367561005787096,1.0,good
../fashion_data/raw/train/train/image/178287.jpg,item1_short_sleeve_top,top,0.4144981412639405,0.7619047619047619,0.7746031746031746,0.30158730158730157,1.0166666666666668,0.3958333333333333,-1.4370167140517058,0.4043197704082755,1.0,good
../fashion_data/raw/train/train/image/178920.jpg,item1_short_sleeve_top,top,0.6035087719298246,0.9380530973451328,0.8716814159292036,0.7300884955752213,0.9292452830188679,0.7783018867924528,-0.480989926567502,0.2577611466940131,1.0,good
../fashion_data/raw/train/train/image/186959.jpg,item1_long_sleeve_top,top,0.5878136200716846,0.9260869565217391,0.9956521739130435,0.7,1.0751173708920188,0.7558685446009389,-0.7527507290214269,0.23574080104212486,1.0,good
