image_index,source_dataset,source_image,record_id,garment_id,gt_class,fine_category,pred_class,pred_score,localized_bbox50,bbox_iou,class_correct,mask_iou,mask_iou_ge_0_50,mask_iou_ge_0_85,outcome,visualization_path
0,DeepFashion2,../fashion_data/raw/train/train/image/002278.jpg,prd8_0001,item1_sling_dress,dress,sling_dress,dress,0.7550522089004517,True,0.9106772396782319,True,0.8964193588011301,True,True,correct,/workspace/fashion_multimodal_analysis/reports/prd_3_1_v1/core_regression_v3_b1_dataexp_v1/visualizations/img_000.jpg
1,DeepFashion2,../fashion_data/raw/train/train/image/004648.jpg,prd8_0002,item1_vest_dress,dress,vest_dress,dress,0.7983181476593018,True,0.7599411169282214,True,0.8409495982468955,True,False,correct,/workspace/fashion_multimodal_analysis/reports/prd_3_1_v1/core_regression_v3_b1_dataexp_v1/visualizations/img_001.jpg
2,DeepFashion2,../fashion_data/raw/train/train/image/013010.jpg,prd8_0011,item1_short_sleeve_top,top,short_sleeve_top,top,0.6131747961044312,True,0.6770464966404572,True,0.8135808895829718,True,False,correct,/workspace/fashion_multimodal_analysis/reports/prd_3_1_v1/core_regression_v3_b1_dataexp_v1/visualizations/img_002.jpg
2,DeepFashion2,../fashion_data/raw/train/train/image/013010.jpg,prd8_0012,item2_trousers,pants,trousers,,0.0,False,0.0,False,0.0,False,False,missed,/workspace/fashion_multimodal_analysis/reports/prd_3_1_v1/core_regression_v3_b1_dataexp_v1/visualizations/img_002.jpg
3,DeepFashion2,../fashion_data/raw/train/train/image/015031.jpg,prd8_0015,item1_short_sleeve_dress,dress,short_sleeve_dress,dress,0.783105731010437,True,0.9259839973546228,True,0.9100348432055749,True,True,correct,/workspace/fashion_multimodal_analysis/reports/prd_3_1_v1/core_regression_v3_b1_dataexp_v1/visualizations/img_003.jpg
4,DeepFashion2,../fashion_data/raw/train/train/image/019779.jpg,prd8_0016,item1_short_sleeve_dress,dress,short_sleeve_dress,pants,0.506091296672821,True,0.7168080976845436,False,0.8180418689022896,False,False,wrong_class,/workspace/fashion_multimodal_analysis/reports/prd_3_1_v1/core_regression_v3_b1_dataexp_v1/visualizations/img_004.jpg
5,DeepFashion2,../fashion_data/raw/train/train/image/032014.jpg,prd8_0024,item1_skirt,skirt,skirt,top,0.6778780221939087,True,0.7197175138717417,False,0.8039371838935927,False,False,wrong_class,/workspace/fashion_multimodal_analysis/reports/prd_3_1_v1/core_regression_v3_b1_dataexp_v1/visualizations/img_005.jpg
6,DeepFashion2,../fashion_data/raw/train/train/image/051719.jpg,prd8_0041,item1_trousers,pants,trousers,,0.0,False,0.0,False,0.0,False,False,missed,/workspace/fashion_multimodal_analysis/reports/prd_3_1_v1/core_regression_v3_b1_dataexp_v1/visualizations/img_006.jpg
7,DeepFashion2,../fashion_data/raw/train/train/image/073497.jpg,prd8_0052,item1_trousers,pants,trousers,pants,0.755990207195282,True,0.8626868788551598,True,0.8455088023472926,True,False,correct,/workspace/fashion_multimodal_analysis/reports/prd_3_1_v1/core_regression_v3_b1_dataexp_v1/visualizations/img_007.jpg
7,DeepFashion2,../fashion_data/raw/train/train/image/073497.jpg,prd8_0053,item2_short_sleeve_top,top,short_sleeve_top,,0.0,False,0.0,False,0.0,False,False,missed,/workspace/fashion_multimodal_analysis/reports/prd_3_1_v1/core_regression_v3_b1_dataexp_v1/visualizations/img_007.jpg
8,DeepFashion2,../fashion_data/raw/train/train/image/079537.jpg,prd8_0056,item1_shorts,pants,shorts,,0.0,False,0.0,False,0.0,False,False,missed,/workspace/fashion_multimodal_analysis/reports/prd_3_1_v1/core_regression_v3_b1_dataexp_v1/visualizations/img_008.jpg
8,DeepFashion2,../fashion_data/raw/train/train/image/079537.jpg,prd8_0057,item2_vest,top,vest,,0.0,False,0.0,False,0.0,False,False,missed,/workspace/fashion_multimodal_analysis/reports/prd_3_1_v1/core_regression_v3_b1_dataexp_v1/visualizations/img_008.jpg
9,DeepFashion2,../fashion_data/raw/train/train/image/092719.jpg,prd8_0060,item1_long_sleeve_outwear,outerwear,long_sleeve_outwear,top,0.5819170475006104,True,0.7839503348996755,False,0.6773971315838918,False,False,wrong_class,/workspace/fashion_multimodal_analysis/reports/prd_3_1_v1/core_regression_v3_b1_dataexp_v1/visualizations/img_009.jpg
10,DeepFashion2,../fashion_data/raw/train/train/image/096778.jpg,prd8_0062,item1_short_sleeve_top,top,short_sleeve_top,,0.0,False,0.0,False,0.0,False,False,missed,/workspace/fashion_multimodal_analysis/reports/prd_3_1_v1/core_regression_v3_b1_dataexp_v1/visualizations/img_010.jpg
10,DeepFashion2,../fashion_data/raw/train/train/image/096778.jpg,prd8_0063,item2_sling_dress,dress,sling_dress,dress,0.8943279981613159,True,0.9030572557878928,True,0.7416893041741097,True,False,correct,/workspace/fashion_multimodal_analysis/reports/prd_3_1_v1/core_regression_v3_b1_dataexp_v1/visualizations/img_010.jpg
11,DeepFashion2,../fashion_data/raw/train/train/image/101034.jpg,prd8_0072,item1_short_sleeve_top,top,short_sleeve_top,top,0.6707983016967773,True,0.7930983764274716,True,0.8349526010470216,True,False,correct,/workspace/fashion_multimodal_analysis/reports/prd_3_1_v1/core_regression_v3_b1_dataexp_v1/visualizations/img_011.jpg
11,DeepFashion2,../fashion_data/raw/train/train/image/101034.jpg,prd8_0073,item2_sling_dress,dress,sling_dress,dress,0.5643211007118225,True,0.8923004534358072,True,0.6272279861665336,True,False,correct,/workspace/fashion_multimodal_analysis/reports/prd_3_1_v1/core_regression_v3_b1_dataexp_v1/visualizations/img_011.jpg
12,DeepFashion2,../fashion_data/raw/train/train/image/114238.jpg,prd8_0079,item1_long_sleeve_outwear,outerwear,long_sleeve_outwear,,0.0,False,0.0,False,0.0,False,False,missed,/workspace/fashion_multimodal_analysis/reports/prd_3_1_v1/core_regression_v3_b1_dataexp_v1/visualizations/img_012.jpg
12,DeepFashion2,../fashion_data/raw/train/train/image/114238.jpg,prd8_0080,item2_skirt,skirt,skirt,,0.0,False,0.0,False,0.0,False,False,missed,/workspace/fashion_multimodal_analysis/reports/prd_3_1_v1/core_regression_v3_b1_dataexp_v1/visualizations/img_012.jpg
13,DeepFashion2,../fashion_data/raw/train/train/image/124892.jpg,prd8_0093,item1_short_sleeve_top,top,short_sleeve_top,top,0.7147858142852783,True,0.9008507072973351,True,0.9165987261146497,True,True,correct,/workspace/fashion_multimodal_analysis/reports/prd_3_1_v1/core_regression_v3_b1_dataexp_v1/visualizations/img_013.jpg
13,DeepFashion2,../fashion_data/raw/train/train/image/124892.jpg,prd8_0094,item2_shorts,pants,shorts,,0.0,False,0.0,False,0.0,False,False,missed,/workspace/fashion_multimodal_analysis/reports/prd_3_1_v1/core_regression_v3_b1_dataexp_v1/visualizations/img_013.jpg
14,DeepFashion2,../fashion_data/raw/train/train/image/142658.jpg,prd8_0112,item1_long_sleeve_top,top,long_sleeve_top,top,0.6783504486083984,True,0.867436170233912,True,0.8536595377858052,True,True,correct,/workspace/fashion_multimodal_analysis/reports/prd_3_1_v1/core_regression_v3_b1_dataexp_v1/visualizations/img_014.jpg
14,DeepFashion2,../fashion_data/raw/train/train/image/142658.jpg,prd8_0113,item2_skirt,skirt,skirt,pants,0.6620623469352722,True,0.8586722872311479,False,0.9237849017580145,False,False,wrong_class,/workspace/fashion_multimodal_analysis/reports/prd_3_1_v1/core_regression_v3_b1_dataexp_v1/visualizations/img_014.jpg
15,DeepFashion2,../fashion_data/raw/train/train/image/146128.jpg,prd8_0114,item1_long_sleeve_outwear,outerwear,long_sleeve_outwear,,0.0,False,0.0,False,0.0,False,False,missed,/workspace/fashion_multimodal_analysis/reports/prd_3_1_v1/core_regression_v3_b1_dataexp_v1/visualizations/img_015.jpg
16,DeepFashion2,../fashion_data/raw/train/train/image/152326.jpg,prd8_0121,item1_short_sleeve_top,top,short_sleeve_top,top,0.8076792359352112,True,0.9305443793701309,True,0.9544222706577216,True,True,correct,/workspace/fashion_multimodal_analysis/reports/prd_3_1_v1/core_regression_v3_b1_dataexp_v1/visualizations/img_016.jpg
16,DeepFashion2,../fashion_data/raw/train/train/image/152326.jpg,prd8_0122,item2_trousers,pants,trousers,pants,0.8513323664665222,True,0.8208095586410865,True,0.8370799241244585,True,False,correct,/workspace/fashion_multimodal_analysis/reports/prd_3_1_v1/core_regression_v3_b1_dataexp_v1/visualizations/img_016.jpg
17,DeepFashion2,../fashion_data/raw/train/train/image/174323.jpg,prd8_0147,item1_long_sleeve_top,top,long_sleeve_top,,0.0,False,0.0,False,0.0,False,False,missed,/workspace/fashion_multimodal_analysis/reports/prd_3_1_v1/core_regression_v3_b1_dataexp_v1/visualizations/img_017.jpg
17,DeepFashion2,../fashion_data/raw/train/train/image/174323.jpg,prd8_0148,item2_trousers,pants,trousers,pants,0.8836279511451721,True,0.8725162979661082,True,0.7580075030133944,True,False,correct,/workspace/fashion_multimodal_analysis/reports/prd_3_1_v1/core_regression_v3_b1_dataexp_v1/visualizations/img_017.jpg
18,DeepFashion2,../fashion_data/raw/train/train/image/178287.jpg,prd8_0151,item1_short_sleeve_top,top,short_sleeve_top,,0.0,False,0.0,False,0.0,False,False,missed,/workspace/fashion_multimodal_analysis/reports/prd_3_1_v1/core_regression_v3_b1_dataexp_v1/visualizations/img_018.jpg
18,DeepFashion2,../fashion_data/raw/train/train/image/178287.jpg,prd8_0152,item2_shorts,pants,shorts,,0.0,False,0.0,False,0.0,False,False,missed,/workspace/fashion_multimodal_analysis/reports/prd_3_1_v1/core_regression_v3_b1_dataexp_v1/visualizations/img_018.jpg
19,DeepFashion2,../fashion_data/raw/train/train/image/184087.jpg,prd8_0155,item1_long_sleeve_dress,dress,long_sleeve_dress,dress,0.584094226360321,True,0.8416379638464768,True,0.8631240906077539,True,True,correct,/workspace/fashion_multimodal_analysis/reports/prd_3_1_v1/core_regression_v3_b1_dataexp_v1/visualizations/img_019.jpg
20,Fashionpedia,../fashion_data/raw/fashionpedia/images/test/311db0d6f5b7be84ac3c952a443ef981.jpg,prd8_0169,fashionpedia_ann_6950,shoe,shoe,shoe,0.7446331977844238,True,0.598164798153085,True,0.891846921797005,True,True,correct,/workspace/fashion_multimodal_analysis/reports/prd_3_1_v1/core_regression_v3_b1_dataexp_v1/visualizations/img_020.jpg
21,Fashionpedia,../fashion_data/raw/fashionpedia/images/test/32227cade6d3646824f9c0f3fa9dc9e7.jpg,prd8_0209,fashionpedia_ann_7678,accessory,"tights, stockings",,0.0,False,0.0,False,0.0,False,False,missed,/workspace/fashion_multimodal_analysis/reports/prd_3_1_v1/core_regression_v3_b1_dataexp_v1/visualizations/img_021.jpg
22,Fashionpedia,../fashion_data/raw/fashionpedia/images/test/33846044d27032d3988b9b4b7e22e252.jpg,prd8_0174,fashionpedia_ann_4586,shoe,shoe,,0.0,False,0.0,False,0.0,False,False,missed,/workspace/fashion_multimodal_analysis/reports/prd_3_1_v1/core_regression_v3_b1_dataexp_v1/visualizations/img_022.jpg
23,Fashionpedia,../fashion_data/raw/fashionpedia/images/test/33cfdcbd48019b09e36a78c428bbae1d.jpg,prd8_0164,fashionpedia_ann_6510,shoe,shoe,,0.0,False,0.0,False,0.0,False,False,missed,/workspace/fashion_multimodal_analysis/reports/prd_3_1_v1/core_regression_v3_b1_dataexp_v1/visualizations/img_023.jpg
24,Fashionpedia,../fashion_data/raw/fashionpedia/images/test/3bf082a96a03a1c8f75e1d1d0ebf42d2.jpg,prd8_0198,fashionpedia_ann_3414,accessory,"tights, stockings",,0.0,False,0.0,False,0.0,False,False,missed,/workspace/fashion_multimodal_analysis/reports/prd_3_1_v1/core_regression_v3_b1_dataexp_v1/visualizations/img_024.jpg
25,Fashionpedia,../fashion_data/raw/fashionpedia/images/test/4f23f05daee3cbdd96295f84825e3581.jpg,prd8_0194,fashionpedia_ann_6080,bag,"bag, wallet",bag,0.8347299695014954,True,0.8197172871747033,True,0.43319360754519254,False,False,low_mask_iou,/workspace/fashion_multimodal_analysis/reports/prd_3_1_v1/core_regression_v3_b1_dataexp_v1/visualizations/img_025.jpg
26,Fashionpedia,../fashion_data/raw/fashionpedia/images/test/77435fc234059dcb9e0bb3d73382bcc7.jpg,prd8_0215,fashionpedia_ann_2422,accessory,sock,,0.0,False,0.0,False,0.0,False,False,missed,/workspace/fashion_multimodal_analysis/reports/prd_3_1_v1/core_regression_v3_b1_dataexp_v1/visualizations/img_026.jpg
27,Fashionpedia,../fashion_data/raw/fashionpedia/images/test/89144779b3e40421facdb2eb70309356.jpg,prd8_0175,fashionpedia_ann_8519,shoe,shoe,,0.0,False,0.0,False,0.0,False,False,missed,/workspace/fashion_multimodal_analysis/reports/prd_3_1_v1/core_regression_v3_b1_dataexp_v1/visualizations/img_027.jpg
28,Fashionpedia,../fashion_data/raw/fashionpedia/images/test/89f6e3ad94e5493906b4f3d0e16bdae1.jpg,prd8_0181,fashionpedia_ann_4505,bag,"bag, wallet",,0.0,False,0.0,False,0.0,False,False,missed,/workspace/fashion_multimodal_analysis/reports/prd_3_1_v1/core_regression_v3_b1_dataexp_v1/visualizations/img_028.jpg
29,Fashionpedia,../fashion_data/raw/fashionpedia/images/test/cdd175f26ac87c01ec64fb2f02268654.jpg,prd8_0188,fashionpedia_ann_7855,bag,"bag, wallet",bag,0.9878277778625488,True,0.8089045858524814,True,0.6592927769398358,True,False,correct,/workspace/fashion_multimodal_analysis/reports/prd_3_1_v1/core_regression_v3_b1_dataexp_v1/visualizations/img_029.jpg
30,Fashionpedia,../fashion_data/raw/fashionpedia/images/test/dd4525a10b6110df29f0a6b19e6b924b.jpg,prd8_0213,fashionpedia_ann_2759,accessory,belt,,0.0,False,0.0,False,0.0,False,False,missed,/workspace/fashion_multimodal_analysis/reports/prd_3_1_v1/core_regression_v3_b1_dataexp_v1/visualizations/img_030.jpg
31,Fashionpedia,../fashion_data/raw/fashionpedia/images/test/fac6412c2873388612c4ec4cda414ac6.jpg,prd8_0192,fashionpedia_ann_7326,bag,"bag, wallet",,0.0,False,0.0,False,0.0,False,False,missed,/workspace/fashion_multimodal_analysis/reports/prd_3_1_v1/core_regression_v3_b1_dataexp_v1/visualizations/img_031.jpg
