source_dataset,source_image,image_id,annotation_id,garment_id,source_category,garment_category,image_width,image_height,bbox_x1,bbox_y1,bbox_x2,bbox_y2,bbox_width,bbox_height,source_bbox_x,source_bbox_y,source_bbox_width,source_bbox_height,mask_area_pixels,source_area,iscrowd,crop_path,masked_crop_path,full_mask_path,mask_path,visualization_path
Fashionpedia,../fashion_data/raw/fashionpedia/images/test/a5ec3cfe2bc9cfb48dea272edef4adeb.jpg,10029,7957,fashionpedia_ann_7957,shoe,shoe,680,1024,184,861,237,892,53,31,184.0,861.0,52.0,30.0,782,740,0,../fashion_data/processed/fashionpedia_missing3_pilot_v1/crops/shoe_ann7957_img10029.jpg,../fashion_data/processed/fashionpedia_missing3_pilot_v1/masked_crops/shoe_ann7957_img10029.jpg,../fashion_data/processed/fashionpedia_missing3_pilot_v1/full_masks/shoe_ann7957_img10029.png,../fashion_data/processed/fashionpedia_missing3_pilot_v1/crop_masks/shoe_ann7957_img10029.png,../fashion_data/processed/fashionpedia_missing3_pilot_v1/visualizations/shoe_ann7957_img10029.jpg
Fashionpedia,../fashion_data/raw/fashionpedia/images/test/d9ff0d53e1e06bdb6e954700cbaea4c1.jpg,15530,423,fashionpedia_ann_423,shoe,shoe,1024,1024,597,871,679,985,82,114,597.0,871.0,81.0,113.0,2859,2681,0,../fashion_data/processed/fashionpedia_missing3_pilot_v1/crops/shoe_ann423_img15530.jpg,../fashion_data/processed/fashionpedia_missing3_pilot_v1/masked_crops/shoe_ann423_img15530.jpg,../fashion_data/processed/fashionpedia_missing3_pilot_v1/full_masks/shoe_ann423_img15530.png,../fashion_data/processed/fashionpedia_missing3_pilot_v1/crop_masks/shoe_ann423_img15530.png,../fashion_data/processed/fashionpedia_missing3_pilot_v1/visualizations/shoe_ann423_img15530.jpg
Fashionpedia,../fashion_data/raw/fashionpedia/images/test/3f18271f3f7d101e2f9a27b0b12b034b.jpg,9136,6587,fashionpedia_ann_6587,shoe,shoe,493,1024,111,917,222,1021,111,104,111.0,917.0,110.0,103.0,5387,5258,0,../fashion_data/processed/fashionpedia_missing3_pilot_v1/crops/shoe_ann6587_img9136.jpg,../fashion_data/processed/fashionpedia_missing3_pilot_v1/masked_crops/shoe_ann6587_img9136.jpg,../fashion_data/processed/fashionpedia_missing3_pilot_v1/full_masks/shoe_ann6587_img9136.png,../fashion_data/processed/fashionpedia_missing3_pilot_v1/crop_masks/shoe_ann6587_img9136.png,../fashion_data/processed/fashionpedia_missing3_pilot_v1/visualizations/shoe_ann6587_img9136.jpg
Fashionpedia,../fashion_data/raw/fashionpedia/images/test/3b090c8c5228647a7c486ed9f1b14309.jpg,17229,1843,fashionpedia_ann_1843,shoe,shoe,464,1024,189,933,326,979,137,46,189.0,933.0,136.0,45.0,1339,1262,0,../fashion_data/processed/fashionpedia_missing3_pilot_v1/crops/shoe_ann1843_img17229.jpg,../fashion_data/processed/fashionpedia_missing3_pilot_v1/masked_crops/shoe_ann1843_img17229.jpg,../fashion_data/processed/fashionpedia_missing3_pilot_v1/full_masks/shoe_ann1843_img17229.png,../fashion_data/processed/fashionpedia_missing3_pilot_v1/crop_masks/shoe_ann1843_img17229.png,../fashion_data/processed/fashionpedia_missing3_pilot_v1/visualizations/shoe_ann1843_img17229.jpg
Fashionpedia,../fashion_data/raw/fashionpedia/images/test/004e9e21cd1aca568a8ffc77a54638ce.jpg,9922,6173,fashionpedia_ann_6173,shoe,shoe,682,1024,259,896,305,932,46,36,259.0,897.0,45.0,34.0,1123,1085,0,../fashion_data/processed/fashionpedia_missing3_pilot_v1/crops/shoe_ann6173_img9922.jpg,../fashion_data/processed/fashionpedia_missing3_pilot_v1/masked_crops/shoe_ann6173_img9922.jpg,../fashion_data/processed/fashionpedia_missing3_pilot_v1/full_masks/shoe_ann6173_img9922.png,../fashion_data/processed/fashionpedia_missing3_pilot_v1/crop_masks/shoe_ann6173_img9922.png,../fashion_data/processed/fashionpedia_missing3_pilot_v1/visualizations/shoe_ann6173_img9922.jpg
Fashionpedia,../fashion_data/raw/fashionpedia/images/test/4ec22d53051a9c25a134fb154e6ea3b0.jpg,17207,3055,fashionpedia_ann_3055,shoe,shoe,621,1024,297,845,351,936,54,91,297.0,846.0,53.0,89.0,1586,1478,0,../fashion_data/processed/fashionpedia_missing3_pilot_v1/crops/shoe_ann3055_img17207.jpg,../fashion_data/processed/fashionpedia_missing3_pilot_v1/masked_crops/shoe_ann3055_img17207.jpg,../fashion_data/processed/fashionpedia_missing3_pilot_v1/full_masks/shoe_ann3055_img17207.png,../fashion_data/processed/fashionpedia_missing3_pilot_v1/crop_masks/shoe_ann3055_img17207.png,../fashion_data/processed/fashionpedia_missing3_pilot_v1/visualizations/shoe_ann3055_img17207.jpg
Fashionpedia,../fashion_data/raw/fashionpedia/images/test/b1682bc7e7fb2a0d868f75a9fcc03b82.jpg,12360,8268,fashionpedia_ann_8268,shoe,shoe,680,1024,286,843,349,974,63,131,286.0,843.0,63.0,131.0,4673,4673,0,../fashion_data/processed/fashionpedia_missing3_pilot_v1/crops/shoe_ann8268_img12360.jpg,../fashion_data/processed/fashionpedia_missing3_pilot_v1/masked_crops/shoe_ann8268_img12360.jpg,../fashion_data/processed/fashionpedia_missing3_pilot_v1/full_masks/shoe_ann8268_img12360.png,../fashion_data/processed/fashionpedia_missing3_pilot_v1/crop_masks/shoe_ann8268_img12360.png,../fashion_data/processed/fashionpedia_missing3_pilot_v1/visualizations/shoe_ann8268_img12360.jpg
Fashionpedia,../fashion_data/raw/fashionpedia/images/test/33cfdcbd48019b09e36a78c428bbae1d.jpg,10531,6510,fashionpedia_ann_6510,shoe,shoe,679,1024,240,936,336,1008,96,72,240.0,936.0,95.0,71.0,4034,3957,0,../fashion_data/processed/fashionpedia_missing3_pilot_v1/crops/shoe_ann6510_img10531.jpg,../fashion_data/processed/fashionpedia_missing3_pilot_v1/masked_crops/shoe_ann6510_img10531.jpg,../fashion_data/processed/fashionpedia_missing3_pilot_v1/full_masks/shoe_ann6510_img10531.png,../fashion_data/processed/fashionpedia_missing3_pilot_v1/crop_masks/shoe_ann6510_img10531.png,../fashion_data/processed/fashionpedia_missing3_pilot_v1/visualizations/shoe_ann6510_img10531.jpg
Fashionpedia,../fashion_data/raw/fashionpedia/images/test/f85cf6884f138a76a79ee883372007a8.jpg,11630,7627,fashionpedia_ann_7627,shoe,shoe,679,1024,465,946,542,996,77,50,466.0,946.0,75.0,49.0,2156,2107,0,../fashion_data/processed/fashionpedia_missing3_pilot_v1/crops/shoe_ann7627_img11630.jpg,../fashion_data/processed/fashionpedia_missing3_pilot_v1/masked_crops/shoe_ann7627_img11630.jpg,../fashion_data/processed/fashionpedia_missing3_pilot_v1/full_masks/shoe_ann7627_img11630.png,../fashion_data/processed/fashionpedia_missing3_pilot_v1/crop_masks/shoe_ann7627_img11630.png,../fashion_data/processed/fashionpedia_missing3_pilot_v1/visualizations/shoe_ann7627_img11630.jpg
Fashionpedia,../fashion_data/raw/fashionpedia/images/test/2adffb322a52bb5e4111ff76b9883f36.jpg,19179,3709,fashionpedia_ann_3709,shoe,shoe,683,1024,335,831,381,910,46,79,335.0,832.0,45.0,77.0,2471,2343,0,../fashion_data/processed/fashionpedia_missing3_pilot_v1/crops/shoe_ann3709_img19179.jpg,../fashion_data/processed/fashionpedia_missing3_pilot_v1/masked_crops/shoe_ann3709_img19179.jpg,../fashion_data/processed/fashionpedia_missing3_pilot_v1/full_masks/shoe_ann3709_img19179.png,../fashion_data/processed/fashionpedia_missing3_pilot_v1/crop_masks/shoe_ann3709_img19179.png,../fashion_data/processed/fashionpedia_missing3_pilot_v1/visualizations/shoe_ann3709_img19179.jpg
Fashionpedia,../fashion_data/raw/fashionpedia/images/test/6df68986984a942712bff893699d9167.jpg,16187,1019,fashionpedia_ann_1019,shoe,shoe,679,1024,380,977,432,1012,52,35,380.0,977.0,51.0,34.0,942,888,0,../fashion_data/processed/fashionpedia_missing3_pilot_v1/crops/shoe_ann1019_img16187.jpg,../fashion_data/processed/fashionpedia_missing3_pilot_v1/masked_crops/shoe_ann1019_img16187.jpg,../fashion_data/processed/fashionpedia_missing3_pilot_v1/full_masks/shoe_ann1019_img16187.png,../fashion_data/processed/fashionpedia_missing3_pilot_v1/crop_masks/shoe_ann1019_img16187.png,../fashion_data/processed/fashionpedia_missing3_pilot_v1/visualizations/shoe_ann1019_img16187.jpg
Fashionpedia,../fashion_data/raw/fashionpedia/images/test/99e576a9859dbbfa7bbf1ca6a8200960.jpg,8337,5760,fashionpedia_ann_5760,shoe,shoe,1024,683,527,641,544,683,17,42,527.0,641.0,16.0,41.0,511,456,0,../fashion_data/processed/fashionpedia_missing3_pilot_v1/crops/shoe_ann5760_img8337.jpg,../fashion_data/processed/fashionpedia_missing3_pilot_v1/masked_crops/shoe_ann5760_img8337.jpg,../fashion_data/processed/fashionpedia_missing3_pilot_v1/full_masks/shoe_ann5760_img8337.png,../fashion_data/processed/fashionpedia_missing3_pilot_v1/crop_masks/shoe_ann5760_img8337.png,../fashion_data/processed/fashionpedia_missing3_pilot_v1/visualizations/shoe_ann5760_img8337.jpg
Fashionpedia,../fashion_data/raw/fashionpedia/images/test/311db0d6f5b7be84ac3c952a443ef981.jpg,10854,6950,fashionpedia_ann_6950,shoe,shoe,680,1024,444,868,490,913,46,45,444.0,868.0,45.0,44.0,1637,1568,0,../fashion_data/processed/fashionpedia_missing3_pilot_v1/crops/shoe_ann6950_img10854.jpg,../fashion_data/processed/fashionpedia_missing3_pilot_v1/masked_crops/shoe_ann6950_img10854.jpg,../fashion_data/processed/fashionpedia_missing3_pilot_v1/full_masks/shoe_ann6950_img10854.png,../fashion_data/processed/fashionpedia_missing3_pilot_v1/crop_masks/shoe_ann6950_img10854.png,../fashion_data/processed/fashionpedia_missing3_pilot_v1/visualizations/shoe_ann6950_img10854.jpg
Fashionpedia,../fashion_data/raw/fashionpedia/images/test/7fbd864b06b76fda165ca6d60c5cf879.jpg,19670,4233,fashionpedia_ann_4233,shoe,shoe,681,1024,258,905,303,981,45,76,258.0,905.0,44.0,75.0,2881,2794,0,../fashion_data/processed/fashionpedia_missing3_pilot_v1/crops/shoe_ann4233_img19670.jpg,../fashion_data/processed/fashionpedia_missing3_pilot_v1/masked_crops/shoe_ann4233_img19670.jpg,../fashion_data/processed/fashionpedia_missing3_pilot_v1/full_masks/shoe_ann4233_img19670.png,../fashion_data/processed/fashionpedia_missing3_pilot_v1/crop_masks/shoe_ann4233_img19670.png,../fashion_data/processed/fashionpedia_missing3_pilot_v1/visualizations/shoe_ann4233_img19670.jpg
Fashionpedia,../fashion_data/raw/fashionpedia/images/test/02916664cd606bb5486353f200a475a3.jpg,15978,878,fashionpedia_ann_878,shoe,shoe,678,1024,487,940,586,1003,99,63,487.0,940.0,98.0,62.0,2293,2205,0,../fashion_data/processed/fashionpedia_missing3_pilot_v1/crops/shoe_ann878_img15978.jpg,../fashion_data/processed/fashionpedia_missing3_pilot_v1/masked_crops/shoe_ann878_img15978.jpg,../fashion_data/processed/fashionpedia_missing3_pilot_v1/full_masks/shoe_ann878_img15978.png,../fashion_data/processed/fashionpedia_missing3_pilot_v1/crop_masks/shoe_ann878_img15978.png,../fashion_data/processed/fashionpedia_missing3_pilot_v1/visualizations/shoe_ann878_img15978.jpg
Fashionpedia,../fashion_data/raw/fashionpedia/images/test/4d6c4b89ddc23629a730a46aaba04903.jpg,11122,7207,fashionpedia_ann_7207,shoe,shoe,546,1024,307,912,357,1008,50,96,307.0,913.0,49.0,94.0,2014,1887,0,../fashion_data/processed/fashionpedia_missing3_pilot_v1/crops/shoe_ann7207_img11122.jpg,../fashion_data/processed/fashionpedia_missing3_pilot_v1/masked_crops/shoe_ann7207_img11122.jpg,../fashion_data/processed/fashionpedia_missing3_pilot_v1/full_masks/shoe_ann7207_img11122.png,../fashion_data/processed/fashionpedia_missing3_pilot_v1/crop_masks/shoe_ann7207_img11122.png,../fashion_data/processed/fashionpedia_missing3_pilot_v1/visualizations/shoe_ann7207_img11122.jpg
Fashionpedia,../fashion_data/raw/fashionpedia/images/test/26759016fd26e02207463675219f7fef.jpg,17600,2135,fashionpedia_ann_2135,shoe,shoe,682,1024,303,858,397,956,94,98,303.0,859.0,93.0,96.0,3014,2876,0,../fashion_data/processed/fashionpedia_missing3_pilot_v1/crops/shoe_ann2135_img17600.jpg,../fashion_data/processed/fashionpedia_missing3_pilot_v1/masked_crops/shoe_ann2135_img17600.jpg,../fashion_data/processed/fashionpedia_missing3_pilot_v1/full_masks/shoe_ann2135_img17600.png,../fashion_data/processed/fashionpedia_missing3_pilot_v1/crop_masks/shoe_ann2135_img17600.png,../fashion_data/processed/fashionpedia_missing3_pilot_v1/visualizations/shoe_ann2135_img17600.jpg
Fashionpedia,../fashion_data/raw/fashionpedia/images/test/33846044d27032d3988b9b4b7e22e252.jpg,20004,4586,fashionpedia_ann_4586,shoe,shoe,682,1024,328,832,369,932,41,100,328.0,832.0,40.0,99.0,869,739,0,../fashion_data/processed/fashionpedia_missing3_pilot_v1/crops/shoe_ann4586_img20004.jpg,../fashion_data/processed/fashionpedia_missing3_pilot_v1/masked_crops/shoe_ann4586_img20004.jpg,../fashion_data/processed/fashionpedia_missing3_pilot_v1/full_masks/shoe_ann4586_img20004.png,../fashion_data/processed/fashionpedia_missing3_pilot_v1/crop_masks/shoe_ann4586_img20004.png,../fashion_data/processed/fashionpedia_missing3_pilot_v1/visualizations/shoe_ann4586_img20004.jpg
Fashionpedia,../fashion_data/raw/fashionpedia/images/test/89144779b3e40421facdb2eb70309356.jpg,12729,8519,fashionpedia_ann_8519,shoe,shoe,682,1024,326,866,364,958,38,92,326.0,866.0,37.0,89.0,1423,1325,0,../fashion_data/processed/fashionpedia_missing3_pilot_v1/crops/shoe_ann8519_img12729.jpg,../fashion_data/processed/fashionpedia_missing3_pilot_v1/masked_crops/shoe_ann8519_img12729.jpg,../fashion_data/processed/fashionpedia_missing3_pilot_v1/full_masks/shoe_ann8519_img12729.png,../fashion_data/processed/fashionpedia_missing3_pilot_v1/crop_masks/shoe_ann8519_img12729.png,../fashion_data/processed/fashionpedia_missing3_pilot_v1/visualizations/shoe_ann8519_img12729.jpg
Fashionpedia,../fashion_data/raw/fashionpedia/images/test/ab52c9490015a4b79249fe7076319b54.jpg,9609,5855,fashionpedia_ann_5855,shoe,shoe,632,1024,199,852,258,973,59,121,199.0,852.0,59.0,121.0,2689,2689,0,../fashion_data/processed/fashionpedia_missing3_pilot_v1/crops/shoe_ann5855_img9609.jpg,../fashion_data/processed/fashionpedia_missing3_pilot_v1/masked_crops/shoe_ann5855_img9609.jpg,../fashion_data/processed/fashionpedia_missing3_pilot_v1/full_masks/shoe_ann5855_img9609.png,../fashion_data/processed/fashionpedia_missing3_pilot_v1/crop_masks/shoe_ann5855_img9609.png,../fashion_data/processed/fashionpedia_missing3_pilot_v1/visualizations/shoe_ann5855_img9609.jpg
Fashionpedia,../fashion_data/raw/fashionpedia/images/test/47c2e3e2ff0bfcacd0b42339314862d3.jpg,18736,3304,fashionpedia_ann_3304,"bag, wallet",bag,682,1024,143,669,307,864,164,195,143.0,669.0,163.0,194.0,20466,20243,0,../fashion_data/processed/fashionpedia_missing3_pilot_v1/crops/bag_ann3304_img18736.jpg,../fashion_data/processed/fashionpedia_missing3_pilot_v1/masked_crops/bag_ann3304_img18736.jpg,../fashion_data/processed/fashionpedia_missing3_pilot_v1/full_masks/bag_ann3304_img18736.png,../fashion_data/processed/fashionpedia_missing3_pilot_v1/crop_masks/bag_ann3304_img18736.png,../fashion_data/processed/fashionpedia_missing3_pilot_v1/visualizations/bag_ann3304_img18736.jpg
Fashionpedia,../fashion_data/raw/fashionpedia/images/test/38f9af46bc5456b86585c68acbb089d3.jpg,9794,6093,fashionpedia_ann_6093,"bag, wallet",bag,682,1024,423,278,510,870,87,592,423.0,278.0,86.0,591.0,7678,7047,0,../fashion_data/processed/fashionpedia_missing3_pilot_v1/crops/bag_ann6093_img9794.jpg,../fashion_data/processed/fashionpedia_missing3_pilot_v1/masked_crops/bag_ann6093_img9794.jpg,../fashion_data/processed/fashionpedia_missing3_pilot_v1/full_masks/bag_ann6093_img9794.png,../fashion_data/processed/fashionpedia_missing3_pilot_v1/crop_masks/bag_ann6093_img9794.png,../fashion_data/processed/fashionpedia_missing3_pilot_v1/visualizations/bag_ann6093_img9794.jpg
Fashionpedia,../fashion_data/raw/fashionpedia/images/test/79a404d13384b4e687f5927f1d28e2e3.jpg,13507,9213,fashionpedia_ann_9213,"bag, wallet",bag,682,1024,121,265,222,417,101,152,121.0,265.0,101.0,152.0,3619,3619,0,../fashion_data/processed/fashionpedia_missing3_pilot_v1/crops/bag_ann9213_img13507.jpg,../fashion_data/processed/fashionpedia_missing3_pilot_v1/masked_crops/bag_ann9213_img13507.jpg,../fashion_data/processed/fashionpedia_missing3_pilot_v1/full_masks/bag_ann9213_img13507.png,../fashion_data/processed/fashionpedia_missing3_pilot_v1/crop_masks/bag_ann9213_img13507.png,../fashion_data/processed/fashionpedia_missing3_pilot_v1/visualizations/bag_ann9213_img13507.jpg
Fashionpedia,../fashion_data/raw/fashionpedia/images/test/ec3d4bc8f46f26f1012ea9f2f43060b0.jpg,11284,7356,fashionpedia_ann_7356,"bag, wallet",bag,1024,1024,625,239,770,749,145,510,625.0,239.0,144.0,509.0,12942,12233,0,../fashion_data/processed/fashionpedia_missing3_pilot_v1/crops/bag_ann7356_img11284.jpg,../fashion_data/processed/fashionpedia_missing3_pilot_v1/masked_crops/bag_ann7356_img11284.jpg,../fashion_data/processed/fashionpedia_missing3_pilot_v1/full_masks/bag_ann7356_img11284.png,../fashion_data/processed/fashionpedia_missing3_pilot_v1/crop_masks/bag_ann7356_img11284.png,../fashion_data/processed/fashionpedia_missing3_pilot_v1/visualizations/bag_ann7356_img11284.jpg
Fashionpedia,../fashion_data/raw/fashionpedia/images/test/89f6e3ad94e5493906b4f3d0e16bdae1.jpg,19898,4505,fashionpedia_ann_4505,"bag, wallet",bag,682,1024,44,650,125,1024,81,374,44.0,650.0,80.0,373.0,19734,19166,0,../fashion_data/processed/fashionpedia_missing3_pilot_v1/crops/bag_ann4505_img19898.jpg,../fashion_data/processed/fashionpedia_missing3_pilot_v1/masked_crops/bag_ann4505_img19898.jpg,../fashion_data/processed/fashionpedia_missing3_pilot_v1/full_masks/bag_ann4505_img19898.png,../fashion_data/processed/fashionpedia_missing3_pilot_v1/crop_masks/bag_ann4505_img19898.png,../fashion_data/processed/fashionpedia_missing3_pilot_v1/visualizations/bag_ann4505_img19898.jpg
Fashionpedia,../fashion_data/raw/fashionpedia/images/test/136ac2a820e9718e52835f815428be82.jpg,20023,4756,fashionpedia_ann_4756,"bag, wallet",bag,839,1024,410,568,618,924,208,356,410.0,568.0,207.0,355.0,19108,18738,0,../fashion_data/processed/fashionpedia_missing3_pilot_v1/crops/bag_ann4756_img20023.jpg,../fashion_data/processed/fashionpedia_missing3_pilot_v1/masked_crops/bag_ann4756_img20023.jpg,../fashion_data/processed/fashionpedia_missing3_pilot_v1/full_masks/bag_ann4756_img20023.png,../fashion_data/processed/fashionpedia_missing3_pilot_v1/crop_masks/bag_ann4756_img20023.png,../fashion_data/processed/fashionpedia_missing3_pilot_v1/visualizations/bag_ann4756_img20023.jpg
Fashionpedia,../fashion_data/raw/fashionpedia/images/test/470281287b961aa83407820eaf2cbf5c.jpg,12449,8278,fashionpedia_ann_8278,"bag, wallet",bag,619,1024,152,529,215,651,63,122,152.0,530.0,62.0,120.0,4339,4181,0,../fashion_data/processed/fashionpedia_missing3_pilot_v1/crops/bag_ann8278_img12449.jpg,../fashion_data/processed/fashionpedia_missing3_pilot_v1/masked_crops/bag_ann8278_img12449.jpg,../fashion_data/processed/fashionpedia_missing3_pilot_v1/full_masks/bag_ann8278_img12449.png,../fashion_data/processed/fashionpedia_missing3_pilot_v1/crop_masks/bag_ann8278_img12449.png,../fashion_data/processed/fashionpedia_missing3_pilot_v1/visualizations/bag_ann8278_img12449.jpg
Fashionpedia,../fashion_data/raw/fashionpedia/images/test/c8183194c22ace7c7bbe6f224ea525bb.jpg,8671,6051,fashionpedia_ann_6051,"bag, wallet",bag,683,1024,396,271,503,620,107,349,396.0,271.0,106.0,348.0,7781,7467,0,../fashion_data/processed/fashionpedia_missing3_pilot_v1/crops/bag_ann6051_img8671.jpg,../fashion_data/processed/fashionpedia_missing3_pilot_v1/masked_crops/bag_ann6051_img8671.jpg,../fashion_data/processed/fashionpedia_missing3_pilot_v1/full_masks/bag_ann6051_img8671.png,../fashion_data/processed/fashionpedia_missing3_pilot_v1/crop_masks/bag_ann6051_img8671.png,../fashion_data/processed/fashionpedia_missing3_pilot_v1/visualizations/bag_ann6051_img8671.jpg
Fashionpedia,../fashion_data/raw/fashionpedia/images/test/4ba624616f54007236995b5ed5d330e2.jpg,9154,5463,fashionpedia_ann_5463,"bag, wallet",bag,682,1024,215,300,303,635,88,335,215.0,300.0,86.0,334.0,3335,3031,0,../fashion_data/processed/fashionpedia_missing3_pilot_v1/crops/bag_ann5463_img9154.jpg,../fashion_data/processed/fashionpedia_missing3_pilot_v1/masked_crops/bag_ann5463_img9154.jpg,../fashion_data/processed/fashionpedia_missing3_pilot_v1/full_masks/bag_ann5463_img9154.png,../fashion_data/processed/fashionpedia_missing3_pilot_v1/crop_masks/bag_ann5463_img9154.png,../fashion_data/processed/fashionpedia_missing3_pilot_v1/visualizations/bag_ann5463_img9154.jpg
Fashionpedia,../fashion_data/raw/fashionpedia/images/test/de8af016793ce1f2170e1ae785ed78ee.jpg,10566,6545,fashionpedia_ann_6545,"bag, wallet",bag,828,1024,454,158,664,611,210,453,454.0,158.0,208.0,451.0,5874,5440,0,../fashion_data/processed/fashionpedia_missing3_pilot_v1/crops/bag_ann6545_img10566.jpg,../fashion_data/processed/fashionpedia_missing3_pilot_v1/masked_crops/bag_ann6545_img10566.jpg,../fashion_data/processed/fashionpedia_missing3_pilot_v1/full_masks/bag_ann6545_img10566.png,../fashion_data/processed/fashionpedia_missing3_pilot_v1/crop_masks/bag_ann6545_img10566.png,../fashion_data/processed/fashionpedia_missing3_pilot_v1/visualizations/bag_ann6545_img10566.jpg
Fashionpedia,../fashion_data/raw/fashionpedia/images/test/26759016fd26e02207463675219f7fef.jpg,17600,2140,fashionpedia_ann_2140,"bag, wallet",bag,682,1024,229,510,384,602,155,92,229.0,510.0,154.0,90.0,9598,9406,0,../fashion_data/processed/fashionpedia_missing3_pilot_v1/crops/bag_ann2140_img17600.jpg,../fashion_data/processed/fashionpedia_missing3_pilot_v1/masked_crops/bag_ann2140_img17600.jpg,../fashion_data/processed/fashionpedia_missing3_pilot_v1/full_masks/bag_ann2140_img17600.png,../fashion_data/processed/fashionpedia_missing3_pilot_v1/crop_masks/bag_ann2140_img17600.png,../fashion_data/processed/fashionpedia_missing3_pilot_v1/visualizations/bag_ann2140_img17600.jpg
Fashionpedia,../fashion_data/raw/fashionpedia/images/test/cdd175f26ac87c01ec64fb2f02268654.jpg,11967,7855,fashionpedia_ann_7855,"bag, wallet",bag,683,1024,268,400,390,709,122,309,268.0,400.0,121.0,308.0,8983,8556,0,../fashion_data/processed/fashionpedia_missing3_pilot_v1/crops/bag_ann7855_img11967.jpg,../fashion_data/processed/fashionpedia_missing3_pilot_v1/masked_crops/bag_ann7855_img11967.jpg,../fashion_data/processed/fashionpedia_missing3_pilot_v1/full_masks/bag_ann7855_img11967.png,../fashion_data/processed/fashionpedia_missing3_pilot_v1/crop_masks/bag_ann7855_img11967.png,../fashion_data/processed/fashionpedia_missing3_pilot_v1/visualizations/bag_ann7855_img11967.jpg
Fashionpedia,../fashion_data/raw/fashionpedia/images/test/68d6747a3e74f059dddb6d75f624f21c.jpg,10160,6291,fashionpedia_ann_6291,"bag, wallet",bag,768,1024,170,446,224,577,54,131,170.0,447.0,53.0,129.0,3379,3241,0,../fashion_data/processed/fashionpedia_missing3_pilot_v1/crops/bag_ann6291_img10160.jpg,../fashion_data/processed/fashionpedia_missing3_pilot_v1/masked_crops/bag_ann6291_img10160.jpg,../fashion_data/processed/fashionpedia_missing3_pilot_v1/full_masks/bag_ann6291_img10160.png,../fashion_data/processed/fashionpedia_missing3_pilot_v1/crop_masks/bag_ann6291_img10160.png,../fashion_data/processed/fashionpedia_missing3_pilot_v1/visualizations/bag_ann6291_img10160.jpg
Fashionpedia,../fashion_data/raw/fashionpedia/images/test/cef7317d699eb4899f181a570b1502e0.jpg,16553,1263,fashionpedia_ann_1263,"bag, wallet",bag,1024,682,222,303,343,476,121,173,222.0,305.0,120.0,170.0,10884,10673,0,../fashion_data/processed/fashionpedia_missing3_pilot_v1/crops/bag_ann1263_img16553.jpg,../fashion_data/processed/fashionpedia_missing3_pilot_v1/masked_crops/bag_ann1263_img16553.jpg,../fashion_data/processed/fashionpedia_missing3_pilot_v1/full_masks/bag_ann1263_img16553.png,../fashion_data/processed/fashionpedia_missing3_pilot_v1/crop_masks/bag_ann1263_img16553.png,../fashion_data/processed/fashionpedia_missing3_pilot_v1/visualizations/bag_ann1263_img16553.jpg
Fashionpedia,../fashion_data/raw/fashionpedia/images/test/af496316395f8375383561f51fd5c731.jpg,11522,7547,fashionpedia_ann_7547,"bag, wallet",bag,636,1024,169,466,227,586,58,120,169.0,467.0,57.0,118.0,3378,3237,0,../fashion_data/processed/fashionpedia_missing3_pilot_v1/crops/bag_ann7547_img11522.jpg,../fashion_data/processed/fashionpedia_missing3_pilot_v1/masked_crops/bag_ann7547_img11522.jpg,../fashion_data/processed/fashionpedia_missing3_pilot_v1/full_masks/bag_ann7547_img11522.png,../fashion_data/processed/fashionpedia_missing3_pilot_v1/crop_masks/bag_ann7547_img11522.png,../fashion_data/processed/fashionpedia_missing3_pilot_v1/visualizations/bag_ann7547_img11522.jpg
Fashionpedia,../fashion_data/raw/fashionpedia/images/test/fac6412c2873388612c4ec4cda414ac6.jpg,11227,7326,fashionpedia_ann_7326,"bag, wallet",bag,682,1024,181,508,326,669,145,161,181.0,508.0,144.0,160.0,8371,8191,0,../fashion_data/processed/fashionpedia_missing3_pilot_v1/crops/bag_ann7326_img11227.jpg,../fashion_data/processed/fashionpedia_missing3_pilot_v1/masked_crops/bag_ann7326_img11227.jpg,../fashion_data/processed/fashionpedia_missing3_pilot_v1/full_masks/bag_ann7326_img11227.png,../fashion_data/processed/fashionpedia_missing3_pilot_v1/crop_masks/bag_ann7326_img11227.png,../fashion_data/processed/fashionpedia_missing3_pilot_v1/visualizations/bag_ann7326_img11227.jpg
Fashionpedia,../fashion_data/raw/fashionpedia/images/test/e57c17d89b576bfd05ccce0c247dc6bd.jpg,20572,5095,fashionpedia_ann_5095,"bag, wallet",bag,679,1024,31,348,164,648,133,300,31.0,348.0,132.0,299.0,24421,24112,0,../fashion_data/processed/fashionpedia_missing3_pilot_v1/crops/bag_ann5095_img20572.jpg,../fashion_data/processed/fashionpedia_missing3_pilot_v1/masked_crops/bag_ann5095_img20572.jpg,../fashion_data/processed/fashionpedia_missing3_pilot_v1/full_masks/bag_ann5095_img20572.png,../fashion_data/processed/fashionpedia_missing3_pilot_v1/crop_masks/bag_ann5095_img20572.png,../fashion_data/processed/fashionpedia_missing3_pilot_v1/visualizations/bag_ann5095_img20572.jpg
Fashionpedia,../fashion_data/raw/fashionpedia/images/test/4f23f05daee3cbdd96295f84825e3581.jpg,9753,6080,fashionpedia_ann_6080,"bag, wallet",bag,683,1024,278,211,513,561,235,350,278.0,211.0,234.0,349.0,10461,10122,0,../fashion_data/processed/fashionpedia_missing3_pilot_v1/crops/bag_ann6080_img9753.jpg,../fashion_data/processed/fashionpedia_missing3_pilot_v1/masked_crops/bag_ann6080_img9753.jpg,../fashion_data/processed/fashionpedia_missing3_pilot_v1/full_masks/bag_ann6080_img9753.png,../fashion_data/processed/fashionpedia_missing3_pilot_v1/crop_masks/bag_ann6080_img9753.png,../fashion_data/processed/fashionpedia_missing3_pilot_v1/visualizations/bag_ann6080_img9753.jpg
Fashionpedia,../fashion_data/raw/fashionpedia/images/test/3c77bfcabe3495c954793a8f4696be5f.jpg,16673,1377,fashionpedia_ann_1377,"bag, wallet",bag,682,1024,134,430,243,618,109,188,134.0,430.0,108.0,187.0,11190,10977,0,../fashion_data/processed/fashionpedia_missing3_pilot_v1/crops/bag_ann1377_img16673.jpg,../fashion_data/processed/fashionpedia_missing3_pilot_v1/masked_crops/bag_ann1377_img16673.jpg,../fashion_data/processed/fashionpedia_missing3_pilot_v1/full_masks/bag_ann1377_img16673.png,../fashion_data/processed/fashionpedia_missing3_pilot_v1/crop_masks/bag_ann1377_img16673.png,../fashion_data/processed/fashionpedia_missing3_pilot_v1/visualizations/bag_ann1377_img16673.jpg
Fashionpedia,../fashion_data/raw/fashionpedia/images/test/c87fb99e4cbb5a408e8fa1f4d86f9204.jpg,18008,2485,fashionpedia_ann_2485,"bag, wallet",bag,682,1024,217,235,291,606,74,371,217.0,235.0,73.0,370.0,9128,8778,0,../fashion_data/processed/fashionpedia_missing3_pilot_v1/crops/bag_ann2485_img18008.jpg,../fashion_data/processed/fashionpedia_missing3_pilot_v1/masked_crops/bag_ann2485_img18008.jpg,../fashion_data/processed/fashionpedia_missing3_pilot_v1/full_masks/bag_ann2485_img18008.png,../fashion_data/processed/fashionpedia_missing3_pilot_v1/crop_masks/bag_ann2485_img18008.png,../fashion_data/processed/fashionpedia_missing3_pilot_v1/visualizations/bag_ann2485_img18008.jpg
Fashionpedia,../fashion_data/raw/fashionpedia/images/test/6375bd30773a17a141a35eb4df0e4e16.jpg,9266,5556,fashionpedia_ann_5556,tie,accessory,683,1024,295,187,361,233,66,46,295.0,187.0,65.0,45.0,1726,1667,0,../fashion_data/processed/fashionpedia_missing3_pilot_v1/crops/accessory_ann5556_img9266.jpg,../fashion_data/processed/fashionpedia_missing3_pilot_v1/masked_crops/accessory_ann5556_img9266.jpg,../fashion_data/processed/fashionpedia_missing3_pilot_v1/full_masks/accessory_ann5556_img9266.png,../fashion_data/processed/fashionpedia_missing3_pilot_v1/crop_masks/accessory_ann5556_img9266.png,../fashion_data/processed/fashionpedia_missing3_pilot_v1/visualizations/accessory_ann5556_img9266.jpg
Fashionpedia,../fashion_data/raw/fashionpedia/images/test/3bf082a96a03a1c8f75e1d1d0ebf42d2.jpg,18895,3414,fashionpedia_ann_3414,"tights, stockings",accessory,682,1024,343,721,402,908,59,187,343.0,721.0,58.0,186.0,7788,7587,0,../fashion_data/processed/fashionpedia_missing3_pilot_v1/crops/accessory_ann3414_img18895.jpg,../fashion_data/processed/fashionpedia_missing3_pilot_v1/masked_crops/accessory_ann3414_img18895.jpg,../fashion_data/processed/fashionpedia_missing3_pilot_v1/full_masks/accessory_ann3414_img18895.png,../fashion_data/processed/fashionpedia_missing3_pilot_v1/crop_masks/accessory_ann3414_img18895.png,../fashion_data/processed/fashionpedia_missing3_pilot_v1/visualizations/accessory_ann3414_img18895.jpg
Fashionpedia,../fashion_data/raw/fashionpedia/images/test/a62022b349b66f249a0ffbc07f9aa013.jpg,18332,2742,fashionpedia_ann_2742,scarf,accessory,680,1024,198,145,337,309,139,164,198.0,145.0,138.0,162.0,9623,9327,0,../fashion_data/processed/fashionpedia_missing3_pilot_v1/crops/accessory_ann2742_img18332.jpg,../fashion_data/processed/fashionpedia_missing3_pilot_v1/masked_crops/accessory_ann2742_img18332.jpg,../fashion_data/processed/fashionpedia_missing3_pilot_v1/full_masks/accessory_ann2742_img18332.png,../fashion_data/processed/fashionpedia_missing3_pilot_v1/crop_masks/accessory_ann2742_img18332.png,../fashion_data/processed/fashionpedia_missing3_pilot_v1/visualizations/accessory_ann2742_img18332.jpg
Fashionpedia,../fashion_data/raw/fashionpedia/images/test/cfe1c4de7beeb5eef7cdc05e8be73d57.jpg,20250,4791,fashionpedia_ann_4791,"headband, head covering, hair accessory",accessory,682,1024,184,201,261,259,77,58,184.0,201.0,76.0,56.0,1643,1551,0,../fashion_data/processed/fashionpedia_missing3_pilot_v1/crops/accessory_ann4791_img20250.jpg,../fashion_data/processed/fashionpedia_missing3_pilot_v1/masked_crops/accessory_ann4791_img20250.jpg,../fashion_data/processed/fashionpedia_missing3_pilot_v1/full_masks/accessory_ann4791_img20250.png,../fashion_data/processed/fashionpedia_missing3_pilot_v1/crop_masks/accessory_ann4791_img20250.png,../fashion_data/processed/fashionpedia_missing3_pilot_v1/visualizations/accessory_ann4791_img20250.jpg
Fashionpedia,../fashion_data/raw/fashionpedia/images/test/6beae9033a9244991b99ac04347ba917.jpg,10382,6435,fashionpedia_ann_6435,hat,accessory,682,1024,98,7,256,108,158,101,98.0,7.0,157.0,100.0,7622,7502,0,../fashion_data/processed/fashionpedia_missing3_pilot_v1/crops/accessory_ann6435_img10382.jpg,../fashion_data/processed/fashionpedia_missing3_pilot_v1/masked_crops/accessory_ann6435_img10382.jpg,../fashion_data/processed/fashionpedia_missing3_pilot_v1/full_masks/accessory_ann6435_img10382.png,../fashion_data/processed/fashionpedia_missing3_pilot_v1/crop_masks/accessory_ann6435_img10382.png,../fashion_data/processed/fashionpedia_missing3_pilot_v1/visualizations/accessory_ann6435_img10382.jpg
Fashionpedia,../fashion_data/raw/fashionpedia/images/test/14ce620645bc27f4710e2141432e7139.jpg,12257,8183,fashionpedia_ann_8183,belt,accessory,679,1024,241,471,324,510,83,39,241.0,471.0,82.0,38.0,405,366,0,../fashion_data/processed/fashionpedia_missing3_pilot_v1/crops/accessory_ann8183_img12257.jpg,../fashion_data/processed/fashionpedia_missing3_pilot_v1/masked_crops/accessory_ann8183_img12257.jpg,../fashion_data/processed/fashionpedia_missing3_pilot_v1/full_masks/accessory_ann8183_img12257.png,../fashion_data/processed/fashionpedia_missing3_pilot_v1/crop_masks/accessory_ann8183_img12257.png,../fashion_data/processed/fashionpedia_missing3_pilot_v1/visualizations/accessory_ann8183_img12257.jpg
Fashionpedia,../fashion_data/raw/fashionpedia/images/test/4f2a2c16e1c284c1dc11cb987c9f5ca0.jpg,18282,2696,fashionpedia_ann_2696,glasses,accessory,682,1024,292,172,378,203,86,31,292.0,172.0,85.0,30.0,1257,1183,0,../fashion_data/processed/fashionpedia_missing3_pilot_v1/crops/accessory_ann2696_img18282.jpg,../fashion_data/processed/fashionpedia_missing3_pilot_v1/masked_crops/accessory_ann2696_img18282.jpg,../fashion_data/processed/fashionpedia_missing3_pilot_v1/full_masks/accessory_ann2696_img18282.png,../fashion_data/processed/fashionpedia_missing3_pilot_v1/crop_masks/accessory_ann2696_img18282.png,../fashion_data/processed/fashionpedia_missing3_pilot_v1/visualizations/accessory_ann2696_img18282.jpg
Fashionpedia,../fashion_data/raw/fashionpedia/images/test/59e06fb924b0f433d0aed18b3469beec.jpg,9221,5503,fashionpedia_ann_5503,sock,accessory,680,1024,367,767,398,786,31,19,367.0,767.0,30.0,18.0,492,472,0,../fashion_data/processed/fashionpedia_missing3_pilot_v1/crops/accessory_ann5503_img9221.jpg,../fashion_data/processed/fashionpedia_missing3_pilot_v1/masked_crops/accessory_ann5503_img9221.jpg,../fashion_data/processed/fashionpedia_missing3_pilot_v1/full_masks/accessory_ann5503_img9221.png,../fashion_data/processed/fashionpedia_missing3_pilot_v1/crop_masks/accessory_ann5503_img9221.png,../fashion_data/processed/fashionpedia_missing3_pilot_v1/visualizations/accessory_ann5503_img9221.jpg
Fashionpedia,../fashion_data/raw/fashionpedia/images/test/fb24ea2a89e0ec6dc4b093ccbb2fc743.jpg,20542,5071,fashionpedia_ann_5071,glove,accessory,681,1024,415,296,519,511,104,215,415.0,296.0,103.0,214.0,8528,8301,0,../fashion_data/processed/fashionpedia_missing3_pilot_v1/crops/accessory_ann5071_img20542.jpg,../fashion_data/processed/fashionpedia_missing3_pilot_v1/masked_crops/accessory_ann5071_img20542.jpg,../fashion_data/processed/fashionpedia_missing3_pilot_v1/full_masks/accessory_ann5071_img20542.png,../fashion_data/processed/fashionpedia_missing3_pilot_v1/crop_masks/accessory_ann5071_img20542.png,../fashion_data/processed/fashionpedia_missing3_pilot_v1/visualizations/accessory_ann5071_img20542.jpg
Fashionpedia,../fashion_data/raw/fashionpedia/images/test/809906ce0fd1e001d613c9b13e7e8a4e.jpg,13428,9128,fashionpedia_ann_9128,leg warmer,accessory,682,1024,158,705,390,1024,232,319,158.0,705.0,232.0,319.0,45397,45397,0,../fashion_data/processed/fashionpedia_missing3_pilot_v1/crops/accessory_ann9128_img13428.jpg,../fashion_data/processed/fashionpedia_missing3_pilot_v1/masked_crops/accessory_ann9128_img13428.jpg,../fashion_data/processed/fashionpedia_missing3_pilot_v1/full_masks/accessory_ann9128_img13428.png,../fashion_data/processed/fashionpedia_missing3_pilot_v1/crop_masks/accessory_ann9128_img13428.png,../fashion_data/processed/fashionpedia_missing3_pilot_v1/visualizations/accessory_ann9128_img13428.jpg
Fashionpedia,../fashion_data/raw/fashionpedia/images/test/ac453fbad1af6923ae38db5e33512e2b.jpg,9989,6203,fashionpedia_ann_6203,watch,accessory,1024,682,549,567,570,594,21,27,549.0,567.0,20.0,26.0,297,270,0,../fashion_data/processed/fashionpedia_missing3_pilot_v1/crops/accessory_ann6203_img9989.jpg,../fashion_data/processed/fashionpedia_missing3_pilot_v1/masked_crops/accessory_ann6203_img9989.jpg,../fashion_data/processed/fashionpedia_missing3_pilot_v1/full_masks/accessory_ann6203_img9989.png,../fashion_data/processed/fashionpedia_missing3_pilot_v1/crop_masks/accessory_ann6203_img9989.png,../fashion_data/processed/fashionpedia_missing3_pilot_v1/visualizations/accessory_ann6203_img9989.jpg
Fashionpedia,../fashion_data/raw/fashionpedia/images/test/6096b12d8fc996b65b4b9947b18502ca.jpg,19326,3850,fashionpedia_ann_3850,tie,accessory,633,1024,242,217,274,296,32,79,242.0,217.0,30.0,77.0,1390,1316,0,../fashion_data/processed/fashionpedia_missing3_pilot_v1/crops/accessory_ann3850_img19326.jpg,../fashion_data/processed/fashionpedia_missing3_pilot_v1/masked_crops/accessory_ann3850_img19326.jpg,../fashion_data/processed/fashionpedia_missing3_pilot_v1/full_masks/accessory_ann3850_img19326.png,../fashion_data/processed/fashionpedia_missing3_pilot_v1/crop_masks/accessory_ann3850_img19326.png,../fashion_data/processed/fashionpedia_missing3_pilot_v1/visualizations/accessory_ann3850_img19326.jpg
Fashionpedia,../fashion_data/raw/fashionpedia/images/test/32227cade6d3646824f9c0f3fa9dc9e7.jpg,11720,7678,fashionpedia_ann_7678,"tights, stockings",accessory,532,1024,205,635,278,877,73,242,205.0,635.0,72.0,241.0,6358,6113,0,../fashion_data/processed/fashionpedia_missing3_pilot_v1/crops/accessory_ann7678_img11720.jpg,../fashion_data/processed/fashionpedia_missing3_pilot_v1/masked_crops/accessory_ann7678_img11720.jpg,../fashion_data/processed/fashionpedia_missing3_pilot_v1/full_masks/accessory_ann7678_img11720.png,../fashion_data/processed/fashionpedia_missing3_pilot_v1/crop_masks/accessory_ann7678_img11720.png,../fashion_data/processed/fashionpedia_missing3_pilot_v1/visualizations/accessory_ann7678_img11720.jpg
Fashionpedia,../fashion_data/raw/fashionpedia/images/test/52df4fde942c5b69a757f82014af85e4.jpg,12208,8083,fashionpedia_ann_8083,scarf,accessory,632,1024,153,159,355,430,202,271,153.0,159.0,201.0,270.0,23351,22930,0,../fashion_data/processed/fashionpedia_missing3_pilot_v1/crops/accessory_ann8083_img12208.jpg,../fashion_data/processed/fashionpedia_missing3_pilot_v1/masked_crops/accessory_ann8083_img12208.jpg,../fashion_data/processed/fashionpedia_missing3_pilot_v1/full_masks/accessory_ann8083_img12208.png,../fashion_data/processed/fashionpedia_missing3_pilot_v1/crop_masks/accessory_ann8083_img12208.png,../fashion_data/processed/fashionpedia_missing3_pilot_v1/visualizations/accessory_ann8083_img12208.jpg
Fashionpedia,../fashion_data/raw/fashionpedia/images/test/1744183e925250327f807fdb15907f6a.jpg,10937,7044,fashionpedia_ann_7044,"headband, head covering, hair accessory",accessory,632,1024,268,71,284,97,16,26,268.0,71.0,15.0,24.0,247,222,0,../fashion_data/processed/fashionpedia_missing3_pilot_v1/crops/accessory_ann7044_img10937.jpg,../fashion_data/processed/fashionpedia_missing3_pilot_v1/masked_crops/accessory_ann7044_img10937.jpg,../fashion_data/processed/fashionpedia_missing3_pilot_v1/full_masks/accessory_ann7044_img10937.png,../fashion_data/processed/fashionpedia_missing3_pilot_v1/crop_masks/accessory_ann7044_img10937.png,../fashion_data/processed/fashionpedia_missing3_pilot_v1/visualizations/accessory_ann7044_img10937.jpg
Fashionpedia,../fashion_data/raw/fashionpedia/images/test/5d2a983e1bcdce687150ce6115212283.jpg,11073,7149,fashionpedia_ann_7149,hat,accessory,1024,682,626,75,775,186,149,111,626.0,75.0,148.0,110.0,5428,5265,0,../fashion_data/processed/fashionpedia_missing3_pilot_v1/crops/accessory_ann7149_img11073.jpg,../fashion_data/processed/fashionpedia_missing3_pilot_v1/masked_crops/accessory_ann7149_img11073.jpg,../fashion_data/processed/fashionpedia_missing3_pilot_v1/full_masks/accessory_ann7149_img11073.png,../fashion_data/processed/fashionpedia_missing3_pilot_v1/crop_masks/accessory_ann7149_img11073.png,../fashion_data/processed/fashionpedia_missing3_pilot_v1/visualizations/accessory_ann7149_img11073.jpg
Fashionpedia,../fashion_data/raw/fashionpedia/images/test/dd4525a10b6110df29f0a6b19e6b924b.jpg,18358,2759,fashionpedia_ann_2759,belt,accessory,1024,681,606,240,707,254,101,14,606.0,240.0,100.0,13.0,1036,995,0,../fashion_data/processed/fashionpedia_missing3_pilot_v1/crops/accessory_ann2759_img18358.jpg,../fashion_data/processed/fashionpedia_missing3_pilot_v1/masked_crops/accessory_ann2759_img18358.jpg,../fashion_data/processed/fashionpedia_missing3_pilot_v1/full_masks/accessory_ann2759_img18358.png,../fashion_data/processed/fashionpedia_missing3_pilot_v1/crop_masks/accessory_ann2759_img18358.png,../fashion_data/processed/fashionpedia_missing3_pilot_v1/visualizations/accessory_ann2759_img18358.jpg
Fashionpedia,../fashion_data/raw/fashionpedia/images/test/6129a289fa99fd43988c56cf0271e345.jpg,12534,8373,fashionpedia_ann_8373,glasses,accessory,680,1024,378,270,492,332,114,62,378.0,270.0,113.0,61.0,3209,3116,0,../fashion_data/processed/fashionpedia_missing3_pilot_v1/crops/accessory_ann8373_img12534.jpg,../fashion_data/processed/fashionpedia_missing3_pilot_v1/masked_crops/accessory_ann8373_img12534.jpg,../fashion_data/processed/fashionpedia_missing3_pilot_v1/full_masks/accessory_ann8373_img12534.png,../fashion_data/processed/fashionpedia_missing3_pilot_v1/crop_masks/accessory_ann8373_img12534.png,../fashion_data/processed/fashionpedia_missing3_pilot_v1/visualizations/accessory_ann8373_img12534.jpg
Fashionpedia,../fashion_data/raw/fashionpedia/images/test/77435fc234059dcb9e0bb3d73382bcc7.jpg,17962,2422,fashionpedia_ann_2422,sock,accessory,1024,813,465,674,486,686,21,12,465.0,674.0,19.0,11.0,91,75,0,../fashion_data/processed/fashionpedia_missing3_pilot_v1/crops/accessory_ann2422_img17962.jpg,../fashion_data/processed/fashionpedia_missing3_pilot_v1/masked_crops/accessory_ann2422_img17962.jpg,../fashion_data/processed/fashionpedia_missing3_pilot_v1/full_masks/accessory_ann2422_img17962.png,../fashion_data/processed/fashionpedia_missing3_pilot_v1/crop_masks/accessory_ann2422_img17962.png,../fashion_data/processed/fashionpedia_missing3_pilot_v1/visualizations/accessory_ann2422_img17962.jpg
Fashionpedia,../fashion_data/raw/fashionpedia/images/test/3628ba3d48dfc3c26103dd2056f47bc6.jpg,8554,7106,fashionpedia_ann_7106,glove,accessory,1024,680,498,253,519,284,21,31,498.0,253.0,20.0,30.0,286,253,0,../fashion_data/processed/fashionpedia_missing3_pilot_v1/crops/accessory_ann7106_img8554.jpg,../fashion_data/processed/fashionpedia_missing3_pilot_v1/masked_crops/accessory_ann7106_img8554.jpg,../fashion_data/processed/fashionpedia_missing3_pilot_v1/full_masks/accessory_ann7106_img8554.png,../fashion_data/processed/fashionpedia_missing3_pilot_v1/crop_masks/accessory_ann7106_img8554.png,../fashion_data/processed/fashionpedia_missing3_pilot_v1/visualizations/accessory_ann7106_img8554.jpg
