source_image,garment_id,garment_category,color__entropy,color__label,color__margin,color__method,color__scope,color__top1_score,color__top2_label,color__top2_score,integration_complete,pattern__label,pattern__method,pattern__presence_route,pattern__stage1_bucket,pattern__stage1_entropy,pattern__stage1_margin,pattern__stage1_quality,pattern__stage1_score,pattern__stage2_entropy,pattern__stage2_label,pattern__stage2_margin,pattern__stage2_quality,pattern__stage2_score,style__collar_height_score,style__garment_length_proxy,style__hem_to_chest_ratio,style__lower_garment_length_score,style__lower_taper_slope,style__neckline_depth_score,style__neckline_width_score,style__pants_length_ratio,style__skirt_flare_score,style__skirt_hem_to_waist_ratio,style__sleeve_length_ratio,style__trouser_hem_to_thigh_ratio,style__trouser_hem_width_ratio,style__trouser_knee_width_ratio,style__trouser_lower_leg_fullness,style__trouser_lower_width_slope,style__trouser_thigh_width_ratio,style__waist_to_chest_ratio,style_quality__arm_contamination_ratio,style_quality__collar_entropy,style_quality__depth_entropy,style_quality__lower_garment_length_entropy,style_quality__pants_length_entropy,style_quality__sleeve_entropy,style_quality__trouser_geometry_quality,style_quality__upper_geometry_quality,style_quality__width_entropy
../fashion_data/raw/train/train/image/002278.jpg,item1_sling_dress,dress,0.34273502516664567,white,0.7265054062008858,CLIP_multi_background_embedding_average,single_primary_color,0.8005083799362183,beige,0.07400297373533249,True,solid,pattern_v3_hierarchical,non_pattern,texture_structure_non_pattern,0.9011655288979491,0.18997091054916382,usable,0.4575073719024658,0.0,,0.0,not_applicable,0.0,0.4039967656135559,,,0.6624217629432678,,0.4684890806674957,0.441840261220932,,,,0.2530782222747803,,,,,,,,,0.9537204391469141,0.8339639221056745,0.7387443963258779,,0.8679259987694954,,,0.9451039303921536
../fashion_data/raw/train/train/image/004648.jpg,item1_vest_dress,dress,0.16596554577822106,yellow,0.9008313696831465,CLIP_multi_background_embedding_average,single_primary_color,0.924055814743042,beige,0.023224445059895515,True,polka_dot,pattern_v3_hierarchical,visible_pattern,repeated_surface_pattern,0.8643762041039331,0.1397099792957306,usable,0.46059638261795044,0.2110728857047232,polka_dot,0.8952815793454647,usable,0.9141170382499695,0.4145823121070862,,,0.482392281293869,,0.3454766571521759,0.6507964134216309,,,,0.2140238732099533,,,,,,,,,0.9096287066634501,0.9136442037289084,0.7900471993813629,,0.6796287438827574,,,0.7686113055415787
../fashion_data/raw/train/train/image/006491.jpg,item1_sling_dress,dress,0.5694557689073568,beige,0.312533438205719,CLIP_multi_background_embedding_average,single_primary_color,0.556415319442749,white,0.24388188123703003,True,striped,pattern_v3_hierarchical,visible_pattern,repeated_surface_pattern,0.7041211361947848,0.5548218786716461,usable,0.6777921915054321,0.3238037921144578,striped,0.7515525743365288,usable,0.8286558985710144,0.4727153778076172,,,0.8539331555366516,,0.42937758564949036,0.5852495431900024,,,,0.45344722270965576,,,,,,,,,0.9295440551771308,0.9066262498902514,0.6319635098251397,,0.9470232646796848,,,0.9272296243800088
../fashion_data/raw/train/train/image/007984.jpg,item1_short_sleeve_dress,dress,0.7947673435464587,blue,0.16339218616485596,CLIP_multi_background_embedding_average,single_primary_color,0.37523460388183594,beige,0.21184241771697998,True,striped,pattern_v3_hierarchical,visible_pattern,repeated_surface_pattern,0.9440096748982411,0.15279705822467804,usable,0.39710140228271484,0.1902908405691451,striped,0.9019399490207434,usable,0.9215517044067383,0.3034473657608032,,,0.6523911952972412,,0.42415088415145874,0.5183212757110596,,,,0.2932620644569397,,,,,,,,,0.8725312259718842,0.8848939913546997,0.8282495246315824,,0.867027950221132,,,0.9736686001815769
../fashion_data/raw/train/train/image/011261.jpg,item1_trousers,pants,0.1317992636926213,green,0.9375682789832354,CLIP_multi_background_embedding_average,single_primary_color,0.947034478187561,red,0.009466199204325676,True,solid,pattern_v3_hierarchical,non_pattern,plain_non_pattern,0.7898676443226859,0.4267830401659012,usable,0.603602409362793,0.0,,0.0,not_applicable,0.0,,,,,,,,0.8673639893531799,,,,0.9722222222222223,0.7847533632286996,0.9327354260089686,0.7955297818890428,-0.4307256750973807,0.8071748878923767,,,,,,0.6532501445732303,,good,,
../fashion_data/raw/train/train/image/011261.jpg,item2_long_sleeve_top,top,0.7076426597973201,beige,0.04416567087173462,CLIP_multi_background_embedding_average,single_primary_color,0.33927011489868164,white,0.295104444026947,True,graphic_logo,pattern_v3_hierarchical,visible_pattern,local_graphic_pattern,0.9017422727176175,0.05148053169250488,ambiguous,0.39403027296066284,0.6451500730417622,graphic_logo,0.3815019130706787,usable,0.5663419961929321,0.3742958903312683,0.5123287671232877,0.19083969465648856,,-1.7473211773994897,0.4121588468551636,0.5593016147613525,,,,0.6412513852119446,,,,,,,1.045801526717557,0.0,0.9274709408435741,0.7988974105457718,,,0.8505091927953442,,usable,0.9013718764682577
../fashion_data/raw/train/train/image/012116.jpg,item1_short_sleeve_top,top,0.7617860990841977,beige,0.04375895857810974,CLIP_multi_background_embedding_average,single_primary_color,0.31471729278564453,white,0.2709583342075348,True,solid,pattern_v3_hierarchical,non_pattern,plain_non_pattern,0.7970680419663592,0.18446549773216248,usable,0.512579619884491,0.0,,0.0,not_applicable,0.0,0.38953647017478943,0.576036866359447,0.26126126126126126,,-1.2954115499502163,0.4428984522819519,0.6497796177864075,,,,0.3676729202270508,,,,,,,0.9459459459459459,0.2073170731707317,0.9475167987522216,0.8098447933925935,,,0.8727550888410506,,usable,0.7893109695962947
../fashion_data/raw/train/train/image/012116.jpg,item2_trousers,pants,0.4918261139625285,blue,0.6535492464900017,CLIP_multi_background_embedding_average,single_primary_color,0.7175711393356323,purple,0.06402189284563065,True,solid,pattern_v3_hierarchical,non_pattern,plain_non_pattern,0.7754256591904578,0.39686447381973267,usable,0.6020928621292114,0.0,,0.0,not_applicable,0.0,,,,,,,,0.8858734369277954,,,,0.26168224299065423,0.15053763440860216,0.20430107526881722,0.1755471456318456,-0.8174446335319233,0.575268817204301,,,,,,0.6658058025638486,,usable,,
../fashion_data/raw/train/train/image/012707.jpg,item1_long_sleeve_top,top,0.4499579988188243,white,0.24648013710975647,CLIP_multi_background_embedding_average,single_primary_color,0.5743434429168701,beige,0.32786330580711365,True,solid,pattern_v3_hierarchical,non_pattern,plain_non_pattern,0.9438976282012039,0.06686908006668091,ambiguous,0.37815967202186584,0.0,,0.0,not_applicable,0.0,0.8193328976631165,0.3638968481375358,0.38829787234042556,,-1.469597768105231,0.6445474028587341,0.42342865467071533,,,,0.3236835300922394,,,,,,,0.8617021276595744,0.0,0.5422379454933381,0.698456728373002,,,0.8931478698906419,,good,0.920112714496133
../fashion_data/raw/train/train/image/012707.jpg,item2_trousers,pants,0.6759686890471464,blue,0.38641491532325745,CLIP_multi_background_embedding_average,single_primary_color,0.5313347578048706,beige,0.14491984248161316,True,solid,pattern_v3_hierarchical,non_pattern,plain_non_pattern,0.87186037312153,0.22121351957321167,usable,0.4863167107105255,0.0,,0.0,not_applicable,0.0,,,,,,,,0.8900370001792908,,,,0.24375,0.22674418604651161,0.6627906976744186,0.4507210317863308,-1.2375830310093712,0.9302325581395349,,,,,,0.6032037005590618,,good,,
../fashion_data/raw/train/train/image/013010.jpg,item1_short_sleeve_top,top,0.7349054332961126,beige,0.06330588459968567,CLIP_multi_background_embedding_average,single_primary_color,0.3229250907897949,white,0.25961920619010925,True,solid,pattern_v3_hierarchical,non_pattern,plain_non_pattern,0.8848960561176528,0.10022082924842834,usable,0.43262556195259094,0.0,,0.0,not_applicable,0.0,0.6041098237037659,0.5912162162162162,0.8130841121495327,,-0.7065266749061224,0.4488016366958618,0.5817772150039673,,,,0.3724660575389862,,,,,,,0.8504672897196262,0.0,0.9130102480470008,0.8621786904298178,,,0.8292691270914778,,good,0.9362101817592087
../fashion_data/raw/train/train/image/013010.jpg,item2_trousers,pants,0.73380852271164,black,0.19677387177944183,CLIP_multi_background_embedding_average,single_primary_color,0.4124865233898163,gray,0.21571265161037445,True,solid,pattern_v3_hierarchical,non_pattern,plain_non_pattern,0.8583780511811163,0.1267649531364441,usable,0.4597975015640259,0.0,,0.0,not_applicable,0.0,,,,,,,,0.858562171459198,,,,0.47126436781609193,0.2679738562091503,0.6535947712418301,0.4896811249752426,-0.5148492406181194,0.5686274509803921,,,,,,0.5767740992998083,,good,,
../fashion_data/raw/train/train/image/014031.jpg,item1_short_sleeve_top,top,0.7518232341976754,beige,0.03235289454460144,CLIP_multi_background_embedding_average,single_primary_color,0.2999013066291809,pink,0.26754841208457947,True,graphic_logo,pattern_v3_hierarchical,visible_pattern,local_graphic_pattern,0.5173615639871928,0.6508401036262512,usable,0.7796112895011902,0.19305369600217673,graphic_logo,0.8925636187195778,usable,0.9185658693313599,0.45047110319137573,0.46959459459459457,0.16835016835016833,,-1.6259537216166375,0.3965919315814972,0.6432896256446838,,,,0.5078872442245483,,,,,,,0.7946127946127947,0.0,0.8312916644713874,0.9051791658667172,,,0.9410892116290794,,usable,0.9283239923202103
../fashion_data/raw/train/train/image/014031.jpg,item2_skirt,skirt,0.40937168353982695,pink,0.3989909887313843,CLIP_multi_background_embedding_average,single_primary_color,0.6417126655578613,purple,0.24272167682647705,True,solid,pattern_v3_hierarchical,non_pattern,plain_non_pattern,0.8129895078526345,0.1785888671875,usable,0.5038356184959412,0.0,,0.0,not_applicable,0.0,,,,0.9374209642410278,,,,,0.2120295698924731,1.239247311827957,,,,,,,,,,,,0.40553751404842003,,,,,
../fashion_data/raw/train/train/image/015031.jpg,item1_short_sleeve_dress,dress,0.8404328849370508,white,0.02355554699897766,CLIP_multi_background_embedding_average,single_primary_color,0.21943633258342743,green,0.19588078558444977,True,checked_plaid,pattern_v3_hierarchical,visible_pattern,repeated_surface_pattern,0.8941447671331021,0.12225651741027832,usable,0.43877744674682617,0.5041071278536815,checked_plaid,0.5152889788150787,usable,0.6551097631454468,0.4168233275413513,,,0.4648681879043579,,0.5404391288757324,0.6227954626083374,,,,0.2503562569618225,,,,,,,,,0.8978376050209036,0.8187722433732739,0.6385018727708986,,0.8662454677068855,,,0.8946332364368765
../fashion_data/raw/train/train/image/019779.jpg,item1_short_sleeve_dress,dress,0.2816340593039769,white,0.6879192292690277,CLIP_multi_background_embedding_average,single_primary_color,0.8149559497833252,beige,0.12703672051429749,True,solid,pattern_v3_hierarchical,non_pattern,plain_non_pattern,0.7289638581292667,0.39356672763824463,usable,0.6137781739234924,0.0,,0.0,not_applicable,0.0,0.7321087718009949,,,0.6769126653671265,,0.39317092299461365,0.49427738785743713,,,,0.36584895849227905,,,,,,,,,0.7828577910905674,0.8942597810626297,0.8299872066575235,,0.7424391828190477,,,0.9791622902069406
../fashion_data/raw/train/train/image/019817.jpg,item1_short_sleeve_top,top,0.1595678801579707,pink,0.8965430427342653,CLIP_multi_background_embedding_average,single_primary_color,0.9266319274902344,purple,0.030088884755969048,True,graphic_logo,pattern_v3_hierarchical,visible_pattern,local_graphic_pattern,0.7573348901375244,0.43041014671325684,usable,0.6203457713127136,0.515230653797388,graphic_logo,0.6378574371337891,usable,0.7113267779350281,0.3897213935852051,0.5,1.185483870967742,,0.324952493008185,0.3212534189224243,0.5441594123840332,,,,0.4133278727531433,,,,,,,1.0483870967741937,0.0,0.8979375239617721,0.8668467344701103,,,0.8350632634064773,,good,0.9448699467493044
../fashion_data/raw/train/train/image/024726.jpg,item1_vest_dress,dress,0.5599614597032551,blue,0.5666204318404198,CLIP_multi_background_embedding_average,single_primary_color,0.6474289298057556,beige,0.08080849796533585,True,solid,pattern_v3_hierarchical,non_pattern,texture_structure_non_pattern,0.8562247424009886,0.3304014503955841,usable,0.5353831052780151,0.0,,0.0,not_applicable,0.0,0.47551214694976807,,,0.6445716619491577,,0.4059431552886963,0.5426479578018188,,,,0.5291061997413635,,,,,,,,,0.9517268748077923,0.8710143690482031,0.8735013114309486,,0.9381695226013439,,,0.9617389156343862
../fashion_data/raw/train/train/image/028454.jpg,item1_short_sleeve_dress,dress,0.5873258887248333,green,0.5113687217235565,CLIP_multi_background_embedding_average,single_primary_color,0.6122115850448608,orange,0.10084286332130432,True,striped,pattern_v3_hierarchical,visible_pattern,repeated_surface_pattern,0.8840449999698582,0.2653020918369293,usable,0.4870299696922302,0.4964770482483009,striped,0.5258738547563553,usable,0.6773825883865356,0.326923131942749,,,0.6241779923439026,,0.5559446811676025,0.4814828634262085,,,,0.7253024578094482,,,,,,,,,0.8975933998703896,0.7294173788141776,0.7980319673827907,,0.7930041463130164,,,0.9437873557635862
../fashion_data/raw/train/train/image/028454.jpg,item2_trousers,pants,0.262521621686566,green,0.8315043821930885,CLIP_multi_background_embedding_average,single_primary_color,0.8677030801773071,red,0.0361986979842186,True,striped,pattern_v3_hierarchical,visible_pattern,repeated_surface_pattern,0.951753193753339,0.19755545258522034,usable,0.4137798547744751,0.543557300596026,striped,0.3637203872203827,usable,0.5916386842727661,,,,,,,,0.8009907007217407,,,,0.28037383177570097,0.1875,0.384375,0.3683360927152317,-0.6867852386589437,0.66875,,,,,,0.829606561883101,,good,,
../fashion_data/raw/train/train/image/030559.jpg,item1_long_sleeve_dress,dress,0.5590041995325765,black,0.5611187219619751,CLIP_multi_background_embedding_average,single_primary_color,0.64832603931427,white,0.08720731735229492,True,graphic_logo,pattern_v3_hierarchical,visible_pattern,local_graphic_pattern,0.7494925672495057,0.4578094929456711,usable,0.6336615681648254,0.6185970053827402,graphic_logo,0.510846346616745,usable,0.6228067278862,0.713375449180603,,,0.43197810649871826,,0.38630053400993347,0.50663161277771,,,,0.5755668878555298,,,,,,,,,0.7333415489307176,0.9119972818236373,0.7788108808794453,,0.9202198620691958,,,0.8957569356599423
../fashion_data/raw/train/train/image/030559.jpg,item2_long_sleeve_dress,dress,0.5486140360422538,black,0.26442015171051025,CLIP_multi_background_embedding_average,single_primary_color,0.5337418913841248,gray,0.2693217396736145,True,graphic_logo,pattern_v3_hierarchical,visible_pattern,local_graphic_pattern,0.7832609307897911,0.4238453358411789,usable,0.6075015664100647,0.5735324156901088,graphic_logo,0.5693642795085907,usable,0.6672173142433167,0.4653802514076233,,,0.4008921980857849,,0.3453219532966614,0.38944923877716064,,,,0.5364465713500977,,,,,,,,,0.9462239261704133,0.8396080460590618,0.6969772880543732,,0.9488493011634882,,,0.8841134533273668
../fashion_data/raw/train/train/image/030847.jpg,item1_sling_dress,dress,0.7346419156997641,gray,0.055358946323394775,CLIP_multi_background_embedding_average,single_primary_color,0.32533299922943115,green,0.2699740529060364,True,camouflage,pattern_v3_hierarchical,visible_pattern,repeated_surface_pattern,0.9403685442054991,0.07427731156349182,ambiguous,0.3739664852619171,0.03272207057188033,camouflage,0.9861642923206091,usable,0.9901139736175537,0.3811202645301819,,,0.5832908153533936,,0.590424120426178,0.4997750222682953,,,,0.24765658378601074,,,,,,,,,0.8236110162191275,0.7691069005255305,0.8469287747608079,,0.8446622966271182,,,0.9869650780689055
../fashion_data/raw/train/train/image/032014.jpg,item1_skirt,skirt,0.5162902183304677,black,0.5552966594696045,CLIP_multi_background_embedding_average,single_primary_color,0.6668501496315002,brown,0.11155349016189575,True,solid,pattern_v3_hierarchical,non_pattern,plain_non_pattern,0.8918217974678981,0.09143111109733582,ambiguous,0.4237779378890991,0.0,,0.0,not_applicable,0.0,,,,0.7700360417366028,,,,,0.5629980079681274,1.800796812749004,,,,,,,,,,,,0.8237093163793332,,,,,
../fashion_data/raw/train/train/image/033528.jpg,item1_trousers,pants,0.2917994916491886,blue,0.8217365182936192,CLIP_multi_background_embedding_average,single_primary_color,0.856743335723877,beige,0.0350068174302578,True,striped,pattern_v3_hierarchical,visible_pattern,repeated_surface_pattern,0.9252059517661559,0.012674838304519653,ambiguous,0.35616329312324524,0.896570568501469,striped,0.09923958778381348,ambiguous,0.2898084223270416,,,,,,,,0.8008161187171936,,,,0.4,0.3051643192488263,0.5610328638497653,0.3842212696468667,-0.9659325853892489,0.7629107981220657,,,,,,0.8360656022661315,,good,,
../fashion_data/raw/train/train/image/033528.jpg,item2_short_sleeve_top,top,0.8185961848503445,beige,0.014563530683517456,CLIP_multi_background_embedding_average,single_primary_color,0.21498268842697144,blue,0.20041915774345398,True,graphic_logo,pattern_v3_hierarchical,visible_pattern,local_graphic_pattern,0.6632130848865808,0.42188648879528046,usable,0.6537728905677795,0.7171733369289852,graphic_logo,0.3115394860506058,usable,0.48589229583740234,0.5128650665283203,0.5346020761245674,0.19597989949748743,,-1.5507129644595297,0.45064449310302734,0.46726715564727783,,,,0.6222695708274841,,,,,,,0.8090452261306532,0.0,0.9358795382069204,0.9450832651701355,,,0.8896933968777422,,usable,0.9161589168211441
../fashion_data/raw/train/train/image/033828.jpg,item1_shorts,pants,0.24659492615215425,green,0.8288040533661842,CLIP_multi_background_embedding_average,single_primary_color,0.8745867013931274,yellow,0.04578264802694321,True,solid,pattern_v3_hierarchical,non_pattern,texture_structure_non_pattern,0.7796873032875128,0.25666189193725586,usable,0.5388518571853638,0.0,,0.0,not_applicable,0.0,,,,,,,,0.6855628490447998,,,,,,,,,,,,,,,0.8258712058469561,,,,
../fashion_data/raw/train/train/image/033828.jpg,item2_long_sleeve_outwear,outerwear,0.17098407361222978,yellow,0.8781712576746941,CLIP_multi_background_embedding_average,single_primary_color,0.9157066345214844,green,0.037535376846790314,True,solid,pattern_v3_hierarchical,non_pattern,plain_non_pattern,0.8074646511849922,0.30873991549015045,usable,0.540021538734436,0.0,,0.0,not_applicable,0.0,0.5800637602806091,0.6097560975609756,0.6558823529411765,,-0.6355318697047851,0.5131174921989441,0.44795310497283936,,,,0.5836045742034912,,,,,,,0.8088235294117646,1.0,0.9362763993523416,0.9737451874201669,,,0.8934412093520238,,weak,0.963345618129063
../fashion_data/raw/train/train/image/039388.jpg,item1_trousers,pants,0.5979168206733242,gray,0.5476308092474937,CLIP_multi_background_embedding_average,single_primary_color,0.6210327744483948,brown,0.07340196520090103,True,checked_plaid,pattern_v3_hierarchical,visible_pattern,repeated_surface_pattern,0.6654199662624524,0.5881520658731461,usable,0.7064418196678162,0.4032787468578703,checked_plaid,0.6515260487794876,usable,0.7646800875663757,,,,,,,,0.9473832249641418,,,,0.5371900826446281,0.5058365758754864,0.8813229571984436,0.6334961503435714,-1.0239616760445756,0.9416342412451362,,,,,,0.4490660476792645,,good,,
../fashion_data/raw/train/train/image/039388.jpg,item2_short_sleeve_top,top,0.38783503275338665,beige,0.09530344605445862,CLIP_multi_background_embedding_average,single_primary_color,0.5218108892440796,white,0.42650744318962097,True,solid,pattern_v3_hierarchical,non_pattern,texture_structure_non_pattern,0.8095935384286975,0.040153831243515015,ambiguous,0.4426715075969696,0.0,,0.0,not_applicable,0.0,0.6039744019508362,0.3287671232876712,0.2542372881355932,,-1.4536624379481522,0.33654695749282837,0.45683878660202026,,,,0.36796218156814575,,,,,,,0.7478813559322035,0.0,0.8502205634265162,0.9083636099176875,,,0.9073040770162089,,good,0.979069630017892
../fashion_data/raw/train/train/image/041727.jpg,item1_short_sleeve_top,top,0.5546420310420669,white,0.4566876292228699,CLIP_multi_background_embedding_average,single_primary_color,0.6143260598182678,beige,0.15763843059539795,True,graphic_logo,pattern_v3_hierarchical,visible_pattern,local_graphic_pattern,0.7140567889134428,0.4786697328090668,usable,0.6574020981788635,0.5621479256698788,graphic_logo,0.44195374846458435,usable,0.6186571717262268,0.41510558128356934,0.59875,0.7655367231638419,,-0.7182272169776478,0.4042389988899231,0.4552339017391205,,,,0.5927658081054688,,,,,,,1.0282485875706215,0.2974683544303797,0.9126382740506764,0.8960269908552029,,,0.8802299558145739,,good,0.89367552561002
../fashion_data/raw/train/train/image/041727.jpg,item2_trousers,pants,0.7920456716379138,black,0.16419671475887299,CLIP_multi_background_embedding_average,single_primary_color,0.34054625034332275,beige,0.17634953558444977,True,solid,pattern_v3_hierarchical,non_pattern,plain_non_pattern,0.8628305960206291,0.1609228253364563,usable,0.45392516255378723,0.0,,0.0,not_applicable,0.0,,,,,,,,0.8293390870094299,,,,0.81,0.675,0.8125,0.7408700980392157,-0.31252404261196826,0.8333333333333334,,,,,,0.7929475839131275,,good,,
../fashion_data/raw/train/train/image/043479.jpg,item1_vest_dress,dress,0.3160946338881748,white,0.6933445036411285,CLIP_multi_background_embedding_average,single_primary_color,0.8086569905281067,beige,0.11531248688697815,True,solid,pattern_v3_hierarchical,non_pattern,texture_structure_non_pattern,0.9818621964398909,0.12397967278957367,usable,0.3495291769504547,0.0,,0.0,not_applicable,0.0,0.3252473473548889,,,0.530222475528717,,0.3246948719024658,0.403606653213501,,,,0.35548168420791626,,,,,,,,,0.8942239317169067,0.8847087450454988,0.8549037625624573,,0.833623378483994,,,0.8730860020038373
../fashion_data/raw/train/train/image/043667.jpg,item1_long_sleeve_outwear,outerwear,0.15115216771303536,yellow,0.880230188369751,CLIP_multi_background_embedding_average,single_primary_color,0.9255661964416504,green,0.045336008071899414,True,solid,pattern_v3_hierarchical,non_pattern,plain_non_pattern,0.7971924714142583,0.2842562198638916,usable,0.5358670949935913,0.0,,0.0,not_applicable,0.0,0.7478182315826416,0.5485961123110151,3.466666666666667,,0.05020463244015294,0.2965880036354065,0.4832814335823059,,,,0.5118163824081421,,,,,,,2.8,1.0,0.801630478743775,0.8857768925964732,,,0.962252366374144,,weak,0.9672589001178732
../fashion_data/raw/train/train/image/043667.jpg,item2_shorts,pants,0.5598162923545292,yellow,0.01238393783569336,CLIP_multi_background_embedding_average,single_primary_color,0.3996771574020386,green,0.3872932195663452,True,solid,pattern_v3_hierarchical,non_pattern,texture_structure_non_pattern,0.9111446502316127,0.1871803104877472,usable,0.4373447299003601,0.0,,0.0,not_applicable,0.0,,,,,,,,0.4789378345012665,,,,,,,,,,,,,,,0.8536110671334519,,,,
../fashion_data/raw/train/train/image/045372.jpg,item1_long_sleeve_outwear,outerwear,0.23220747945037284,blue,0.8276343867182732,CLIP_multi_background_embedding_average,single_primary_color,0.8822944164276123,gray,0.05466002970933914,True,solid,pattern_v3_hierarchical,non_pattern,plain_non_pattern,0.9062974052083699,0.023967742919921875,ambiguous,0.35952699184417725,0.0,,0.0,not_applicable,0.0,0.6248471140861511,0.5504252733900364,0.6971153846153846,,-0.5739218718597628,0.670832633972168,0.47522813081741333,,,,0.6044260859489441,,,,,,,0.7788461538461539,1.0,0.7960910141406079,0.7079176966124487,,,0.9153685503192324,,weak,0.9282311839933696
../fashion_data/raw/train/train/image/045372.jpg,item2_trousers,pants,0.30276874141395554,blue,0.7694692313671112,CLIP_multi_background_embedding_average,single_primary_color,0.8369631767272949,gray,0.06749394536018372,True,solid,pattern_v3_hierarchical,non_pattern,texture_structure_non_pattern,0.9737355002386706,0.11258022487163544,usable,0.35959798097610474,0.0,,0.0,not_applicable,0.0,,,,,,,,0.9076537489891052,,,,0.43157894736842106,0.3333333333333333,0.6280487804878049,0.4351019825987733,-0.9851554004805964,0.7723577235772358,,,,,,0.6291186443239793,,good,,
../fashion_data/raw/train/train/image/047774.jpg,item1_long_sleeve_dress,dress,0.7269299122920464,beige,0.24724753201007843,CLIP_multi_background_embedding_average,single_primary_color,0.4159453511238098,white,0.16869781911373138,True,striped,pattern_v3_hierarchical,visible_pattern,local_graphic_pattern,0.8371361300077491,0.37301963567733765,usable,0.5542837381362915,0.2575151188634884,striped,0.802385613322258,usable,0.8661090135574341,0.5273922085762024,,,0.4453814923763275,,0.4530736804008484,0.6084215641021729,,,,0.4640462100505829,,,,,,,,,0.9736186036766945,0.8174240413260625,0.6676112735060188,,0.7422876229884675,,,0.8551416268159613
../fashion_data/raw/train/train/image/049798.jpg,item1_skirt,skirt,0.7702326224113931,green,0.10524274408817291,CLIP_multi_background_embedding_average,single_primary_color,0.3263135254383087,black,0.2210707813501358,True,graphic_logo,pattern_v3_hierarchical,visible_pattern,local_graphic_pattern,0.9721390712820367,0.11518943309783936,usable,0.3656007945537567,0.7897619868123519,graphic_logo,0.25907906889915466,usable,0.4224320352077484,,,,0.6401858925819397,,,,,0.045234806629834284,0.9723756906077349,,,,,,,,,,,,0.8469298392723484,,,,,
../fashion_data/raw/train/train/image/049798.jpg,item2_trousers,pants,0.7369169557455738,green,0.223566934466362,CLIP_multi_background_embedding_average,single_primary_color,0.39092305302619934,brown,0.16735611855983734,True,solid,pattern_v3_hierarchical,non_pattern,plain_non_pattern,0.9825711089267475,0.07694751024246216,ambiguous,0.3371545970439911,0.0,,0.0,not_applicable,0.0,,,,,,,,0.9108685255050659,,,,0.5357142857142857,0.4491017964071856,0.6497005988023952,0.5395121087873515,-0.7094192173536763,0.8383233532934131,,,,,,0.5883510442646541,,good,,
../fashion_data/raw/train/train/image/051719.jpg,item1_trousers,pants,0.6033802653229045,blue,0.31598812341690063,CLIP_multi_background_embedding_average,single_primary_color,0.5224722027778625,gray,0.20648407936096191,True,solid,pattern_v3_hierarchical,non_pattern,texture_structure_non_pattern,0.8514837826559789,0.1457008421421051,usable,0.4725501537322998,0.0,,0.0,not_applicable,0.0,,,,,,,,0.7962942719459534,,,,0.4544319600499376,0.3132530120481928,0.46815834767641995,0.3736349591442318,-0.7557600570951131,0.689328743545611,,,,,,0.815635335421869,,good,,
../fashion_data/raw/train/train/image/056556.jpg,item1_long_sleeve_outwear,outerwear,0.1955689149018166,blue,0.8905507549643517,CLIP_multi_background_embedding_average,single_primary_color,0.9119258522987366,gray,0.021375097334384918,True,solid,pattern_v3_hierarchical,non_pattern,texture_structure_non_pattern,0.7512599469610974,0.07739317417144775,ambiguous,0.4796919822692871,0.0,,0.0,not_applicable,0.0,0.5997182130813599,0.5450061652281134,0.6412213740458015,,-0.39656540304291815,0.484515905380249,0.5491017699241638,,,,0.6038385629653931,,,,,,,0.8244274809160305,1.0,0.9209701360376404,0.8828379869361471,,,0.9239695374386734,,weak,0.9377125211792497
../fashion_data/raw/train/train/image/058225.jpg,item1_trousers,pants,0.2534486863778814,black,0.8492856714874506,CLIP_multi_background_embedding_average,single_primary_color,0.8773075938224792,brown,0.02802192233502865,True,solid,pattern_v3_hierarchical,non_pattern,plain_non_pattern,0.8385501713631431,0.25832101702690125,usable,0.5196657180786133,0.0,,0.0,not_applicable,0.0,,,,,,,,0.8488408923149109,,,,0.8428571428571429,0.6178010471204188,0.6596858638743456,0.7539770438985098,-0.12079174629088482,0.7329842931937173,,,,,,0.6681262027439427,,good,,
../fashion_data/raw/train/train/image/063238.jpg,item1_trousers,pants,0.2599363619908769,blue,0.8448131568729877,CLIP_multi_background_embedding_average,single_primary_color,0.8757060170173645,beige,0.030892860144376755,True,solid,pattern_v3_hierarchical,non_pattern,texture_structure_non_pattern,0.9515273805327562,0.20177486538887024,usable,0.41600993275642395,0.0,,0.0,not_applicable,0.0,,,,,,,,0.8634946346282959,,,,0.28928571428571426,0.17763157894736842,0.34210526315789475,0.24944743749136625,-0.8196240952474898,0.6140350877192983,,,,,,0.7355737183729438,,good,,
../fashion_data/raw/train/train/image/063238.jpg,item2_long_sleeve_top,top,0.5412145789917563,beige,0.334124356508255,CLIP_multi_background_embedding_average,single_primary_color,0.5647929310798645,white,0.2306685745716095,True,polka_dot,pattern_v3_hierarchical,visible_pattern,repeated_surface_pattern,0.9709387183703396,0.143366739153862,usable,0.371184378862381,0.6502974131241093,polka_dot,0.39182208478450775,usable,0.5474857091903687,0.4815857708454132,0.478125,0.8181818181818183,,-0.8665695332260925,0.2469957172870636,0.5151504874229431,,,,0.42568132281303406,,,,,,,1.0279720279720281,0.0,0.8856872692321657,0.807241567969492,,,0.8969862989098094,,good,0.8989320470300012
../fashion_data/raw/train/train/image/063723.jpg,item1_vest_dress,dress,0.1267789968247754,pink,0.932969318702817,CLIP_multi_background_embedding_average,single_primary_color,0.9472628235816956,beige,0.014293504878878593,True,solid,pattern_v3_hierarchical,non_pattern,texture_structure_non_pattern,0.9368183063437382,0.10091027617454529,usable,0.39637887477874756,0.0,,0.0,not_applicable,0.0,0.379459023475647,,,0.8426764607429504,,0.44484037160873413,0.6455058455467224,,,,0.2618269622325897,,,,,,,,,0.9111283796032309,0.7983774468949959,0.6808902565902337,,0.7610886266251389,,,0.869224790449001
../fashion_data/raw/train/train/image/065162.jpg,item1_trousers,pants,0.7371203627378399,black,0.08465051651000977,CLIP_multi_background_embedding_average,single_primary_color,0.3503785729408264,blue,0.26572805643081665,True,solid,pattern_v3_hierarchical,non_pattern,texture_structure_non_pattern,0.9609556414357062,0.0019641518592834473,ambiguous,0.3289388418197632,0.0,,0.0,not_applicable,0.0,,,,,,,,0.8352247476577759,,,,0.42073170731707316,0.3942857142857143,0.6342857142857142,0.49200828157349896,-1.07561195686963,0.9371428571428572,,,,,,0.7931094366806595,,good,,
../fashion_data/raw/train/train/image/068031.jpg,item1_long_sleeve_top,top,0.21139805663463096,black,0.8801803477108479,CLIP_multi_background_embedding_average,single_primary_color,0.9026651382446289,gray,0.02248479053378105,True,solid,pattern_v3_hierarchical,non_pattern,texture_structure_non_pattern,0.9281972460126128,0.08934375643730164,ambiguous,0.3960559070110321,0.0,,0.0,not_applicable,0.0,0.5554819107055664,0.4794007490636704,0.43037974683544306,,-1.431541270296078,0.3883216977119446,0.5802202224731445,,,,0.4893404245376587,,,,,,,1.6455696202531644,0.0,0.9266015201408948,0.9008724299017075,,,0.9498374340009672,,good,0.954178407131636
../fashion_data/raw/train/train/image/068031.jpg,item2_trousers,pants,0.5234430444028427,black,0.6202911734580994,CLIP_multi_background_embedding_average,single_primary_color,0.6911207437515259,purple,0.07082957029342651,True,solid,pattern_v3_hierarchical,non_pattern,plain_non_pattern,0.8874455269340431,0.23977480828762054,usable,0.48754552006721497,0.0,,0.0,not_applicable,0.0,,,,,,,,0.861879289150238,,,,0.26900584795321636,0.1885245901639344,0.22950819672131148,0.20917711346833814,-0.8777438546912607,0.7008196721311475,,,,,,0.7316263364365612,,usable,,
../fashion_data/raw/train/train/image/070475.jpg,item1_shorts,pants,0.7915899248392044,blue,0.04668116569519043,CLIP_multi_background_embedding_average,single_primary_color,0.2951282262802124,black,0.24844706058502197,True,solid,pattern_v3_hierarchical,non_pattern,texture_structure_non_pattern,0.9491224611344161,0.09889543056488037,ambiguous,0.3819206655025482,0.0,,0.0,not_applicable,0.0,,,,,,,,0.8518258929252625,,,,,,,,,,,,,,,0.7299078300645676,,,,
../fashion_data/raw/train/train/image/070475.jpg,item2_short_sleeve_top,top,0.7835816860123257,beige,0.15061186254024506,CLIP_multi_background_embedding_average,single_primary_color,0.3425840735435486,brown,0.19197221100330353,True,animal_print,pattern_v3_hierarchical,visible_pattern,repeated_surface_pattern,0.7744464759677705,0.027148902416229248,ambiguous,0.4482971429824829,0.6035089956553072,animal_print,0.3825647681951523,usable,0.5748594403266907,0.6245648264884949,0.44545454545454544,0.2,,-1.9899438611431708,0.48918092250823975,0.38416793942451477,,,,0.4437078535556793,,,,,,,0.7911764705882353,0.0,0.8112155864531221,0.9247604636588881,,,0.9499440182189609,,usable,0.9102546629045766
../fashion_data/raw/train/train/image/073497.jpg,item1_trousers,pants,0.5119777022543439,blue,0.6366830766201019,CLIP_multi_background_embedding_average,single_primary_color,0.6976727247238159,gray,0.06098964810371399,True,solid,pattern_v3_hierarchical,non_pattern,texture_structure_non_pattern,0.9878482245858219,0.060528069734573364,ambiguous,0.32098388671875,0.0,,0.0,not_applicable,0.0,,,,,,,,0.8765238523483276,,,,0.610271903323263,0.5372340425531915,0.7101063829787234,0.6096563011456628,-0.6920378079724064,0.8803191489361701,,,,,,0.689351582029461,,good,,
../fashion_data/raw/train/train/image/073497.jpg,item2_short_sleeve_top,top,0.7511608661924355,blue,0.32820795476436615,CLIP_multi_background_embedding_average,single_primary_color,0.45658987760543823,beige,0.12838192284107208,True,solid,pattern_v3_hierarchical,non_pattern,plain_non_pattern,0.950658868145899,0.019103139638900757,ambiguous,0.33400389552116394,0.0,,0.0,not_applicable,0.0,0.6878646612167358,0.5179640718562875,1.1214285714285714,,-0.3637847066976808,0.35861361026763916,0.4345918297767639,,,,0.5461874604225159,,,,,,,1.05,0.0,0.8035093844317001,0.9271243724786196,,,0.916304655155169,,good,0.974283446088285
../fashion_data/raw/train/train/image/078693.jpg,item1_short_sleeve_top,top,0.4025685351954302,beige,0.3172309100627899,CLIP_multi_background_embedding_average,single_primary_color,0.6220724582672119,white,0.304841548204422,True,solid,pattern_v3_hierarchical,non_pattern,plain_non_pattern,0.8051101227033549,0.3475944846868515,usable,0.5576047897338867,0.0,,0.0,not_applicable,0.0,0.3655661344528198,0.4185022026431718,0.517094017094017,,-1.5215348288075563,0.4582887291908264,0.48345088958740234,,,,0.455962210893631,,,,,,,0.9230769230769231,0.0,0.8854295094736613,0.8577442596878937,,,0.8995065299819683,,usable,0.9829463960409139
../fashion_data/raw/train/train/image/078693.jpg,item2_skirt,skirt,0.47918652819381824,beige,0.425166979432106,CLIP_multi_background_embedding_average,single_primary_color,0.6292386054992676,white,0.20407162606716156,True,solid,pattern_v3_hierarchical,non_pattern,texture_structure_non_pattern,0.869859526961392,0.15333542227745056,usable,0.45701515674591064,0.0,,0.0,not_applicable,0.0,,,,0.5680780410766602,,,,,0.08010563380281686,1.028169014084507,,,,,,,,,,,,0.7989833745721221,,,,,
../fashion_data/raw/train/train/image/079537.jpg,item1_shorts,pants,0.6644974461769378,beige,0.1311107575893402,CLIP_multi_background_embedding_average,single_primary_color,0.37466493248939514,blue,0.24355417490005493,True,striped,pattern_v3_hierarchical,visible_pattern,repeated_surface_pattern,0.7514597908014,0.41898055374622345,usable,0.6230202913284302,0.3189621760593893,striped,0.7546995505690575,usable,0.8352138996124268,,,,,,,,0.7340024709701538,,,,,,,,,,,,,,,0.8426650539069905,,,,
../fashion_data/raw/train/train/image/079537.jpg,item2_vest,top,0.9037112650839111,beige,0.06477196514606476,CLIP_multi_background_embedding_average,single_primary_color,0.23261307179927826,gray,0.1678411066532135,True,striped,pattern_v3_hierarchical,visible_pattern,repeated_surface_pattern,0.9511835872136815,0.21452029049396515,usable,0.4179832637310028,0.1490071917349015,striped,0.9196882396936417,usable,0.9406249523162842,0.3899015188217163,0.6116279069767442,1.1605839416058392,,-0.08481761438386645,0.45183297991752625,0.5471343994140625,,,,0.4577547013759613,,,,,,,1.0,0.0,0.9379135441633247,0.858724857803652,,,0.9644495847257293,,good,0.9537788795059543
../fashion_data/raw/train/train/image/085026.jpg,item1_vest_dress,dress,0.6682400388879389,pink,0.2673955708742142,CLIP_multi_background_embedding_average,single_primary_color,0.4718743860721588,beige,0.20447881519794464,True,solid,pattern_v3_hierarchical,non_pattern,texture_structure_non_pattern,0.9768023808601817,0.011604994535446167,ambiguous,0.3187237083911896,0.0,,0.0,not_applicable,0.0,0.37627387046813965,,,0.6615478992462158,,0.21535177528858185,0.5616166591644287,,,,0.3531918227672577,,,,,,,,,0.917323279868181,0.7661497739167585,0.7331194508138482,,0.9434659997711546,,,0.938340773556156
../fashion_data/raw/train/train/image/089313.jpg,item1_sling_dress,dress,0.48380991156000913,black,0.6548842415213585,CLIP_multi_background_embedding_average,single_primary_color,0.7185431122779846,gray,0.06365887075662613,True,solid,pattern_v3_hierarchical,non_pattern,plain_non_pattern,0.6905730738860789,0.2706187665462494,usable,0.5887764692306519,0.0,,0.0,not_applicable,0.0,0.4226807951927185,,,0.7387988567352295,,0.3700783848762512,0.44706258177757263,,,,0.32777488231658936,,,,,,,,,0.9317978976172251,0.8268916757661601,0.8286879703223302,,0.838312684883886,,,0.9610317058142139
../fashion_data/raw/train/train/image/092719.jpg,item1_long_sleeve_outwear,outerwear,0.6936019644493356,white,0.16501300036907196,CLIP_multi_background_embedding_average,single_primary_color,0.40517887473106384,gray,0.24016587436199188,True,solid,pattern_v3_hierarchical,non_pattern,texture_structure_non_pattern,0.8814116876111723,0.134792298078537,usable,0.42472416162490845,0.0,,0.0,not_applicable,0.0,0.4694448709487915,0.5490196078431373,0.3659305993690852,,-1.8129286070430235,0.4447152614593506,0.4951450824737549,,,,0.5303479433059692,,,,,,,1.1703470031545742,0.0,0.9416332100576721,0.8652215147514029,,,0.9098928360187882,,usable,0.9980940778490182
../fashion_data/raw/train/train/image/095730.jpg,item1_shorts,pants,0.24042828817883907,blue,0.8330921195447445,CLIP_multi_background_embedding_average,single_primary_color,0.88142991065979,purple,0.04833779111504555,True,solid,pattern_v3_hierarchical,non_pattern,texture_structure_non_pattern,0.618332234343446,0.6030794829130173,usable,0.7307003140449524,0.0,,0.0,not_applicable,0.0,,,,,,,,0.4470367133617401,,,,,,,,,,,,,,,0.8200094646628041,,,,
../fashion_data/raw/train/train/image/096778.jpg,item1_short_sleeve_top,top,0.795458447586691,white,0.010145455598831177,CLIP_multi_background_embedding_average,single_primary_color,0.2675071954727173,beige,0.2573617398738861,True,graphic_logo,pattern_v3_hierarchical,visible_pattern,local_graphic_pattern,0.29674256342568356,0.854174867272377,usable,0.9047384262084961,0.14764194541876474,graphic_logo,0.9253471381962299,usable,0.9424228072166443,0.3570190668106079,0.41294642857142855,0.6480331262939959,,-1.2357987988669497,0.30510473251342773,0.4036526083946228,,,,0.39105215668678284,,,,,,,1.05175983436853,0.0,0.8953833321479033,0.8618350107518119,,,0.9142084323359897,,good,0.9537430301602313
../fashion_data/raw/train/train/image/096778.jpg,item2_sling_dress,dress,0.1842158543725156,blue,0.8776051625609398,CLIP_multi_background_embedding_average,single_primary_color,0.9120437502861023,gray,0.034438587725162506,True,solid,pattern_v3_hierarchical,non_pattern,texture_structure_non_pattern,0.7030118480967197,0.5065424591302872,usable,0.6662024855613708,0.0,,0.0,not_applicable,0.0,0.4784829616546631,,,0.5649734139442444,,0.3520394563674927,0.4844626188278198,,,,0.15469776093959808,,,,,,,,,0.8939010653987112,0.8926417460268461,0.8825573772339578,,0.682243317290194,,,0.8850239822673938
../fashion_data/raw/train/train/image/096870.jpg,item1_long_sleeve_top,top,0.44655707228681357,beige,0.3421265184879303,CLIP_multi_background_embedding_average,single_primary_color,0.6187537312507629,white,0.27662721276283264,True,solid,pattern_v3_hierarchical,non_pattern,plain_non_pattern,0.9025229019698838,0.051902443170547485,ambiguous,0.3945370018482208,0.0,,0.0,not_applicable,0.0,0.40053537487983704,0.5887096774193549,0.5481481481481482,,-1.2870763317848837,0.3936900794506073,0.468092143535614,,,,0.5902000665664673,,,,,,,0.8740740740740741,0.0,0.898642733921749,0.8395828626343804,,,0.8611282276677081,,good,0.914479182394891
../fashion_data/raw/train/train/image/096870.jpg,item2_trousers,pants,0.7922229811292854,black,0.03508821129798889,CLIP_multi_background_embedding_average,single_primary_color,0.25808513164520264,beige,0.22299692034721375,True,solid,pattern_v3_hierarchical,non_pattern,plain_non_pattern,0.7869930403048395,0.3808261901140213,usable,0.5827311277389526,0.0,,0.0,not_applicable,0.0,,,,,,,,0.7206740379333496,,,,0.9186991869918699,0.875968992248062,0.9922480620155039,0.934154126766986,-0.1732368747676782,0.9534883720930233,,,,,,0.755017185679203,,good,,
../fashion_data/raw/train/train/image/098901.jpg,item1_trousers,pants,0.5755922796186099,green,0.47301890701055527,CLIP_multi_background_embedding_average,single_primary_color,0.5881969332695007,gray,0.11517802625894547,True,camouflage,pattern_v3_hierarchical,visible_pattern,local_graphic_pattern,0.9524184226468764,0.1241542398929596,usable,0.37685510516166687,0.6602454071247733,camouflage,0.3675715774297714,usable,0.5324434638023376,,,,,,,,0.8930113911628723,,,,0.3979591836734694,0.23493975903614459,0.3704819277108434,0.2867160951498301,-0.7202383743456335,0.5903614457831325,,,,,,0.660652366337382,,good,,
../fashion_data/raw/train/train/image/098901.jpg,item2_long_sleeve_dress,dress,0.4412150002057317,beige,0.4219505041837692,CLIP_multi_background_embedding_average,single_primary_color,0.6483837962150574,white,0.22643329203128815,True,solid,pattern_v3_hierarchical,non_pattern,plain_non_pattern,0.9258628395011264,0.04606282711029053,ambiguous,0.38082513213157654,0.0,,0.0,not_applicable,0.0,0.3620801270008087,,,0.7445089221000671,,0.3045746684074402,0.4935612082481384,,,,0.5582953691482544,,,,,,,,,0.9018467321612954,0.8487745163675278,0.8481663359586228,,0.8148028144477657,,,0.9868404941856285
../fashion_data/raw/train/train/image/100266.jpg,item1_short_sleeve_top,top,0.5565482040210055,beige,0.2854454666376114,CLIP_multi_background_embedding_average,single_primary_color,0.5287837982177734,white,0.24333833158016205,True,graphic_logo,pattern_v3_hierarchical,visible_pattern,local_graphic_pattern,0.8324782378831063,0.21710056066513062,usable,0.5119078755378723,0.5025125885170858,graphic_logo,0.16751393675804138,usable,0.530072808265686,0.3302757143974304,0.5025553662691652,1.0271493212669682,,-0.5558061102136341,0.4129762649536133,0.5221267938613892,,,,0.35717514157295227,,,,,,,1.0701357466063348,0.0,0.8620886226521335,0.7683182149196243,,,0.8658498686056432,,good,0.8316230487126369
../fashion_data/raw/train/train/image/100266.jpg,item2_skirt,skirt,0.19943851704961588,blue,0.864893302321434,CLIP_multi_background_embedding_average,single_primary_color,0.9018956422805786,white,0.03700233995914459,True,solid,pattern_v3_hierarchical,non_pattern,texture_structure_non_pattern,0.6849136407941364,0.2654654085636139,usable,0.5892144441604614,0.0,,0.0,not_applicable,0.0,,,,0.7050961256027222,,,,,0.1863610478359908,1.1981776765375853,,,,,,,,,,,,0.8390868509017224,,,,,
../fashion_data/raw/train/train/image/100840.jpg,item1_short_sleeve_dress,dress,0.5629766325501687,pink,0.4984496682882309,CLIP_multi_background_embedding_average,single_primary_color,0.6303418278694153,beige,0.1318921595811844,True,graphic_logo,pattern_v3_hierarchical,visible_pattern,local_graphic_pattern,0.48753874043167655,0.7507527023553848,usable,0.8172302842140198,0.4802984148480457,graphic_logo,0.45814719796180725,usable,0.668638288974762,0.42302215099334717,,,0.7442172169685364,,0.7903530597686768,0.5228086709976196,,,,0.6879627108573914,,,,,,,,,0.8748250656158842,0.7344533230615078,0.8777750591382137,,0.847106747783987,,,0.9077163218344779
../fashion_data/raw/train/train/image/100840.jpg,item2_short_sleeve_dress,dress,0.3233945462431648,black,0.7941158972680569,CLIP_multi_background_embedding_average,single_primary_color,0.8298171758651733,pink,0.03570127859711647,True,graphic_logo,pattern_v3_hierarchical,visible_pattern,local_graphic_pattern,0.3974286884860843,0.8081071600317955,usable,0.8621596097946167,0.4673998991480934,graphic_logo,0.6249577701091766,usable,0.7308878898620605,0.4592446982860565,,,0.5715159177780151,,0.6312330961227417,0.5015251636505127,,,,0.6066305637359619,,,,,,,,,0.9042175293883662,0.9435058939583228,0.8898882024896557,,0.9062057007023158,,,0.98734201468127
../fashion_data/raw/train/train/image/101034.jpg,item1_short_sleeve_top,top,0.744549227450191,black,0.048474401235580444,CLIP_multi_background_embedding_average,single_primary_color,0.31176871061325073,beige,0.2632943093776703,True,graphic_logo,pattern_v3_hierarchical,visible_pattern,local_graphic_pattern,0.22734517754325956,0.8875265643000603,usable,0.9296820759773254,0.11047984032272286,graphic_logo,0.9278092961758375,usable,0.9546589255332947,0.2834746837615967,0.509765625,0.6138392857142857,,-0.8911277270575153,0.3546134829521179,0.46598517894744873,,,,0.49070024490356445,,,,,,,0.7165178571428571,0.27906976744186046,0.8561189659002901,0.8564193893429607,,,0.8853407422525368,,usable,0.9634226497810299
../fashion_data/raw/train/train/image/101034.jpg,item2_sling_dress,dress,0.52128333228378,blue,0.42171141505241394,CLIP_multi_background_embedding_average,single_primary_color,0.622175395488739,gray,0.20046398043632507,True,solid,pattern_v3_hierarchical,non_pattern,texture_structure_non_pattern,0.6939106122043853,0.5128814280033112,usable,0.6761873364448547,0.0,,0.0,not_applicable,0.0,0.41625547409057617,,,0.45859479904174805,,0.29430481791496277,0.3561643064022064,,,,0.12389831244945526,,,,,,,,,0.9189757569406612,0.8180540713564756,0.8506676719509377,,0.6095663200767382,,,0.8614020039850832
../fashion_data/raw/train/train/image/106191.jpg,item1_short_sleeve_top,top,0.3523963535791376,beige,0.708312526345253,CLIP_multi_background_embedding_average,single_primary_color,0.7856480479240417,yellow,0.07733552157878876,True,graphic_logo,pattern_v3_hierarchical,visible_pattern,local_graphic_pattern,0.6653132080319293,0.5186602473258972,usable,0.6770042777061462,0.6824647892244468,graphic_logo,0.11641576886177063,usable,0.4061032235622406,0.48643702268600464,0.558645707376058,1.7244318181818183,,-1.2211197278681818,0.49751943349838257,0.48302173614501953,,,,0.5275041460990906,,,,,,,1.977272727272727,0.0,0.9769130400384058,0.9270322307718438,,,0.9379071870385792,,usable,0.949528287764205
../fashion_data/raw/train/train/image/106191.jpg,item2_skirt,skirt,0.11943594443728654,yellow,0.9339508637785912,CLIP_multi_background_embedding_average,single_primary_color,0.9503254294395447,beige,0.01637456566095352,True,solid,pattern_v3_hierarchical,non_pattern,plain_non_pattern,0.7387261953315177,0.023106366395950317,ambiguous,0.4579203426837921,0.0,,0.0,not_applicable,0.0,,,,0.6347243785858154,,,,,1.0,5.72093023255814,,,,,,,,,,,,0.9390045653729032,,,,,
../fashion_data/raw/train/train/image/106726.jpg,item1_short_sleeve_top,top,0.4468714896045758,beige,0.5243514776229858,CLIP_multi_background_embedding_average,single_primary_color,0.6925508379936218,white,0.168199360370636,True,solid,pattern_v3_hierarchical,non_pattern,plain_non_pattern,0.9909103756844342,0.013703614473342896,ambiguous,0.2938443720340729,0.0,,0.0,not_applicable,0.0,0.4668162167072296,0.5425950196592398,0.7356746765249538,,-1.0164063001129064,0.4356558918952942,0.46770477294921875,,,,0.47465717792510986,,,,,,,0.878003696857671,0.0,0.9580562841880997,0.8393311024564619,,,0.9224273263443585,,good,0.9210794617283163
../fashion_data/raw/train/train/image/107966.jpg,item1_vest_dress,dress,0.7007718210599782,gray,0.0016095936298370361,CLIP_multi_background_embedding_average,single_primary_color,0.31758275628089905,white,0.315973162651062,True,graphic_logo,pattern_v3_hierarchical,visible_pattern,local_graphic_pattern,0.5268213837065762,0.6843703165650368,usable,0.788658857345581,0.297690863971194,graphic_logo,0.8194687701761723,usable,0.8617688417434692,0.6776601672172546,,,0.5918242931365967,,0.797956109046936,0.46478384733200073,,,,0.4438059628009796,,,,,,,,,0.7389864135730662,0.6570843613417587,0.952116885869057,,0.9029834908011612,,,0.860413036084063
../fashion_data/raw/train/train/image/109289.jpg,item1_vest_dress,dress,0.5124095583261314,pink,0.4996645450592041,CLIP_multi_background_embedding_average,single_primary_color,0.6351921558380127,beige,0.1355276107788086,True,solid,pattern_v3_hierarchical,non_pattern,texture_structure_non_pattern,0.9043689637442451,0.2063044011592865,usable,0.45815178751945496,0.0,,0.0,not_applicable,0.0,0.4486139714717865,,,0.6252684593200684,,0.4095260500907898,0.5026246905326843,,,,0.4224313497543335,,,,,,,,,0.8921079314924953,0.9260144500702324,0.8635622333050857,,0.9250750992054649,,,0.9153377890387364
../fashion_data/raw/train/train/image/114238.jpg,item1_long_sleeve_outwear,outerwear,0.578042710221902,purple,0.41994115710258484,CLIP_multi_background_embedding_average,single_primary_color,0.5950035452842712,beige,0.1750623881816864,True,striped,pattern_v3_hierarchical,visible_pattern,repeated_surface_pattern,0.7460068228818184,0.4739528000354767,usable,0.6388080716133118,0.7617355843379303,striped,0.11178028583526611,usable,0.387482613325119,0.5168951153755188,0.5960629921259842,0.29838709677419356,,-0.4014825264576715,0.7220467329025269,0.39229968190193176,,,,0.5411843657493591,,,,,,,0.5080645161290323,1.0,0.9637267766685066,0.8113146906361333,,,0.9106027986843376,,weak,0.8918771328121794
../fashion_data/raw/train/train/image/114238.jpg,item2_skirt,skirt,0.3139513766272129,blue,0.7949988059699535,CLIP_multi_background_embedding_average,single_primary_color,0.8363759517669678,black,0.041377145797014236,True,solid,pattern_v3_hierarchical,non_pattern,texture_structure_non_pattern,0.9651970775712848,0.04931744933128357,ambiguous,0.34093621373176575,0.0,,0.0,not_applicable,0.0,,,,0.6041522026062012,,,,,0.0,0.7055702917771883,,,,,,,,,,,,0.7905948905689556,,,,,
../fashion_data/raw/train/train/image/114612.jpg,item1_long_sleeve_outwear,outerwear,0.6955722777935242,beige,0.10164159536361694,CLIP_multi_background_embedding_average,single_primary_color,0.3633635640144348,green,0.26172196865081787,True,solid,pattern_v3_hierarchical,non_pattern,plain_non_pattern,0.6857946219231812,0.22578400373458862,usable,0.5702065229415894,0.0,,0.0,not_applicable,0.0,0.7018526792526245,0.44654088050314467,0.981549815498155,,-0.5004512020331771,0.41655436158180237,0.5777584314346313,,,,0.48961126804351807,,,,,,,1.6383763837638377,0.5376344086021505,0.8495831265064908,0.9018601386314935,,,0.9275126975692918,,usable,0.9419591132006085
../fashion_data/raw/train/train/image/114803.jpg,item1_short_sleeve_top,top,0.4651857946440785,orange,0.5899228453636169,CLIP_multi_background_embedding_average,single_primary_color,0.7031747698783875,yellow,0.11325192451477051,True,graphic_logo,pattern_v3_hierarchical,visible_pattern,local_graphic_pattern,0.20928579532410863,0.9047321863472462,usable,0.9389563798904419,0.10082169413044083,graphic_logo,0.9493561079725623,usable,0.9632865190505981,0.5047705769538879,0.6151288445552785,0.9696969696969697,,-0.7114448973918576,0.44291937351226807,0.475885808467865,,,,0.5455273389816284,,,,,,,0.9632034632034632,0.0,0.885620681294552,0.9199237647421259,,,0.8696640799872641,,good,0.9323113432051423
../fashion_data/raw/train/train/image/115186.jpg,item1_short_sleeve_top,top,0.35392178608776503,beige,0.4279705286026001,CLIP_multi_background_embedding_average,single_primary_color,0.6860905885696411,white,0.258120059967041,True,solid,pattern_v3_hierarchical,non_pattern,texture_structure_non_pattern,0.9464246552816566,0.044521719217300415,ambiguous,0.3537983298301697,0.0,,0.0,not_applicable,0.0,0.7400757074356079,0.6220657276995305,0.6176470588235293,,-1.029722448714608,0.3670941889286041,0.5139262676239014,,,,0.36962196230888367,,,,,,,0.8676470588235294,0.0,0.7211737328824949,0.906993483477224,,,0.8444193883999679,,good,0.9417112786741846
../fashion_data/raw/train/train/image/115186.jpg,item2_trousers,pants,0.4468519644522521,blue,0.6817149594426155,CLIP_multi_background_embedding_average,single_primary_color,0.7403595447540283,brown,0.05864458531141281,True,solid,pattern_v3_hierarchical,non_pattern,texture_structure_non_pattern,0.8736684267300506,0.26595446467399597,usable,0.500323474407196,0.0,,0.0,not_applicable,0.0,,,,,,,,0.8514972925186157,,,,0.9102564102564102,0.5017667844522968,0.5406360424028268,0.5146082909592347,-0.11360562285323028,0.5512367491166078,,,,,,0.693363165972041,,good,,
../fashion_data/raw/train/train/image/117170.jpg,item1_long_sleeve_outwear,outerwear,0.3534479053638018,beige,0.5051430761814117,CLIP_multi_background_embedding_average,single_primary_color,0.7190160155296326,white,0.21387293934822083,True,striped,pattern_v3_hierarchical,visible_pattern,repeated_surface_pattern,0.8930126913337976,0.24082696437835693,usable,0.4732976257801056,0.9353642619660725,striped,0.01627124845981598,ambiguous,0.20210961997509003,0.7504266500473022,0.6518046709129511,1.2028985507246377,,-0.10128034647396753,0.4222763776779175,0.5369566082954407,,,,0.5779293775558472,,,,,,,1.0434782608695652,1.0,0.7926302190382067,0.9308917387420694,,,0.9036725624277281,,weak,0.8927001123169902
../fashion_data/raw/train/train/image/117170.jpg,item2_trousers,pants,0.6679381905871516,beige,0.06962835788726807,CLIP_multi_background_embedding_average,single_primary_color,0.3759404122829437,white,0.30631205439567566,True,solid,pattern_v3_hierarchical,non_pattern,plain_non_pattern,0.9116653277070998,0.18734490871429443,usable,0.43579626083374023,0.0,,0.0,not_applicable,0.0,,,,,,,,0.8536207675933838,,,,0.44370860927152317,0.3850574712643678,0.6091954022988506,0.4738020600089565,-0.9221244702466108,0.867816091954023,,,,,,0.752864090536251,,good,,
../fashion_data/raw/train/train/image/117350.jpg,item1_trousers,pants,0.18033693340201637,pink,0.9021100141108036,CLIP_multi_background_embedding_average,single_primary_color,0.9202763438224792,beige,0.018166329711675644,True,solid,pattern_v3_hierarchical,non_pattern,plain_non_pattern,0.8995874160936319,0.1079128086566925,usable,0.42897430062294006,0.0,,0.0,not_applicable,0.0,,,,,,,,0.7760740518569946,,,,0.5380116959064327,0.467005076142132,0.7055837563451777,0.5641232240217011,-0.8551642021560332,0.868020304568528,,,,,,0.7123643255638485,,good,,
../fashion_data/raw/train/train/image/117350.jpg,item2_short_sleeve_top,top,0.6201074201425651,blue,0.5228100791573524,CLIP_multi_background_embedding_average,single_primary_color,0.6031409502029419,white,0.08033087104558945,True,graphic_logo,pattern_v3_hierarchical,visible_pattern,local_graphic_pattern,0.5004292700704712,0.6785909608006477,usable,0.7884960174560547,0.07622755927983581,graphic_logo,0.9647593190893531,usable,0.9734897613525391,0.8348290324211121,0.3910761154855643,0.909090909090909,,-0.63447623157242,0.614386796951294,0.4130084812641144,,,,0.3816239535808563,,,,,,,0.979020979020979,0.9,0.5768342306662106,0.759252404240988,,,0.8427987361115117,,weak,0.8893699747473481
../fashion_data/raw/train/train/image/118838.jpg,item1_short_sleeve_top,top,0.6672193099788717,blue,0.255049005150795,CLIP_multi_background_embedding_average,single_primary_color,0.4513533115386963,beige,0.1963043063879013,True,graphic_logo,pattern_v3_hierarchical,visible_pattern,local_graphic_pattern,0.2032077994556288,0.8963635005056858,usable,0.9384365081787109,0.07646286098459305,graphic_logo,0.9673758358694613,usable,0.9740465879440308,0.46611881256103516,0.5457627118644067,1.056338028169014,,-0.16136388020412273,0.560718297958374,0.6140553951263428,,,,0.47545126080513,,,,,,,1.0,0.20754716981132076,0.9285361256387036,0.9233136018420423,,,0.7960873709261629,,good,0.8857079344541836
../fashion_data/raw/train/train/image/118838.jpg,item2_skirt,skirt,0.6504971923606705,black,0.31817981600761414,CLIP_multi_background_embedding_average,single_primary_color,0.49184849858283997,brown,0.17366868257522583,True,solid,pattern_v3_hierarchical,non_pattern,texture_structure_non_pattern,0.7476948326000369,0.08937528729438782,ambiguous,0.4868730306625366,0.0,,0.0,not_applicable,0.0,,,,0.39842137694358826,,,,,0.0,0.7441860465116279,,,,,,,,,,,,0.7596975096376053,,,,,
../fashion_data/raw/train/train/image/120729.jpg,item1_long_sleeve_top,top,0.43124095752930425,yellow,0.6913085281848907,CLIP_multi_background_embedding_average,single_primary_color,0.7565400004386902,purple,0.06523147225379944,True,graphic_logo,pattern_v3_hierarchical,visible_pattern,local_graphic_pattern,0.9070250638041704,0.22915013134479523,usable,0.4696108102798462,0.7318077249009477,graphic_logo,0.255965456366539,usable,0.45084521174430847,0.4851708710193634,0.504,0.8116591928251121,,-1.176048563600892,0.5398520827293396,0.4921911656856537,,,,0.8314129114151001,,,,,,,1.0986547085201794,0.0,0.9574513635134719,0.7705397633210094,,,0.6224808410222709,,good,0.8855161700821239
../fashion_data/raw/train/train/image/120729.jpg,item2_sling_dress,dress,0.7530727000263475,black,0.06042429804801941,CLIP_multi_background_embedding_average,single_primary_color,0.3316769003868103,yellow,0.2712526023387909,True,polka_dot,pattern_v3_hierarchical,visible_pattern,local_graphic_pattern,0.9667448354377246,0.10661491751670837,usable,0.36931124329566956,0.8617779263439967,polka_dot,0.09995977580547333,ambiguous,0.28300076723098755,0.6426825523376465,,,0.8253901600837708,,0.6171350479125977,0.4986337125301361,,,,0.5637562274932861,,,,,,,,,0.7966362352849615,0.7674739035727304,0.682234335474071,,0.9031536795837004,,,0.915099435331016
../fashion_data/raw/train/train/image/124892.jpg,item1_short_sleeve_top,top,0.6593277423324626,brown,0.33336371183395386,CLIP_multi_background_embedding_average,single_primary_color,0.5177096724510193,orange,0.18434596061706543,True,graphic_logo,pattern_v3_hierarchical,visible_pattern,local_graphic_pattern,0.895815320612258,0.1626698076725006,usable,0.4437779188156128,0.7214084963421868,graphic_logo,0.08604288101196289,ambiguous,0.3961176872253418,0.624549388885498,0.2543859649122807,0.8909287257019438,,-0.618666195374722,0.5934795141220093,0.44027191400527954,,,,0.24074703454971313,,,,,,,0.9557235421166307,0.0,0.7970889443780588,0.8871117622423826,,,0.7834103025861354,,good,0.9116608608974515
../fashion_data/raw/train/train/image/124892.jpg,item2_shorts,pants,0.23613757598903237,blue,0.8572550695389509,CLIP_multi_background_embedding_average,single_primary_color,0.8879479169845581,orange,0.030692847445607185,True,solid,pattern_v3_hierarchical,non_pattern,texture_structure_non_pattern,0.6688375625047354,0.5837108418345451,usable,0.7040736079216003,0.0,,0.0,not_applicable,0.0,,,,,,,,0.26440683007240295,,,,,,,,,,,,,,,0.5387696972266791,,,,
../fashion_data/raw/train/train/image/125082.jpg,item1_vest,top,0.5441966982024268,green,0.4998900890350342,CLIP_multi_background_embedding_average,single_primary_color,0.6386324167251587,white,0.1387423276901245,True,graphic_logo,pattern_v3_hierarchical,visible_pattern,local_graphic_pattern,0.5336592419222306,0.6684417948126793,usable,0.7824055552482605,0.3115939286023044,graphic_logo,0.7962802462279797,usable,0.8491412401199341,0.23867569863796234,0.571583514099783,1.3309859154929577,,0.13198436341446662,0.5222062468528748,0.5593299865722656,,,,0.2572024464607239,,,,,,,1.1390845070422537,0.0,0.762530841721137,0.7216492551955976,,,0.7055177976119189,,good,0.9362472902761657
../fashion_data/raw/train/train/image/125605.jpg,item1_sling_dress,dress,0.5068461851942657,black,0.46742625534534454,CLIP_multi_background_embedding_average,single_primary_color,0.6197267174720764,gray,0.15230046212673187,True,solid,pattern_v3_hierarchical,non_pattern,texture_structure_non_pattern,0.8678923894008232,0.19496548175811768,usable,0.4723674952983856,0.0,,0.0,not_applicable,0.0,0.493582159280777,,,0.5234538316726685,,0.3759220242500305,0.5005488395690918,,,,0.16956986486911774,,,,,,,,,0.9580698387960901,0.8597548598731236,0.8843969862399028,,0.6710760589744671,,,0.898324459875113
../fashion_data/raw/train/train/image/125887.jpg,item1_long_sleeve_outwear,outerwear,0.31977267846047447,black,0.7295396849513054,CLIP_multi_background_embedding_average,single_primary_color,0.8097475171089172,brown,0.08020783215761185,True,solid,pattern_v3_hierarchical,non_pattern,texture_structure_non_pattern,0.7853347835852202,0.3779061436653137,usable,0.5867987275123596,0.0,,0.0,not_applicable,0.0,0.690426766872406,0.5598705501618123,0.15217391304347827,,-1.8998133643046469,0.34999880194664,0.5751783847808838,,,,0.29779693484306335,,,,,,,0.8726708074534162,0.0,0.8581368989062361,0.8985426668430883,,,0.867797791660835,,usable,0.9766106908044361
../fashion_data/raw/train/train/image/127027.jpg,item1_long_sleeve_outwear,outerwear,0.6385676601043494,blue,0.3811713308095932,CLIP_multi_background_embedding_average,single_primary_color,0.5443563461303711,beige,0.1631850153207779,True,solid,pattern_v3_hierarchical,non_pattern,plain_non_pattern,0.842927215818927,0.15704059600830078,usable,0.4813813865184784,0.0,,0.0,not_applicable,0.0,0.32037872076034546,0.6716899892357373,0.531496062992126,,-1.025600924150993,0.44557878375053406,0.4965285658836365,,,,0.3958774507045746,,,,,,,0.8582677165354331,0.0,0.8741912580717689,0.9100012732109435,,,0.9621568929953545,,good,0.9665160631586663
../fashion_data/raw/train/train/image/129463.jpg,item1_short_sleeve_outwear,outerwear,0.6962581527389081,beige,0.4202137365937233,CLIP_multi_background_embedding_average,single_primary_color,0.5183960199356079,brown,0.09818228334188461,True,camouflage,pattern_v3_hierarchical,visible_pattern,repeated_surface_pattern,0.889761703284538,0.25405310094356537,usable,0.4749535620212555,0.43426459589448835,camouflage,0.6728593409061432,usable,0.7549295425415039,0.6212643980979919,0.6611796982167353,0.6969696969696969,,-0.15431019780527008,0.4596412181854248,0.4561748504638672,,,,0.7057418823242188,,,,,,,0.4696969696969696,1.0,0.9486362019793124,0.9145538438421819,,,0.8454952769075678,,weak,0.9231062089329009
../fashion_data/raw/train/train/image/129463.jpg,item2_skirt,skirt,0.4130896179503505,blue,0.7152331620454788,CLIP_multi_background_embedding_average,single_primary_color,0.7703441977500916,black,0.05511103570461273,True,solid,pattern_v3_hierarchical,non_pattern,texture_structure_non_pattern,0.6555915017309446,0.46866458654403687,usable,0.6765992045402527,0.0,,0.0,not_applicable,0.0,,,,0.39059627056121826,,,,,0.07175925925925926,1.0148148148148148,,,,,,,,,,,,0.7004415412670513,,,,,
../fashion_data/raw/train/train/image/131316.jpg,item1_short_sleeve_top,top,0.7834316253821823,purple,0.2529788166284561,CLIP_multi_background_embedding_average,single_primary_color,0.3991447985172272,black,0.14616598188877106,True,geometric_abstract,pattern_v3_hierarchical,visible_pattern,repeated_surface_pattern,0.9927148176572868,0.06217561662197113,ambiguous,0.3097359836101532,0.8103561215364874,geometric_abstract,0.03020539879798889,ambiguous,0.27046748995780945,0.5711923837661743,0.4793152639087018,0.7238805970149255,,-0.7374402026881957,0.5937763452529907,0.37922632694244385,,,,0.4664093554019928,,,,,,,0.9365671641791045,0.10810810810810811,0.8543601258929787,0.8687588230234979,,,0.9945747290664103,,good,0.8625934021792044
../fashion_data/raw/train/train/image/131316.jpg,item2_trousers,pants,0.7324409465020814,black,0.1946791559457779,CLIP_multi_background_embedding_average,single_primary_color,0.388865202665329,blue,0.1941860467195511,True,solid,pattern_v3_hierarchical,non_pattern,plain_non_pattern,0.9394762122214975,0.18507307767868042,usable,0.4219702482223511,0.0,,0.0,not_applicable,0.0,,,,,,,,0.8549045324325562,,,,0.5705705705705706,0.4318181818181818,0.7568181818181818,0.5652777777777778,-0.7191735894710591,0.7568181818181818,,,,,,0.7159946794639034,,good,,
../fashion_data/raw/train/train/image/132240.jpg,item1_long_sleeve_top,top,0.1578651501513086,white,0.8809883072972298,CLIP_multi_background_embedding_average,single_primary_color,0.9226677417755127,beige,0.04167943447828293,True,solid,pattern_v3_hierarchical,non_pattern,plain_non_pattern,0.9464059091727126,0.17363494634628296,usable,0.41597723960876465,0.0,,0.0,not_applicable,0.0,0.41967713832855225,0.5341772151898734,0.6521739130434783,,-0.7697160481364717,0.2672854959964752,0.42986664175987244,,,,0.3886990249156952,,,,,,,0.6614906832298136,0.0,0.9439385303805711,0.825017584556483,,,0.8187848194609597,,good,0.971837172656066
../fashion_data/raw/train/train/image/132240.jpg,item2_shorts,pants,0.41253322306914725,gray,0.6751207411289215,CLIP_multi_background_embedding_average,single_primary_color,0.7590304017066956,beige,0.08390966057777405,True,solid,pattern_v3_hierarchical,non_pattern,texture_structure_non_pattern,0.8842617841012708,0.2745041996240616,usable,0.48619183897972107,0.0,,0.0,not_applicable,0.0,,,,,,,,0.6259332299232483,,,,,,,,,,,,,,,0.902424011725116,,,,
../fashion_data/raw/train/train/image/138773.jpg,item1_skirt,skirt,0.23416016258945344,blue,0.8508607484400272,CLIP_multi_background_embedding_average,single_primary_color,0.8862190246582031,purple,0.03535827621817589,True,solid,pattern_v3_hierarchical,non_pattern,texture_structure_non_pattern,0.7641717164572737,0.43879035115242004,usable,0.6179985404014587,0.0,,0.0,not_applicable,0.0,,,,0.4401366710662842,,,,,0.03952205882352941,0.9632352941176471,,,,,,,,,,,,0.6371393645310164,,,,,
../fashion_data/raw/train/train/image/138773.jpg,item2_long_sleeve_top,top,0.230521672041947,red,0.8275852650403976,CLIP_multi_background_embedding_average,single_primary_color,0.8797986507415771,orange,0.052213385701179504,True,solid,pattern_v3_hierarchical,non_pattern,texture_structure_non_pattern,0.8410968904571196,0.40374892950057983,usable,0.5616891384124756,0.0,,0.0,not_applicable,0.0,0.6170995235443115,0.412109375,0.26618705035971224,,-0.8784598940348891,0.44012755155563354,0.5067095756530762,,,,0.5208708643913269,,,,,,,0.9244604316546762,0.6956521739130435,0.9252520589224493,0.8232372645692962,,,0.8759634600921784,,weak,0.9381431577413027
../fashion_data/raw/train/train/image/139090.jpg,item1_vest_dress,dress,0.201115869155592,orange,0.8524514883756638,CLIP_multi_background_embedding_average,single_primary_color,0.8986212611198425,beige,0.04616977274417877,True,striped,pattern_v3_hierarchical,visible_pattern,repeated_surface_pattern,0.9396564500396016,0.16131147742271423,usable,0.4192536473274231,0.27278678002523155,striped,0.8411804437637329,usable,0.8739275932312012,0.49417227506637573,,,0.759462833404541,,0.33666157722473145,0.5920072793960571,,,,0.385558158159256,,,,,,,,,0.9135805785471397,0.8585902746193984,0.8287182423692635,,0.933885928162329,,,0.9092840640897948
../fashion_data/raw/train/train/image/139963.jpg,item1_long_sleeve_top,top,0.533726898955698,beige,0.5794906616210938,CLIP_multi_background_embedding_average,single_primary_color,0.6638613939285278,pink,0.08437073230743408,True,solid,pattern_v3_hierarchical,non_pattern,texture_structure_non_pattern,0.9339865260059566,0.16734929382801056,usable,0.4161020517349243,0.0,,0.0,not_applicable,0.0,0.7278143167495728,0.6768558951965066,0.9833333333333333,,-0.4650003662198782,0.3007296323776245,0.5720244646072388,,,,0.47730812430381775,,,,,,,1.025,0.0,0.7455715828516827,0.8528790442461246,,,0.9033048402224529,,good,0.9484074772280878
../fashion_data/raw/train/train/image/140224.jpg,item1_long_sleeve_outwear,outerwear,0.3896577800814878,beige,0.07549470663070679,CLIP_multi_background_embedding_average,single_primary_color,0.5120655298233032,white,0.43657082319259644,True,solid,pattern_v3_hierarchical,non_pattern,texture_structure_non_pattern,0.9243259165416909,0.2014412134885788,usable,0.43291544914245605,0.0,,0.0,not_applicable,0.0,0.6002669334411621,0.6146645865834633,1.7500000000000002,,-0.1456608947576512,0.3016606867313385,0.41615891456604004,,,,0.5718467235565186,,,,,,,2.8181818181818183,1.0,0.8759966874147409,0.848056048075145,,,0.9441691761756331,,weak,0.9726735586310747
../fashion_data/raw/train/train/image/140224.jpg,item2_skirt,skirt,0.6698505041545361,beige,0.06374824047088623,CLIP_multi_background_embedding_average,single_primary_color,0.3324294686317444,blue,0.26868122816085815,True,solid,pattern_v3_hierarchical,non_pattern,texture_structure_non_pattern,0.7201319900638461,0.5290107727050781,usable,0.66287761926651,0.0,,0.0,not_applicable,0.0,,,,0.7024415731430054,,,,,0.0,0.761904761904762,,,,,,,,,,,,0.9233566449192243,,,,,
../fashion_data/raw/train/train/image/141698.jpg,item1_short_sleeve_dress,dress,0.3491888795698422,beige,0.6524762809276581,CLIP_multi_background_embedding_average,single_primary_color,0.7733371257781982,white,0.12086084485054016,True,solid,pattern_v3_hierarchical,non_pattern,texture_structure_non_pattern,0.8672378234316394,0.28810545802116394,usable,0.5148540139198303,0.0,,0.0,not_applicable,0.0,0.3936760425567627,,,0.5439280867576599,,0.3525589406490326,0.4864065647125244,,,,0.32343852519989014,,,,,,,,,0.9505135522204189,0.8724194560076362,0.9058737726975903,,0.9154061408830066,,,0.9732098915078937
../fashion_data/raw/train/train/image/142658.jpg,item1_long_sleeve_top,top,0.3719623552079588,white,0.4196009337902069,CLIP_multi_background_embedding_average,single_primary_color,0.6768284440040588,beige,0.25722751021385193,True,solid,pattern_v3_hierarchical,non_pattern,plain_non_pattern,0.8211454411045015,0.05362534523010254,ambiguous,0.44242843985557556,0.0,,0.0,not_applicable,0.0,0.5967710018157959,0.5459882583170255,0.6987341772151899,,-0.791605449046851,0.33949124813079834,0.5094059705734253,,,,0.46267348527908325,,,,,,,0.9113924050632912,0.0,0.8738662437555859,0.8794056342898567,,,0.9687781547773306,,good,0.994352635699211
../fashion_data/raw/train/train/image/142658.jpg,item2_skirt,skirt,0.47533719478522474,blue,0.21908673644065857,CLIP_multi_background_embedding_average,single_primary_color,0.5316781997680664,white,0.31259146332740784,True,solid,pattern_v3_hierarchical,non_pattern,texture_structure_non_pattern,0.8022435158787736,0.29475870728492737,usable,0.5477710962295532,0.0,,0.0,not_applicable,0.0,,,,0.7865855693817139,,,,,0.0,0.8415492957746478,,,,,,,,,,,,0.7414832514556692,,,,,
../fashion_data/raw/train/train/image/146128.jpg,item1_long_sleeve_outwear,outerwear,0.6503878611023275,pink,0.38609839975833893,CLIP_multi_background_embedding_average,single_primary_color,0.5284148454666138,beige,0.14231644570827484,True,camouflage,pattern_v3_hierarchical,visible_pattern,repeated_surface_pattern,0.9251842819521472,0.05986505746841431,ambiguous,0.38801783323287964,0.38384451878487735,camouflage,0.6889668852090836,usable,0.777292788028717,0.7168436050415039,0.4717314487632509,1.176,,-0.1419420171293534,0.42958101630210876,0.5125465393066406,,,,0.340261310338974,,,,,,,1.2,0.7159090909090909,0.8390823791032845,0.9347801335817825,,,0.9223560040711443,,weak,0.927930760550699
../fashion_data/raw/train/train/image/147222.jpg,item1_short_sleeve_top,top,0.4043069453790965,blue,0.747129637748003,CLIP_multi_background_embedding_average,single_primary_color,0.7868675589561462,orange,0.039737921208143234,True,solid,pattern_v3_hierarchical,non_pattern,plain_non_pattern,0.7850463686797233,0.26669058203697205,usable,0.535088062286377,0.0,,0.0,not_applicable,0.0,0.28193411231040955,0.4416,0.7838709677419354,,-0.9831535218725219,0.4247831106185913,0.5233994722366333,,,,0.3315809667110443,,,,,,,0.8919354838709677,0.0,0.8293236539014276,0.8332001236488651,,,0.8843905991706597,,good,0.9824305802483209
../fashion_data/raw/train/train/image/147222.jpg,item2_skirt,skirt,0.5184645623204364,white,0.4518396705389023,CLIP_multi_background_embedding_average,single_primary_color,0.6041013598442078,beige,0.15226168930530548,True,solid,pattern_v3_hierarchical,non_pattern,texture_structure_non_pattern,0.752717757901136,0.07229059934616089,ambiguous,0.47926950454711914,0.0,,0.0,not_applicable,0.0,,,,0.4270065426826477,,,,,0.37353286384976514,1.4976525821596243,,,,,,,,,,,,0.8077593407760345,,,,,
../fashion_data/raw/train/train/image/150224.jpg,item1_short_sleeve_top,top,0.43943446942319514,white,0.1310259997844696,CLIP_multi_background_embedding_average,single_primary_color,0.5206940174102783,beige,0.3896680176258087,True,solid,pattern_v3_hierarchical,non_pattern,plain_non_pattern,0.7236518299920671,0.30633649230003357,usable,0.5867555141448975,0.0,,0.0,not_applicable,0.0,0.19144251942634583,0.581081081081081,1.1333333333333333,,0.02152202847030918,0.3704996705055237,0.5763754844665527,,,,0.32910072803497314,,,,,,,1.0166666666666666,0.0,0.7116792855020011,0.8541993963883941,,,0.5161269567132201,,good,0.9631345217751156
../fashion_data/raw/train/train/image/150224.jpg,item2_trousers,pants,0.39605900772277025,blue,0.7143571227788925,CLIP_multi_background_embedding_average,single_primary_color,0.7768884897232056,gray,0.06253136694431305,True,solid,pattern_v3_hierarchical,non_pattern,plain_non_pattern,0.7544789462372966,0.24313586950302124,usable,0.5502980947494507,0.0,,0.0,not_applicable,0.0,,,,,,,,0.7167655825614929,,,,0.6124999999999999,0.5975609756097561,0.8932926829268293,0.7303353658536585,-0.850902415958453,0.975609756097561,,,,,,0.5971780237178638,,good,,
../fashion_data/raw/train/train/image/151092.jpg,item1_long_sleeve_top,top,0.37836255142227565,white,0.19790709018707275,CLIP_multi_background_embedding_average,single_primary_color,0.5731266140937805,beige,0.37521952390670776,True,solid,pattern_v3_hierarchical,non_pattern,texture_structure_non_pattern,0.9257077111500481,0.21189069747924805,usable,0.4438735842704773,0.0,,0.0,not_applicable,0.0,0.32892635464668274,0.5907429963459196,0.2377049180327869,,-1.432785912448009,0.3376948833465576,0.3987928330898285,,,,0.4707507789134979,,,,,,,1.0081967213114753,0.0,0.8890620703461692,0.8452642432425171,,,0.8882800582118004,,usable,0.8847818510459712
../fashion_data/raw/train/train/image/151092.jpg,item2_trousers,pants,0.7739991538226633,black,0.21233852207660675,CLIP_multi_background_embedding_average,single_primary_color,0.36699050664901733,white,0.15465198457241058,True,solid,pattern_v3_hierarchical,non_pattern,texture_structure_non_pattern,0.9313760873398355,0.14044564962387085,usable,0.41928812861442566,0.0,,0.0,not_applicable,0.0,,,,,,,,0.7082439661026001,,,,0.8954545454545454,0.7576923076923077,0.8923076923076924,0.8150277557494051,-0.23322304220646417,0.8461538461538461,,,,,,0.9420960731615138,,good,,
../fashion_data/raw/train/train/image/152326.jpg,item1_short_sleeve_top,top,0.7574346286501209,black,0.22907863557338715,CLIP_multi_background_embedding_average,single_primary_color,0.400667667388916,gray,0.17158903181552887,True,graphic_logo,pattern_v3_hierarchical,visible_pattern,local_graphic_pattern,0.19527619607398103,0.9181449543684721,usable,0.944631040096283,0.07174105917952299,graphic_logo,0.9625937007367611,usable,0.974507212638855,0.48108914494514465,0.6044711951848667,0.8930957683741647,,-1.1161514426513104,0.548897922039032,0.45219555497169495,,,,0.3374076783657074,,,,,,,0.9643652561247216,0.0,0.7892754905950522,0.8505757237834208,,,0.902320499707337,,good,0.9537856197755014
../fashion_data/raw/train/train/image/152326.jpg,item2_trousers,pants,0.6812395207075879,blue,0.33222702145576477,CLIP_multi_background_embedding_average,single_primary_color,0.4835400879383087,gray,0.15131306648254395,True,solid,pattern_v3_hierarchical,non_pattern,texture_structure_non_pattern,0.8227111711579564,0.36074644327163696,usable,0.5671972632408142,0.0,,0.0,not_applicable,0.0,,,,,,,,0.8021165132522583,,,,1.30550918196995,0.9354066985645934,0.9904306220095693,0.9413021189336979,0.16384761310390603,0.7165071770334928,,,,,,0.8037997445885445,,good,,
../fashion_data/raw/train/train/image/153938.jpg,item1_vest_dress,dress,0.5510772275559097,blue,0.5857735127210617,CLIP_multi_background_embedding_average,single_primary_color,0.6603660583496094,black,0.07459254562854767,True,solid,pattern_v3_hierarchical,non_pattern,texture_structure_non_pattern,0.7572901746483001,0.3853375315666199,usable,0.6062992811203003,0.0,,0.0,not_applicable,0.0,0.4021109938621521,,,0.7115666270256042,,0.37216314673423767,0.6139074563980103,,,,0.25474652647972107,,,,,,,,,0.8881756878662781,0.9303334074031022,0.8721445249405965,,0.8712624440653408,,,0.9133928879643667
../fashion_data/raw/train/train/image/153938.jpg,item2_short_sleeve_top,top,0.7317682642271864,blue,0.2577945739030838,CLIP_multi_background_embedding_average,single_primary_color,0.4257428050041199,black,0.16794823110103607,True,solid,pattern_v3_hierarchical,non_pattern,texture_structure_non_pattern,0.7627572451452524,0.03158843517303467,ambiguous,0.45614248514175415,0.0,,0.0,not_applicable,0.0,0.3774280250072479,0.4226618705035971,0.645021645021645,,-0.610940176335428,0.3780461549758911,0.5649175643920898,,,,0.49010369181632996,,,,,,,0.7142857142857142,0.0641025641025641,0.9204282479936123,0.8548864594688212,,,0.9620471817747105,,usable,0.9181198167770762
../fashion_data/raw/train/train/image/154649.jpg,item1_short_sleeve_top,top,0.6254303028847541,white,0.3299713134765625,CLIP_multi_background_embedding_average,single_primary_color,0.5321879386901855,beige,0.20221662521362305,True,graphic_logo,pattern_v3_hierarchical,visible_pattern,local_graphic_pattern,0.7549764920462427,0.23161062598228455,usable,0.5508822798728943,0.6707026337288156,graphic_logo,0.23343729972839355,usable,0.45833611488342285,0.7214973568916321,0.265625,0.5644171779141104,,-0.7388299919808156,0.5818575620651245,0.4414323568344116,,,,0.42595812678337097,,,,,,,0.9447852760736197,0.6666666666666666,0.7172057139794507,0.7629654780035806,,,0.9127757993983762,,weak,0.9273913908491391
../fashion_data/raw/train/train/image/154649.jpg,item2_skirt,skirt,0.9232595405609297,black,0.0039997100830078125,CLIP_multi_background_embedding_average,single_primary_color,0.17858190834522247,beige,0.17458219826221466,True,solid,pattern_v3_hierarchical,non_pattern,plain_non_pattern,0.9781791879716639,0.012364327907562256,ambiguous,0.29206204414367676,0.0,,0.0,not_applicable,0.0,,,,0.3575551509857178,,,,,0.0,0.815068493150685,,,,,,,,,,,,0.6115289466975834,,,,,
../fashion_data/raw/train/train/image/156436.jpg,item1_short_sleeve_dress,dress,0.4580980204305509,white,0.1281113624572754,CLIP_multi_background_embedding_average,single_primary_color,0.5053125619888306,beige,0.3772011995315552,True,striped,pattern_v3_hierarchical,visible_pattern,repeated_surface_pattern,0.8263236667393298,0.030789613723754883,ambiguous,0.4302324950695038,0.7647230533420237,striped,0.06882402300834656,ambiguous,0.3306104838848114,0.756967306137085,,,0.5980342626571655,,0.34171587228775024,0.638526439666748,,,,0.4082547724246979,,,,,,,,,0.7566962125669241,0.864216251693236,0.9362559300433334,,0.8875064909817056,,,0.7632186454905253
../fashion_data/raw/train/train/image/158098.jpg,item1_long_sleeve_dress,dress,0.3978570008036994,white,0.14237049221992493,CLIP_multi_background_embedding_average,single_primary_color,0.5416674613952637,beige,0.39929696917533875,True,solid,pattern_v3_hierarchical,non_pattern,plain_non_pattern,0.8843019420502473,0.22994153201580048,usable,0.47938355803489685,0.0,,0.0,not_applicable,0.0,0.6472057104110718,,,0.7105548977851868,,0.26650989055633545,0.5426897406578064,,,,0.40739333629608154,,,,,,,,,0.8195227834976774,0.8353950813165425,0.8348124378747445,,0.7623027685690625,,,0.9782089494449552
../fashion_data/raw/train/train/image/159352.jpg,item1_short_sleeve_top,top,0.7676653287342425,beige,0.1728443056344986,CLIP_multi_background_embedding_average,single_primary_color,0.3669527769088745,gray,0.19410847127437592,True,striped,pattern_v3_hierarchical,visible_pattern,repeated_surface_pattern,0.9758139105743477,0.13607408106327057,usable,0.363962322473526,0.18165703941351424,striped,0.8966940212994814,usable,0.9230367541313171,0.6987869739532471,0.5015974440894568,1.0722222222222224,,-0.11231919548111134,0.33126407861709595,0.5780103206634521,,,,0.318477600812912,,,,,,,0.9888888888888889,0.11764705882352941,0.8546187004093404,0.8466955505911773,,,0.6524605464737296,,good,0.9104687220143689
../fashion_data/raw/train/train/image/159352.jpg,item2_skirt,skirt,0.5667041616301388,blue,0.4947836622595787,CLIP_multi_background_embedding_average,single_primary_color,0.6191016435623169,pink,0.12431798130273819,True,solid,pattern_v3_hierarchical,non_pattern,texture_structure_non_pattern,0.8037540395013016,0.3602304309606552,usable,0.5758885741233826,0.0,,0.0,not_applicable,0.0,,,,0.5899509191513062,,,,,0.5457713754646839,1.7732342007434942,,,,,,,,,,,,0.76503882935606,,,,,
../fashion_data/raw/train/train/image/160585.jpg,item1_short_sleeve_top,top,0.7255539407467221,brown,0.14702782034873962,CLIP_multi_background_embedding_average,single_primary_color,0.364884614944458,beige,0.21785679459571838,True,graphic_logo,pattern_v3_hierarchical,visible_pattern,local_graphic_pattern,0.317823616327,0.7952672317624092,usable,0.8832552433013916,0.07848666859436201,graphic_logo,0.9633956300094724,usable,0.9732421636581421,0.6276975274085999,0.4913194444444444,0.6361185983827493,,-0.8807078409945042,0.4239431619644165,0.5522645115852356,,,,0.7544767260551453,,,,,,,0.9326145552560647,0.1595744680851064,0.885345515345459,0.899151216893626,,,0.7309464500998096,,good,0.9801659978182888
../fashion_data/raw/train/train/image/160585.jpg,item2_skirt,skirt,0.3330343825960966,white,0.4188825786113739,CLIP_multi_background_embedding_average,single_primary_color,0.688412070274353,beige,0.2695294916629791,True,solid,pattern_v3_hierarchical,non_pattern,plain_non_pattern,0.7942546637722199,0.038866013288497925,ambiguous,0.44740167260169983,0.0,,0.0,not_applicable,0.0,,,,0.48529252409935,,,,,0.12037037037037034,1.0925925925925926,,,,,,,,,,,,0.7643640621033189,,,,,
../fashion_data/raw/train/train/image/160642.jpg,item1_long_sleeve_dress,dress,0.34034276224687315,beige,0.5447725206613541,CLIP_multi_background_embedding_average,single_primary_color,0.7393432259559631,white,0.19457070529460907,True,solid,pattern_v3_hierarchical,non_pattern,texture_structure_non_pattern,0.9296750929314769,0.06366845965385437,ambiguous,0.3867187201976776,0.0,,0.0,not_applicable,0.0,0.5854960083961487,,,0.6022375822067261,,0.468003511428833,0.5203306674957275,,,,0.5181573629379272,,,,,,,,,0.9354855657484478,0.8557631389233205,0.7930246381601712,,0.8144117395205707,,,0.9193417313563997
../fashion_data/raw/train/train/image/163017.jpg,item1_trousers,pants,0.5223637400368045,red,0.2865748405456543,CLIP_multi_background_embedding_average,single_primary_color,0.5599783062934875,brown,0.27340346574783325,True,solid,pattern_v3_hierarchical,non_pattern,plain_non_pattern,0.9077283868548739,0.005406022071838379,ambiguous,0.34954217076301575,0.0,,0.0,not_applicable,0.0,,,,,,,,0.6708782911300659,,,,0.8577586206896551,0.8223140495867769,0.9504132231404959,0.8746855910887531,-0.30108346699293276,0.9586776859504132,,,,,,0.8454453438394929,,good,,
../fashion_data/raw/train/train/image/163017.jpg,item2_vest,top,0.8200855653885265,beige,0.1606302112340927,CLIP_multi_background_embedding_average,single_primary_color,0.3217645287513733,white,0.16113431751728058,True,graphic_logo,pattern_v3_hierarchical,visible_pattern,local_graphic_pattern,0.28364518165356367,0.8719862513244152,usable,0.9108540415763855,0.14881012587898623,graphic_logo,0.9197575189173222,usable,0.940161406993866,0.28736209869384766,0.5386313465783664,0.6785714285714286,,-0.770873374471975,0.47877272963523865,0.3756704330444336,,,,0.6454311609268188,,,,,,,0.8993506493506493,0.0,0.8658465821657758,0.8394233923010299,,,0.7706601821416404,,good,0.8953941462067371
../fashion_data/raw/train/train/image/165021.jpg,item1_long_sleeve_top,top,0.6201485812744907,gray,0.40952737629413605,CLIP_multi_background_embedding_average,single_primary_color,0.5626918077468872,beige,0.15316443145275116,True,striped,pattern_v3_hierarchical,visible_pattern,repeated_surface_pattern,0.888951235042347,0.2553041875362396,usable,0.48841366171836853,0.15110598582580664,striped,0.9172621611505747,usable,0.9377478361129761,0.33225569128990173,0.534,1.2295081967213115,,0.11641306640798302,0.46490687131881714,0.5608828663825989,,,,0.40465670824050903,,,,,,,1.0887978142076502,0.0,0.9076792133175209,0.8458610904074676,,,0.8986101447328871,,good,0.9539624962994405
../fashion_data/raw/train/train/image/166948.jpg,item1_short_sleeve_dress,dress,0.27921656240356,beige,0.5458899736404419,CLIP_multi_background_embedding_average,single_primary_color,0.7589938044548035,brown,0.21310383081436157,True,solid,pattern_v3_hierarchical,non_pattern,texture_structure_non_pattern,0.9733593741812337,0.09565559029579163,ambiguous,0.35254910588264465,0.0,,0.0,not_applicable,0.0,0.33698511123657227,,,0.740609347820282,,0.3729485869407654,0.5511353015899658,,,,0.47820621728897095,,,,,,,,,0.9084255315148454,0.8912223637704615,0.7996700510477228,,0.8441468069136259,,,0.9485680585948802
../fashion_data/raw/train/train/image/167373.jpg,item1_sling_dress,dress,0.6966822371284439,black,0.2912221699953079,CLIP_multi_background_embedding_average,single_primary_color,0.4508536756038666,gray,0.15963150560855865,True,graphic_logo,pattern_v3_hierarchical,visible_pattern,local_graphic_pattern,0.920854618716676,0.15772530436515808,usable,0.43370893597602844,0.75837999864793,graphic_logo,0.22253292798995972,usable,0.43192681670188904,0.5431452393531799,,,0.6634833812713623,,0.42923617362976074,0.6000591516494751,,,,0.8082759976387024,,,,,,,,,0.7800574683348854,0.9076326239818602,0.8588220964791344,,0.6291898584743679,,,0.8646312597182072
../fashion_data/raw/train/train/image/168724.jpg,item1_short_sleeve_top,top,0.7906903766052467,blue,0.315426841378212,CLIP_multi_background_embedding_average,single_primary_color,0.42899760603904724,beige,0.11357076466083527,True,graphic_logo,pattern_v3_hierarchical,visible_pattern,local_graphic_pattern,0.7381744749875497,0.24331602454185486,usable,0.5509328842163086,0.4039412212562882,graphic_logo,0.5610678791999817,usable,0.7326874732971191,0.5118607878684998,0.4742014742014742,1.0151515151515151,,-0.736551561698227,0.5398678779602051,0.5364411473274231,,,,0.4106464087963104,,,,,,,1.0454545454545454,0.046875,0.9723343230868363,0.7816419501607258,,,0.681877990235885,,good,0.9172821716308333
../fashion_data/raw/train/train/image/168724.jpg,item2_shorts,pants,0.3034378017011345,blue,0.8176083154976368,CLIP_multi_background_embedding_average,single_primary_color,0.850770115852356,purple,0.03316180035471916,True,solid,pattern_v3_hierarchical,non_pattern,plain_non_pattern,0.8056159236795424,0.0500299334526062,ambiguous,0.4279586374759674,0.0,,0.0,not_applicable,0.0,,,,,,,,0.7973383665084839,,,,,,,,,,,,,,,0.7420942039966384,,,,
../fashion_data/raw/train/train/image/171259.jpg,item1_short_sleeve_top,top,0.5573714746328635,beige,0.4015360176563263,CLIP_multi_background_embedding_average,single_primary_color,0.5929373502731323,brown,0.19140133261680603,True,graphic_logo,pattern_v3_hierarchical,visible_pattern,local_graphic_pattern,0.6432901846540059,0.5684049725532532,usable,0.7033336758613586,0.47323920094187094,graphic_logo,0.6088869497179985,usable,0.7163296937942505,0.2177172303199768,0.5528913963328632,1.1179775280898878,,-0.19774889317011743,0.4614912271499634,0.47449183464050293,,,,0.5133576989173889,,,,,,,0.9887640449438203,0.3178294573643411,0.7518742533604902,0.8652248478517283,,,0.7901622996916806,,usable,0.9526452550508081
../fashion_data/raw/train/train/image/171259.jpg,item2_shorts,pants,0.8034015865813752,brown,0.020547613501548767,CLIP_multi_background_embedding_average,single_primary_color,0.24817577004432678,beige,0.22762815654277802,True,solid,pattern_v3_hierarchical,non_pattern,texture_structure_non_pattern,0.857036500513061,0.1802402138710022,usable,0.48442110419273376,0.0,,0.0,not_applicable,0.0,,,,,,,,0.5622091293334961,,,,,,,,,,,,,,,0.9377908017974544,,,,
../fashion_data/raw/train/train/image/173201.jpg,item1_long_sleeve_top,top,0.31825290680682056,beige,0.34687140583992004,CLIP_multi_background_embedding_average,single_primary_color,0.6588730812072754,white,0.31200167536735535,True,solid,pattern_v3_hierarchical,non_pattern,texture_structure_non_pattern,0.8664097269677349,0.18993672728538513,usable,0.48263365030288696,0.0,,0.0,not_applicable,0.0,0.41496968269348145,0.5149911816578483,0.591304347826087,,-1.233903612840935,0.361755907535553,0.4812864661216736,,,,0.5147416591644287,,,,,,,0.891304347826087,0.0,0.9309965462300819,0.7445071387455143,,,0.9569913507450265,,good,0.9110229795640493
../fashion_data/raw/train/train/image/173201.jpg,item2_trousers,pants,0.652411376888597,blue,0.3707724064588547,CLIP_multi_background_embedding_average,single_primary_color,0.5201782584190369,black,0.1494058519601822,True,solid,pattern_v3_hierarchical,non_pattern,texture_structure_non_pattern,0.9900040271143872,0.044096797704696655,ambiguous,0.30939072370529175,0.0,,0.0,not_applicable,0.0,,,,,,,,0.9013689756393433,,,,0.8580246913580246,0.7513513513513513,0.9081081081081082,0.8226474649832315,-0.2720152943503199,0.8756756756756757,,,,,,0.6525445963810782,,good,,
../fashion_data/raw/train/train/image/173508.jpg,item1_short_sleeve_top,top,0.6203828351290274,beige,0.3003709316253662,CLIP_multi_background_embedding_average,single_primary_color,0.4988998472690582,gray,0.19852891564369202,True,solid,pattern_v3_hierarchical,non_pattern,plain_non_pattern,0.6899782288924071,0.3994269520044327,usable,0.6410609483718872,0.0,,0.0,not_applicable,0.0,0.3657572269439697,0.5323435843054083,0.9762532981530343,,-0.1894627865522465,0.5122860670089722,0.5676218271255493,,,,0.41152501106262207,,,,,,,0.9221635883905013,0.0,0.9182098845547605,0.7824758177932666,,,0.9164071143909431,,good,0.9472951846150248
../fashion_data/raw/train/train/image/173669.jpg,item1_short_sleeve_dress,dress,0.16862619558908618,purple,0.8614961579442024,CLIP_multi_background_embedding_average,single_primary_color,0.9142278432846069,blue,0.05273168534040451,True,solid,pattern_v3_hierarchical,non_pattern,texture_structure_non_pattern,0.7634020940946626,0.10284966230392456,usable,0.48921769857406616,0.0,,0.0,not_applicable,0.0,0.6902705430984497,,,0.9031521081924438,,0.2499317228794098,0.5209745168685913,,,,0.31538140773773193,,,,,,,,,0.8568109175278613,0.8281741046336153,0.530575305724686,,0.9096460024053323,,,0.9692726852656363
../fashion_data/raw/train/train/image/174323.jpg,item1_long_sleeve_top,top,0.18200213625780584,pink,0.9022938776761293,CLIP_multi_background_embedding_average,single_primary_color,0.9207446575164795,orange,0.01845077984035015,True,solid,pattern_v3_hierarchical,non_pattern,plain_non_pattern,0.8446168593723287,0.24033480882644653,usable,0.5028743743896484,0.0,,0.0,not_applicable,0.0,0.6348792314529419,0.5362190812720848,0.7973856209150327,,-0.6501923304161737,0.47678181529045105,0.5024238228797913,,,,0.4947146773338318,,,,,,,0.8954248366013071,0.165,0.8428955940134338,0.8585003549795064,,,0.9143174782369207,,good,0.9310626897543188
../fashion_data/raw/train/train/image/174323.jpg,item2_trousers,pants,0.11978594598535851,pink,0.9333919230848551,CLIP_multi_background_embedding_average,single_primary_color,0.9492908716201782,black,0.015898948535323143,True,solid,pattern_v3_hierarchical,non_pattern,plain_non_pattern,0.9139547607553855,0.05056902766227722,ambiguous,0.37444931268692017,0.0,,0.0,not_applicable,0.0,,,,,,,,0.5856614112854004,,,,0.8508064516129032,0.6261127596439169,0.7893175074183977,0.7041812786619908,-0.2512751197893585,0.7359050445103857,,,,,,0.6767581257203085,,good,,
../fashion_data/raw/train/train/image/175635.jpg,item1_trousers,pants,0.6466139417955835,blue,0.31527283787727356,CLIP_multi_background_embedding_average,single_primary_color,0.5147651433944702,beige,0.19949230551719666,True,graphic_logo,pattern_v3_hierarchical,visible_pattern,local_graphic_pattern,0.9412085074723131,0.05749654769897461,ambiguous,0.3528197407722473,0.6804802686441814,graphic_logo,0.14856846630573273,usable,0.38913577795028687,,,,,,,,0.8440201878547668,,,,0.3850267379679145,0.2868525896414343,0.5677290836653387,0.39588672337676317,-0.9625818124591973,0.7450199203187251,,,,,,0.6600352184266639,,good,,
../fashion_data/raw/train/train/image/175635.jpg,item2_long_sleeve_top,top,0.5442611743811073,pink,0.5807080790400505,CLIP_multi_background_embedding_average,single_primary_color,0.6615899801254272,beige,0.08088190108537674,True,polka_dot,pattern_v3_hierarchical,visible_pattern,local_graphic_pattern,0.9720105142505167,0.08728441596031189,ambiguous,0.35695892572402954,0.6736578755683653,polka_dot,0.41907998919487,usable,0.5627978444099426,0.35649192333221436,0.5274102079395085,0.3494318181818182,,-1.4448120925838444,0.4596012234687805,0.4791592061519623,,,,0.5162054896354675,,,,,,,1.0198863636363638,0.18478260869565216,0.943327387918669,0.8438726368221783,,,0.9185760566547335,,usable,0.9419500767952816
../fashion_data/raw/train/train/image/178287.jpg,item1_short_sleeve_top,top,0.5530085865421454,beige,0.5314805135130882,CLIP_multi_background_embedding_average,single_primary_color,0.6456334590911865,pink,0.1141529455780983,True,polka_dot,pattern_v3_hierarchical,visible_pattern,repeated_surface_pattern,0.7803158998764164,0.44267919659614563,usable,0.605320930480957,0.07749257721533484,polka_dot,0.9673334765248001,usable,0.974075198173523,0.5471286773681641,0.4144981412639405,0.35580524344569286,,-1.5454775908748923,0.5348077416419983,0.4751134216785431,,,,0.4594743549823761,,,,,,,0.9138576779026217,0.0,0.8447924243742204,0.9109038027101892,,,0.9619358072547847,,usable,0.8910935579601055
../fashion_data/raw/train/train/image/178287.jpg,item2_shorts,pants,0.6949555804148496,black,0.22789455950260162,CLIP_multi_background_embedding_average,single_primary_color,0.41940271854400635,purple,0.19150815904140472,True,solid,pattern_v3_hierarchical,non_pattern,plain_non_pattern,0.7387865612419705,0.31416055560112,usable,0.5910354256629944,0.0,,0.0,not_applicable,0.0,,,,,,,,0.7041046023368835,,,,,,,,,,,,,,,0.7623780559603553,,,,
../fashion_data/raw/train/train/image/178920.jpg,item1_short_sleeve_top,top,0.622956749128096,beige,0.07283920049667358,CLIP_multi_background_embedding_average,single_primary_color,0.37955865263938904,white,0.30671945214271545,True,graphic_logo,pattern_v3_hierarchical,visible_pattern,local_graphic_pattern,0.8706141008420526,0.29843974113464355,usable,0.5111007690429688,0.7320900652448621,graphic_logo,0.3317713588476181,usable,0.5027762651443481,0.5866144895553589,0.6035087719298246,0.7638888888888888,,-0.47093385882289135,0.19456186890602112,0.49983450770378113,,,,0.3694364130496979,,,,,,,0.8888888888888888,0.0,0.8669303582538319,0.7319307586662831,,,0.823790219256412,,good,0.7581746277335178
../fashion_data/raw/train/train/image/178920.jpg,item2_sling_dress,dress,0.3565638462265775,pink,0.6907697170972824,CLIP_multi_background_embedding_average,single_primary_color,0.7873054146766663,beige,0.09653569757938385,True,solid,pattern_v3_hierarchical,non_pattern,texture_structure_non_pattern,0.8959344185979804,0.06515827775001526,ambiguous,0.41231271624565125,0.0,,0.0,not_applicable,0.0,0.5946650505065918,,,0.8603512048721313,,0.2654050588607788,0.5036271810531616,,,,0.49777403473854065,,,,,,,,,0.9125831667919617,0.8508439272562784,0.6119312655279252,,0.8393536441065629,,,0.9527588767374592
../fashion_data/raw/train/train/image/184087.jpg,item1_long_sleeve_dress,dress,0.46141129965716776,black,0.6331339031457901,CLIP_multi_background_embedding_average,single_primary_color,0.7195961475372314,brown,0.08646224439144135,True,camouflage,pattern_v3_hierarchical,visible_pattern,repeated_surface_pattern,0.8610930552989621,0.15496209263801575,usable,0.47064638137817383,0.7992083980921303,camouflage,0.018693000078201294,ambiguous,0.2776387333869934,0.4521351456642151,,,0.5559768676757812,,0.3674129545688629,0.5710599422454834,,,,0.30178552865982056,,,,,,,,,0.9472493359683253,0.8648264312594884,0.9187209632881855,,0.8992459907824284,,,0.9433110927615221
../fashion_data/raw/train/train/image/186959.jpg,item1_long_sleeve_top,top,0.6114874251917768,green,0.01785963773727417,CLIP_multi_background_embedding_average,single_primary_color,0.37081125378608704,beige,0.35295161604881287,True,polka_dot,pattern_v3_hierarchical,visible_pattern,repeated_surface_pattern,0.9455393745863403,0.09628558158874512,ambiguous,0.3770512044429779,0.7103391706297584,polka_dot,0.2613941580057144,usable,0.4550224840641022,0.6580032110214233,0.5878136200716846,0.7142857142857142,,-0.6233207073473854,0.5510272979736328,0.48646876215934753,,,,0.5710323452949524,,,,,,,0.7767857142857142,0.0,0.9011184867746246,0.7876961935919403,,,0.9277021140915314,,good,0.9156168806393239
