image_index,timed_pass,source_dataset,source_image,gt_instances,predictions_above_threshold,inference_ms,scope
0,1,DeepFashion2,../fashion_data/raw/train/train/image/002278.jpg,1,1,23.840138223022223,preprocess+forward+postprocess
0,2,DeepFashion2,../fashion_data/raw/train/train/image/002278.jpg,1,1,21.325943060219288,preprocess+forward+postprocess
0,3,DeepFashion2,../fashion_data/raw/train/train/image/002278.jpg,1,1,20.55273298174143,preprocess+forward+postprocess
0,4,DeepFashion2,../fashion_data/raw/train/train/image/002278.jpg,1,1,21.29149716347456,preprocess+forward+postprocess
0,5,DeepFashion2,../fashion_data/raw/train/train/image/002278.jpg,1,1,20.815659780055285,preprocess+forward+postprocess
1,1,DeepFashion2,../fashion_data/raw/train/train/image/004648.jpg,1,4,135.8165042474866,preprocess+forward+postprocess
1,2,DeepFashion2,../fashion_data/raw/train/train/image/004648.jpg,1,4,24.40775977447629,preprocess+forward+postprocess
1,3,DeepFashion2,../fashion_data/raw/train/train/image/004648.jpg,1,4,24.49613669887185,preprocess+forward+postprocess
1,4,DeepFashion2,../fashion_data/raw/train/train/image/004648.jpg,1,4,24.620841722935438,preprocess+forward+postprocess
1,5,DeepFashion2,../fashion_data/raw/train/train/image/004648.jpg,1,4,23.99389911442995,preprocess+forward+postprocess
2,1,DeepFashion2,../fashion_data/raw/train/train/image/013010.jpg,2,4,88.20576872676611,preprocess+forward+postprocess
2,2,DeepFashion2,../fashion_data/raw/train/train/image/013010.jpg,2,4,39.90832809358835,preprocess+forward+postprocess
2,3,DeepFashion2,../fashion_data/raw/train/train/image/013010.jpg,2,4,24.485867004841566,preprocess+forward+postprocess
2,4,DeepFashion2,../fashion_data/raw/train/train/image/013010.jpg,2,4,24.25544196739793,preprocess+forward+postprocess
2,5,DeepFashion2,../fashion_data/raw/train/train/image/013010.jpg,2,4,24.054663255810738,preprocess+forward+postprocess
3,1,DeepFashion2,../fashion_data/raw/train/train/image/015031.jpg,1,3,91.89452091231942,preprocess+forward+postprocess
3,2,DeepFashion2,../fashion_data/raw/train/train/image/015031.jpg,1,3,24.3433378636837,preprocess+forward+postprocess
3,3,DeepFashion2,../fashion_data/raw/train/train/image/015031.jpg,1,3,24.060785304754972,preprocess+forward+postprocess
3,4,DeepFashion2,../fashion_data/raw/train/train/image/015031.jpg,1,3,24.418660905212164,preprocess+forward+postprocess
3,5,DeepFashion2,../fashion_data/raw/train/train/image/015031.jpg,1,3,24.095220025628805,preprocess+forward+postprocess
4,1,DeepFashion2,../fashion_data/raw/train/train/image/019779.jpg,1,1,25.009516160935163,preprocess+forward+postprocess
4,2,DeepFashion2,../fashion_data/raw/train/train/image/019779.jpg,1,1,20.050906110554934,preprocess+forward+postprocess
4,3,DeepFashion2,../fashion_data/raw/train/train/image/019779.jpg,1,1,19.59050726145506,preprocess+forward+postprocess
4,4,DeepFashion2,../fashion_data/raw/train/train/image/019779.jpg,1,1,19.716475158929825,preprocess+forward+postprocess
4,5,DeepFashion2,../fashion_data/raw/train/train/image/019779.jpg,1,1,19.66299442574382,preprocess+forward+postprocess
5,1,DeepFashion2,../fashion_data/raw/train/train/image/032014.jpg,1,2,24.940143804997206,preprocess+forward+postprocess
5,2,DeepFashion2,../fashion_data/raw/train/train/image/032014.jpg,1,2,19.655579701066017,preprocess+forward+postprocess
5,3,DeepFashion2,../fashion_data/raw/train/train/image/032014.jpg,1,2,19.231490325182676,preprocess+forward+postprocess
5,4,DeepFashion2,../fashion_data/raw/train/train/image/032014.jpg,1,2,26.388158090412617,preprocess+forward+postprocess
5,5,DeepFashion2,../fashion_data/raw/train/train/image/032014.jpg,1,2,19.607519265264273,preprocess+forward+postprocess
6,1,DeepFashion2,../fashion_data/raw/train/train/image/051719.jpg,1,2,90.61773121356964,preprocess+forward+postprocess
6,2,DeepFashion2,../fashion_data/raw/train/train/image/051719.jpg,1,2,28.323120903223753,preprocess+forward+postprocess
6,3,DeepFashion2,../fashion_data/raw/train/train/image/051719.jpg,1,2,28.09423813596368,preprocess+forward+postprocess
6,4,DeepFashion2,../fashion_data/raw/train/train/image/051719.jpg,1,2,31.400619074702263,preprocess+forward+postprocess
6,5,DeepFashion2,../fashion_data/raw/train/train/image/051719.jpg,1,2,27.864855248481035,preprocess+forward+postprocess
7,1,DeepFashion2,../fashion_data/raw/train/train/image/073497.jpg,2,4,27.833687141537666,preprocess+forward+postprocess
7,2,DeepFashion2,../fashion_data/raw/train/train/image/073497.jpg,2,4,23.23024719953537,preprocess+forward+postprocess
7,3,DeepFashion2,../fashion_data/raw/train/train/image/073497.jpg,2,4,23.104870691895485,preprocess+forward+postprocess
7,4,DeepFashion2,../fashion_data/raw/train/train/image/073497.jpg,2,4,39.174471981823444,preprocess+forward+postprocess
7,5,DeepFashion2,../fashion_data/raw/train/train/image/073497.jpg,2,4,23.031482007354498,preprocess+forward+postprocess
8,1,DeepFashion2,../fashion_data/raw/train/train/image/079537.jpg,2,7,89.44381633773446,preprocess+forward+postprocess
8,2,DeepFashion2,../fashion_data/raw/train/train/image/079537.jpg,2,7,32.08430018275976,preprocess+forward+postprocess
8,3,DeepFashion2,../fashion_data/raw/train/train/image/079537.jpg,2,7,27.467926032841206,preprocess+forward+postprocess
8,4,DeepFashion2,../fashion_data/raw/train/train/image/079537.jpg,2,7,30.87778203189373,preprocess+forward+postprocess
8,5,DeepFashion2,../fashion_data/raw/train/train/image/079537.jpg,2,7,27.755549177527428,preprocess+forward+postprocess
9,1,DeepFashion2,../fashion_data/raw/train/train/image/092719.jpg,1,1,19.452415872365236,preprocess+forward+postprocess
9,2,DeepFashion2,../fashion_data/raw/train/train/image/092719.jpg,1,1,19.057410769164562,preprocess+forward+postprocess
9,3,DeepFashion2,../fashion_data/raw/train/train/image/092719.jpg,1,1,20.68908093497157,preprocess+forward+postprocess
9,4,DeepFashion2,../fashion_data/raw/train/train/image/092719.jpg,1,1,19.261956680566072,preprocess+forward+postprocess
9,5,DeepFashion2,../fashion_data/raw/train/train/image/092719.jpg,1,1,19.14706127718091,preprocess+forward+postprocess
10,1,DeepFashion2,../fashion_data/raw/train/train/image/096778.jpg,2,4,92.72354701533914,preprocess+forward+postprocess
10,2,DeepFashion2,../fashion_data/raw/train/train/image/096778.jpg,2,4,27.325007133185863,preprocess+forward+postprocess
10,3,DeepFashion2,../fashion_data/raw/train/train/image/096778.jpg,2,4,26.656534988433123,preprocess+forward+postprocess
10,4,DeepFashion2,../fashion_data/raw/train/train/image/096778.jpg,2,4,28.71228475123644,preprocess+forward+postprocess
10,5,DeepFashion2,../fashion_data/raw/train/train/image/096778.jpg,2,4,27.48253382742405,preprocess+forward+postprocess
11,1,DeepFashion2,../fashion_data/raw/train/train/image/101034.jpg,2,5,25.423166807740927,preprocess+forward+postprocess
11,2,DeepFashion2,../fashion_data/raw/train/train/image/101034.jpg,2,5,24.73914623260498,preprocess+forward+postprocess
11,3,DeepFashion2,../fashion_data/raw/train/train/image/101034.jpg,2,5,25.13261791318655,preprocess+forward+postprocess
11,4,DeepFashion2,../fashion_data/raw/train/train/image/101034.jpg,2,5,24.87745601683855,preprocess+forward+postprocess
11,5,DeepFashion2,../fashion_data/raw/train/train/image/101034.jpg,2,5,24.97461996972561,preprocess+forward+postprocess
12,1,DeepFashion2,../fashion_data/raw/train/train/image/114238.jpg,2,3,32.54152275621891,preprocess+forward+postprocess
12,2,DeepFashion2,../fashion_data/raw/train/train/image/114238.jpg,2,3,27.903117705136538,preprocess+forward+postprocess
12,3,DeepFashion2,../fashion_data/raw/train/train/image/114238.jpg,2,3,42.736044619232416,preprocess+forward+postprocess
12,4,DeepFashion2,../fashion_data/raw/train/train/image/114238.jpg,2,3,26.973723899573088,preprocess+forward+postprocess
12,5,DeepFashion2,../fashion_data/raw/train/train/image/114238.jpg,2,3,27.204548940062523,preprocess+forward+postprocess
13,1,DeepFashion2,../fashion_data/raw/train/train/image/124892.jpg,2,3,80.56095102801919,preprocess+forward+postprocess
13,2,DeepFashion2,../fashion_data/raw/train/train/image/124892.jpg,2,3,24.225627072155476,preprocess+forward+postprocess
13,3,DeepFashion2,../fashion_data/raw/train/train/image/124892.jpg,2,3,23.744999431073666,preprocess+forward+postprocess
13,4,DeepFashion2,../fashion_data/raw/train/train/image/124892.jpg,2,3,23.72865891084075,preprocess+forward+postprocess
13,5,DeepFashion2,../fashion_data/raw/train/train/image/124892.jpg,2,3,30.162242241203785,preprocess+forward+postprocess
14,1,DeepFashion2,../fashion_data/raw/train/train/image/142658.jpg,2,2,35.79774918034673,preprocess+forward+postprocess
14,2,DeepFashion2,../fashion_data/raw/train/train/image/142658.jpg,2,2,37.26945677772164,preprocess+forward+postprocess
14,3,DeepFashion2,../fashion_data/raw/train/train/image/142658.jpg,2,2,38.7537581846118,preprocess+forward+postprocess
14,4,DeepFashion2,../fashion_data/raw/train/train/image/142658.jpg,2,2,38.661323953419924,preprocess+forward+postprocess
14,5,DeepFashion2,../fashion_data/raw/train/train/image/142658.jpg,2,2,38.93290599808097,preprocess+forward+postprocess
15,1,DeepFashion2,../fashion_data/raw/train/train/image/146128.jpg,1,3,79.6006079763174,preprocess+forward+postprocess
15,2,DeepFashion2,../fashion_data/raw/train/train/image/146128.jpg,1,3,37.52068104222417,preprocess+forward+postprocess
15,3,DeepFashion2,../fashion_data/raw/train/train/image/146128.jpg,1,3,22.07854436710477,preprocess+forward+postprocess
15,4,DeepFashion2,../fashion_data/raw/train/train/image/146128.jpg,1,3,21.77759585902095,preprocess+forward+postprocess
15,5,DeepFashion2,../fashion_data/raw/train/train/image/146128.jpg,1,3,22.01088611036539,preprocess+forward+postprocess
16,1,DeepFashion2,../fashion_data/raw/train/train/image/152326.jpg,2,3,79.06921487301588,preprocess+forward+postprocess
16,2,DeepFashion2,../fashion_data/raw/train/train/image/152326.jpg,2,3,22.89362298324704,preprocess+forward+postprocess
16,3,DeepFashion2,../fashion_data/raw/train/train/image/152326.jpg,2,3,33.67193695157766,preprocess+forward+postprocess
16,4,DeepFashion2,../fashion_data/raw/train/train/image/152326.jpg,2,3,22.284732665866613,preprocess+forward+postprocess
16,5,DeepFashion2,../fashion_data/raw/train/train/image/152326.jpg,2,3,22.238004952669144,preprocess+forward+postprocess
17,1,DeepFashion2,../fashion_data/raw/train/train/image/174323.jpg,2,5,28.591808397322893,preprocess+forward+postprocess
17,2,DeepFashion2,../fashion_data/raw/train/train/image/174323.jpg,2,5,31.29387879744172,preprocess+forward+postprocess
17,3,DeepFashion2,../fashion_data/raw/train/train/image/174323.jpg,2,5,35.17639683559537,preprocess+forward+postprocess
17,4,DeepFashion2,../fashion_data/raw/train/train/image/174323.jpg,2,5,28.376632370054722,preprocess+forward+postprocess
17,5,DeepFashion2,../fashion_data/raw/train/train/image/174323.jpg,2,5,28.70855899527669,preprocess+forward+postprocess
18,1,DeepFashion2,../fashion_data/raw/train/train/image/178287.jpg,2,2,81.0111709870398,preprocess+forward+postprocess
18,2,DeepFashion2,../fashion_data/raw/train/train/image/178287.jpg,2,2,23.845478892326355,preprocess+forward+postprocess
18,3,DeepFashion2,../fashion_data/raw/train/train/image/178287.jpg,2,2,29.001241084188223,preprocess+forward+postprocess
18,4,DeepFashion2,../fashion_data/raw/train/train/image/178287.jpg,2,2,24.181784130632877,preprocess+forward+postprocess
18,5,DeepFashion2,../fashion_data/raw/train/train/image/178287.jpg,2,2,24.212992750108242,preprocess+forward+postprocess
19,1,DeepFashion2,../fashion_data/raw/train/train/image/184087.jpg,1,1,27.551153674721718,preprocess+forward+postprocess
19,2,DeepFashion2,../fashion_data/raw/train/train/image/184087.jpg,1,1,26.331712026149035,preprocess+forward+postprocess
19,3,DeepFashion2,../fashion_data/raw/train/train/image/184087.jpg,1,1,25.258607231080532,preprocess+forward+postprocess
19,4,DeepFashion2,../fashion_data/raw/train/train/image/184087.jpg,1,1,25.265568867325783,preprocess+forward+postprocess
19,5,DeepFashion2,../fashion_data/raw/train/train/image/184087.jpg,1,1,25.51673399284482,preprocess+forward+postprocess
20,1,Fashionpedia,../fashion_data/raw/fashionpedia/images/test/311db0d6f5b7be84ac3c952a443ef981.jpg,4,5,27.470602188259363,preprocess+forward+postprocess
20,2,Fashionpedia,../fashion_data/raw/fashionpedia/images/test/311db0d6f5b7be84ac3c952a443ef981.jpg,4,5,27.229455765336752,preprocess+forward+postprocess
20,3,Fashionpedia,../fashion_data/raw/fashionpedia/images/test/311db0d6f5b7be84ac3c952a443ef981.jpg,4,5,27.187456842511892,preprocess+forward+postprocess
20,4,Fashionpedia,../fashion_data/raw/fashionpedia/images/test/311db0d6f5b7be84ac3c952a443ef981.jpg,4,5,39.56709383055568,preprocess+forward+postprocess
20,5,Fashionpedia,../fashion_data/raw/fashionpedia/images/test/311db0d6f5b7be84ac3c952a443ef981.jpg,4,5,26.79306175559759,preprocess+forward+postprocess
21,1,Fashionpedia,../fashion_data/raw/fashionpedia/images/test/32227cade6d3646824f9c0f3fa9dc9e7.jpg,6,9,89.93245009332895,preprocess+forward+postprocess
21,2,Fashionpedia,../fashion_data/raw/fashionpedia/images/test/32227cade6d3646824f9c0f3fa9dc9e7.jpg,6,9,33.80229277536273,preprocess+forward+postprocess
21,3,Fashionpedia,../fashion_data/raw/fashionpedia/images/test/32227cade6d3646824f9c0f3fa9dc9e7.jpg,6,9,33.16287603229284,preprocess+forward+postprocess
21,4,Fashionpedia,../fashion_data/raw/fashionpedia/images/test/32227cade6d3646824f9c0f3fa9dc9e7.jpg,6,9,36.83592891320586,preprocess+forward+postprocess
21,5,Fashionpedia,../fashion_data/raw/fashionpedia/images/test/32227cade6d3646824f9c0f3fa9dc9e7.jpg,6,9,33.16264599561691,preprocess+forward+postprocess
22,1,Fashionpedia,../fashion_data/raw/fashionpedia/images/test/33846044d27032d3988b9b4b7e22e252.jpg,4,4,27.936892118304968,preprocess+forward+postprocess
22,2,Fashionpedia,../fashion_data/raw/fashionpedia/images/test/33846044d27032d3988b9b4b7e22e252.jpg,4,4,27.119488921016455,preprocess+forward+postprocess
22,3,Fashionpedia,../fashion_data/raw/fashionpedia/images/test/33846044d27032d3988b9b4b7e22e252.jpg,4,4,28.112392872571945,preprocess+forward+postprocess
22,4,Fashionpedia,../fashion_data/raw/fashionpedia/images/test/33846044d27032d3988b9b4b7e22e252.jpg,4,4,27.044277172535658,preprocess+forward+postprocess
22,5,Fashionpedia,../fashion_data/raw/fashionpedia/images/test/33846044d27032d3988b9b4b7e22e252.jpg,4,4,27.474720031023026,preprocess+forward+postprocess
23,1,Fashionpedia,../fashion_data/raw/fashionpedia/images/test/33cfdcbd48019b09e36a78c428bbae1d.jpg,5,5,31.510616652667522,preprocess+forward+postprocess
23,2,Fashionpedia,../fashion_data/raw/fashionpedia/images/test/33cfdcbd48019b09e36a78c428bbae1d.jpg,5,5,28.473644983023405,preprocess+forward+postprocess
23,3,Fashionpedia,../fashion_data/raw/fashionpedia/images/test/33cfdcbd48019b09e36a78c428bbae1d.jpg,5,5,29.493900947272778,preprocess+forward+postprocess
23,4,Fashionpedia,../fashion_data/raw/fashionpedia/images/test/33cfdcbd48019b09e36a78c428bbae1d.jpg,5,5,44.05554570257664,preprocess+forward+postprocess
23,5,Fashionpedia,../fashion_data/raw/fashionpedia/images/test/33cfdcbd48019b09e36a78c428bbae1d.jpg,5,5,28.57939386740327,preprocess+forward+postprocess
24,1,Fashionpedia,../fashion_data/raw/fashionpedia/images/test/3bf082a96a03a1c8f75e1d1d0ebf42d2.jpg,8,10,59.611008036881685,preprocess+forward+postprocess
24,2,Fashionpedia,../fashion_data/raw/fashionpedia/images/test/3bf082a96a03a1c8f75e1d1d0ebf42d2.jpg,8,10,46.69506894424558,preprocess+forward+postprocess
24,3,Fashionpedia,../fashion_data/raw/fashionpedia/images/test/3bf082a96a03a1c8f75e1d1d0ebf42d2.jpg,8,10,36.52553306892514,preprocess+forward+postprocess
24,4,Fashionpedia,../fashion_data/raw/fashionpedia/images/test/3bf082a96a03a1c8f75e1d1d0ebf42d2.jpg,8,10,36.57703986391425,preprocess+forward+postprocess
24,5,Fashionpedia,../fashion_data/raw/fashionpedia/images/test/3bf082a96a03a1c8f75e1d1d0ebf42d2.jpg,8,10,36.06650698930025,preprocess+forward+postprocess
25,1,Fashionpedia,../fashion_data/raw/fashionpedia/images/test/4f23f05daee3cbdd96295f84825e3581.jpg,4,9,42.287709191441536,preprocess+forward+postprocess
25,2,Fashionpedia,../fashion_data/raw/fashionpedia/images/test/4f23f05daee3cbdd96295f84825e3581.jpg,4,9,36.31151933223009,preprocess+forward+postprocess
25,3,Fashionpedia,../fashion_data/raw/fashionpedia/images/test/4f23f05daee3cbdd96295f84825e3581.jpg,4,9,35.65590176731348,preprocess+forward+postprocess
25,4,Fashionpedia,../fashion_data/raw/fashionpedia/images/test/4f23f05daee3cbdd96295f84825e3581.jpg,4,9,36.215358413755894,preprocess+forward+postprocess
25,5,Fashionpedia,../fashion_data/raw/fashionpedia/images/test/4f23f05daee3cbdd96295f84825e3581.jpg,4,9,36.0125252045691,preprocess+forward+postprocess
26,1,Fashionpedia,../fashion_data/raw/fashionpedia/images/test/77435fc234059dcb9e0bb3d73382bcc7.jpg,9,5,36.10222367569804,preprocess+forward+postprocess
26,2,Fashionpedia,../fashion_data/raw/fashionpedia/images/test/77435fc234059dcb9e0bb3d73382bcc7.jpg,9,5,45.21978506818414,preprocess+forward+postprocess
26,3,Fashionpedia,../fashion_data/raw/fashionpedia/images/test/77435fc234059dcb9e0bb3d73382bcc7.jpg,9,5,45.3963172622025,preprocess+forward+postprocess
26,4,Fashionpedia,../fashion_data/raw/fashionpedia/images/test/77435fc234059dcb9e0bb3d73382bcc7.jpg,9,5,30.500169843435287,preprocess+forward+postprocess
26,5,Fashionpedia,../fashion_data/raw/fashionpedia/images/test/77435fc234059dcb9e0bb3d73382bcc7.jpg,9,5,31.61628730595112,preprocess+forward+postprocess
27,1,Fashionpedia,../fashion_data/raw/fashionpedia/images/test/89144779b3e40421facdb2eb70309356.jpg,3,7,39.99778814613819,preprocess+forward+postprocess
27,2,Fashionpedia,../fashion_data/raw/fashionpedia/images/test/89144779b3e40421facdb2eb70309356.jpg,3,7,31.86985617503524,preprocess+forward+postprocess
27,3,Fashionpedia,../fashion_data/raw/fashionpedia/images/test/89144779b3e40421facdb2eb70309356.jpg,3,7,31.756240874528885,preprocess+forward+postprocess
27,4,Fashionpedia,../fashion_data/raw/fashionpedia/images/test/89144779b3e40421facdb2eb70309356.jpg,3,7,32.44042210280895,preprocess+forward+postprocess
27,5,Fashionpedia,../fashion_data/raw/fashionpedia/images/test/89144779b3e40421facdb2eb70309356.jpg,3,7,32.01660281047225,preprocess+forward+postprocess
28,1,Fashionpedia,../fashion_data/raw/fashionpedia/images/test/89f6e3ad94e5493906b4f3d0e16bdae1.jpg,2,5,27.407151646912098,preprocess+forward+postprocess
28,2,Fashionpedia,../fashion_data/raw/fashionpedia/images/test/89f6e3ad94e5493906b4f3d0e16bdae1.jpg,2,5,27.504655998200178,preprocess+forward+postprocess
28,3,Fashionpedia,../fashion_data/raw/fashionpedia/images/test/89f6e3ad94e5493906b4f3d0e16bdae1.jpg,2,5,41.205336805433035,preprocess+forward+postprocess
28,4,Fashionpedia,../fashion_data/raw/fashionpedia/images/test/89f6e3ad94e5493906b4f3d0e16bdae1.jpg,2,5,27.162370271980762,preprocess+forward+postprocess
28,5,Fashionpedia,../fashion_data/raw/fashionpedia/images/test/89f6e3ad94e5493906b4f3d0e16bdae1.jpg,2,5,27.05528773367405,preprocess+forward+postprocess
29,1,Fashionpedia,../fashion_data/raw/fashionpedia/images/test/cdd175f26ac87c01ec64fb2f02268654.jpg,4,5,29.058600310236216,preprocess+forward+postprocess
29,2,Fashionpedia,../fashion_data/raw/fashionpedia/images/test/cdd175f26ac87c01ec64fb2f02268654.jpg,4,5,27.510646730661392,preprocess+forward+postprocess
29,3,Fashionpedia,../fashion_data/raw/fashionpedia/images/test/cdd175f26ac87c01ec64fb2f02268654.jpg,4,5,27.060308028012514,preprocess+forward+postprocess
29,4,Fashionpedia,../fashion_data/raw/fashionpedia/images/test/cdd175f26ac87c01ec64fb2f02268654.jpg,4,5,27.580630034208298,preprocess+forward+postprocess
29,5,Fashionpedia,../fashion_data/raw/fashionpedia/images/test/cdd175f26ac87c01ec64fb2f02268654.jpg,4,5,26.96079993620515,preprocess+forward+postprocess
30,1,Fashionpedia,../fashion_data/raw/fashionpedia/images/test/dd4525a10b6110df29f0a6b19e6b924b.jpg,4,5,89.83147097751498,preprocess+forward+postprocess
30,2,Fashionpedia,../fashion_data/raw/fashionpedia/images/test/dd4525a10b6110df29f0a6b19e6b924b.jpg,4,5,28.952790424227715,preprocess+forward+postprocess
30,3,Fashionpedia,../fashion_data/raw/fashionpedia/images/test/dd4525a10b6110df29f0a6b19e6b924b.jpg,4,5,28.528529219329357,preprocess+forward+postprocess
30,4,Fashionpedia,../fashion_data/raw/fashionpedia/images/test/dd4525a10b6110df29f0a6b19e6b924b.jpg,4,5,28.540661092847586,preprocess+forward+postprocess
30,5,Fashionpedia,../fashion_data/raw/fashionpedia/images/test/dd4525a10b6110df29f0a6b19e6b924b.jpg,4,5,28.231298085302114,preprocess+forward+postprocess
31,1,Fashionpedia,../fashion_data/raw/fashionpedia/images/test/fac6412c2873388612c4ec4cda414ac6.jpg,4,9,32.832212280482054,preprocess+forward+postprocess
31,2,Fashionpedia,../fashion_data/raw/fashionpedia/images/test/fac6412c2873388612c4ec4cda414ac6.jpg,4,9,44.60095567628741,preprocess+forward+postprocess
31,3,Fashionpedia,../fashion_data/raw/fashionpedia/images/test/fac6412c2873388612c4ec4cda414ac6.jpg,4,9,33.090961165726185,preprocess+forward+postprocess
31,4,Fashionpedia,../fashion_data/raw/fashionpedia/images/test/fac6412c2873388612c4ec4cda414ac6.jpg,4,9,33.05384097620845,preprocess+forward+postprocess
31,5,Fashionpedia,../fashion_data/raw/fashionpedia/images/test/fac6412c2873388612c4ec4cda414ac6.jpg,4,9,32.74937579408288,preprocess+forward+postprocess
