source_image,garment_id,garment_category,sleeve_length_label,sleeve_length_confidence,sleeve_length_top2_label,sleeve_length_margin,sleeve_length_entropy,neckline_label,neckline_confidence,neckline_top2_label,neckline_margin,neckline_entropy,silhouette_fit_label,silhouette_fit_confidence,silhouette_fit_top2_label,silhouette_fit_margin,silhouette_fit_entropy,fashion_style_label,fashion_style_confidence,fashion_style_top2_label,fashion_style_margin,fashion_style_entropy,sleeve_length_ratio,neckline_depth_score,neckline_width_score,collar_height_score,upper_geometry_quality,upper_geometry_valid_for_downstream,trouser_geometry_quality,trouser_geometry_valid_for_downstream
../fashion_data/raw/train/train/image/002278.jpg,item1_sling_dress,dress,sleeveless,0.5295102000236511,cap,0.35915741324424744,0.773787317855833,other,0.22851891815662384,shirt_collar,0.10402246564626694,0.9095268835968177,straight,0.4754776060581207,a_line,0.19032937288284302,0.8518654981495689,romantic,0.33321812748908997,formal,0.17230090498924255,0.8929597780048822,,,,,,,,
../fashion_data/raw/train/train/image/004648.jpg,item1_vest_dress,dress,cap,0.47050270438194275,sleeveless,0.14087972044944763,0.6899416651552532,halter,0.20475293695926666,v_neck,0.04398900270462036,0.8431549058530681,fitted,0.628696084022522,flared,0.43113844096660614,0.7383824880037684,vintage,0.47229164838790894,romantic,0.08290714025497437,0.5453072255723166,,,,,,,,
../fashion_data/raw/train/train/image/006491.jpg,item1_sling_dress,dress,short,0.24150843918323517,sleeveless,0.044663622975349426,0.9739563381022022,halter,0.18417039513587952,one_shoulder,0.06803441792726517,0.9071616311449628,flared,0.5836844444274902,fitted,0.3440457731485367,0.7821540504488381,vintage,0.6619167923927307,romantic,0.5322224050760269,0.5582460536722286,,,,,,,,
../fashion_data/raw/train/train/image/007984.jpg,item1_short_sleeve_dress,dress,sleeveless,0.6535271406173706,short,0.5004498064517975,0.6188230463051337,crew,0.2290114462375641,boat,0.04093262553215027,0.8317305766046912,fitted,0.43331143260002136,flared,0.14126408100128174,0.9127257727323199,formal,0.267694354057312,vintage,0.06589919328689575,0.8933784411046326,,,,,,,,
../fashion_data/raw/train/train/image/011261.jpg,item1_trousers,pants,,,,,,,,,,,straight,0.5100144743919373,flared,0.23501503467559814,0.7828646827622032,formal,0.48342692852020264,vintage,0.22722238302230835,0.712639293573144,,,,,,,,
../fashion_data/raw/train/train/image/011261.jpg,item2_long_sleeve_top,top,three_quarter,0.3410229980945587,elbow,0.007119268178939819,0.7755264635851423,other,0.22684550285339355,halter,0.11078199744224548,0.892963160074688,slim_fitted,0.750410795211792,loose_oversized,0.599867045879364,0.664050708247269,formal,0.2364606261253357,casual,0.029281198978424072,0.9214543222202346,,,,,,,,
../fashion_data/raw/train/train/image/012116.jpg,item1_short_sleeve_top,top,short,0.4089881181716919,cap,0.14972013235092163,0.8398392609649495,shirt_collar,0.3515210449695587,other,0.22511519491672516,0.7907239235488769,slim_fitted,0.9423035979270935,regular_straight,0.89318061247468,0.22285335208929968,streetwear,0.36771664023399353,casual,0.1804804801940918,0.847903648476743,,,,,,,,
../fashion_data/raw/train/train/image/012116.jpg,item2_trousers,pants,,,,,,,,,,,straight,0.7006452679634094,flared,0.551003634929657,0.6527335800302319,sporty,0.4692758619785309,casual,0.15331688523292542,0.6725970315931585,,,,,,,,
../fashion_data/raw/train/train/image/012707.jpg,item1_long_sleeve_top,top,short,0.3276946246623993,cap,0.027270078659057617,0.883657416847133,v_neck,0.19582444429397583,other,0.015570059418678284,0.8815128122362598,slim_fitted,0.8783816695213318,regular_straight,0.8023831024765968,0.41015539441945015,formal,0.7748429179191589,romantic,0.7220670059323311,0.458765097037749,,,,,,,,
../fashion_data/raw/train/train/image/012707.jpg,item2_trousers,pants,,,,,,,,,,,straight,0.7551284432411194,flared,0.6440825685858727,0.5782632863888016,casual,0.3171713352203369,formal,0.12565790116786957,0.8519959756540235,,,,,,,,
../fashion_data/raw/train/train/image/013010.jpg,item1_short_sleeve_top,top,short,0.43210500478744507,cap,0.13707450032234192,0.7862996530349664,shirt_collar,0.4247191250324249,polo,0.26685458421707153,0.7238869086791229,slim_fitted,0.8110744953155518,regular_straight,0.67350634932518,0.5417722195054281,formal,0.44469889998435974,casual,0.28021034598350525,0.8140496662401032,,,,,,,,
../fashion_data/raw/train/train/image/013010.jpg,item2_trousers,pants,,,,,,,,,,,straight,0.5128567814826965,slim_tapered,0.3070100396871567,0.8794571047841164,formal,0.4622931480407715,sporty,0.2880384773015976,0.7692055339929276,,,,,,,,
../fashion_data/raw/train/train/image/014031.jpg,item1_short_sleeve_top,top,long,0.3287903070449829,cap,0.08404971659183502,0.8595414401526345,crew,0.3904530107975006,shirt_collar,0.2873043864965439,0.799101728860756,slim_fitted,0.6334109902381897,loose_oversized,0.35301125049591064,0.7801162445518776,vintage,0.40707510709762573,casual,0.15496256947517395,0.7966915719436205,,,,,,,,
../fashion_data/raw/train/train/image/014031.jpg,item2_skirt,skirt,,,,,,,,,,,straight,0.4801071584224701,flared,0.10625994205474854,0.9112185200948725,formal,0.3921765685081482,romantic,0.0786348283290863,0.6984615024564164,,,,,,,,
../fashion_data/raw/train/train/image/015031.jpg,item1_short_sleeve_dress,dress,cap,0.3148916959762573,short,0.08831244707107544,0.9096879175472399,shirt_collar,0.5354004502296448,polo,0.38350909948349,0.6244277313975997,a_line,0.5145773887634277,fitted,0.3058655560016632,0.8661461635552877,formal,0.21001258492469788,vintage,0.0014307349920272827,0.8717205512263785,,,,,,,,
../fashion_data/raw/train/train/image/019779.jpg,item1_short_sleeve_dress,dress,cap,0.542464554309845,elbow,0.30451957881450653,0.7196620955146265,hooded,0.4351421594619751,turtleneck,0.17505702376365662,0.6694688920732502,a_line,0.8483800292015076,straight,0.7739869430661201,0.40945126468163706,minimalist,0.7314049005508423,streetwear,0.6268360763788223,0.4761323064147274,,,,,,,,
../fashion_data/raw/train/train/image/019817.jpg,item1_short_sleeve_top,top,short,0.5039798617362976,three_quarter,0.29759854078292847,0.7814330389316082,crew,0.29485753178596497,other,0.06398288905620575,0.7916334900927551,slim_fitted,0.8434622287750244,regular_straight,0.7612278684973717,0.4935196362293206,casual,0.2991863787174225,formal,0.06774379312992096,0.8600752046436058,,,,,,,,
../fashion_data/raw/train/train/image/024726.jpg,item1_vest_dress,dress,long,0.2766379714012146,short,0.007899433374404907,0.9406106471596486,other,0.13593317568302155,shirt_collar,0.009654149413108826,0.9523641432158624,a_line,0.3815913498401642,fitted,0.14850401878356934,0.9668463911930592,casual,0.2966354787349701,formal,0.007670730352401733,0.8686220544608838,,,,,,,,
../fashion_data/raw/train/train/image/028454.jpg,item1_short_sleeve_dress,dress,long,0.5368085503578186,cap,0.3949626386165619,0.7508459631143167,shirt_collar,0.37320998311042786,crew,0.20919910073280334,0.780342957830024,a_line,0.6547030806541443,fitted,0.48507872223854065,0.7195502157516399,vintage,0.6244217753410339,casual,0.4639042913913727,0.6091505678980581,,,,,,,,
../fashion_data/raw/train/train/image/028454.jpg,item2_trousers,pants,,,,,,,,,,,straight,0.37262430787086487,flared,0.06902924180030823,0.8889760865353966,casual,0.4991479814052582,vintage,0.3111739456653595,0.6860322589510109,,,,,,,,
../fashion_data/raw/train/train/image/030559.jpg,item1_long_sleeve_dress,dress,long,0.38952144980430603,short,0.16853557527065277,0.8918109099277317,hooded,0.19184601306915283,turtleneck,0.04440033435821533,0.9001159234383165,a_line,0.5479173064231873,fitted,0.3662356585264206,0.8406078577893912,sporty,0.31394708156585693,streetwear,0.00650361180305481,0.7580443185723336,,,,,,,,
../fashion_data/raw/train/train/image/030559.jpg,item2_long_sleeve_dress,dress,cap,0.23752041161060333,long,0.004864022135734558,0.9624788412043876,hooded,0.20350806415081024,other,0.06697377562522888,0.9147991714329506,a_line,0.6560069918632507,fitted,0.4702606350183487,0.7132378075300342,sporty,0.5552945137023926,streetwear,0.4090653955936432,0.6938856173924599,,,,,,,,
../fashion_data/raw/train/train/image/030847.jpg,item1_sling_dress,dress,sleeveless,0.3258010447025299,cap,0.0753423273563385,0.8536017318844702,other,0.23655472695827484,shirt_collar,0.07595588266849518,0.8538236118820374,a_line,0.8991901874542236,straight,0.8330211266875267,0.2995596822424791,streetwear,0.3881552517414093,formal,0.12237828969955444,0.7613364104751494,,,,,,,,
../fashion_data/raw/train/train/image/032014.jpg,item1_skirt,skirt,,,,,,,,,,,flared,0.7371412515640259,straight,0.5227759331464767,0.638719885643532,formal,0.6427814960479736,romantic,0.5527777746319771,0.617146213319321,,,,,,,,
../fashion_data/raw/train/train/image/033528.jpg,item1_trousers,pants,,,,,,,,,,,straight,0.5485161542892456,flared,0.3096105307340622,0.7841174043910879,casual,0.2599179446697235,streetwear,0.008910536766052246,0.8625962409950534,,,,,,,,
../fashion_data/raw/train/train/image/033528.jpg,item2_short_sleeve_top,top,long,0.3187943994998932,short,0.04143881797790527,0.8532799167393795,off_shoulder,0.2997187376022339,halter,0.14254677295684814,0.832257633737884,slim_fitted,0.7248975038528442,loose_oversized,0.5425652116537094,0.6955198833703131,romantic,0.31139081716537476,vintage,0.07649487257003784,0.8263850072181376,,,,,,,,
../fashion_data/raw/train/train/image/033828.jpg,item1_shorts,pants,,,,,,,,,,,flared,0.5132898688316345,straight,0.24544137716293335,0.8297175723714564,sporty,0.4614531993865967,formal,0.31578002870082855,0.7756891079478045,,,,,,,,
../fashion_data/raw/train/train/image/033828.jpg,item2_long_sleeve_outwear,outerwear,elbow,0.3744451701641083,long,0.15099571645259857,0.8676566773497462,hooded,0.2469477653503418,off_shoulder,0.08658064901828766,0.864043677917274,slim_fitted,0.7128002047538757,loose_oversized,0.5304297506809235,0.7173580191985249,formal,0.2545960247516632,streetwear,0.04262480139732361,0.9126288605085587,,,,,,,,
../fashion_data/raw/train/train/image/039388.jpg,item1_trousers,pants,,,,,,,,,,,straight,0.7736030220985413,flared,0.655722551047802,0.518871141705141,formal,0.33281299471855164,vintage,0.01397639513015747,0.7676210005029782,,,,,,,,
../fashion_data/raw/train/train/image/039388.jpg,item2_short_sleeve_top,top,cap,0.3985966444015503,elbow,0.21174001693725586,0.8844909293833528,other,0.28184112906455994,v_neck,0.1470605880022049,0.8874174060160362,slim_fitted,0.9324737787246704,regular_straight,0.8803736716508865,0.25803512098229076,formal,0.752061665058136,elegant,0.6652982756495476,0.47800622937852855,,,,,,,,
../fashion_data/raw/train/train/image/041727.jpg,item1_short_sleeve_top,top,short,0.32910382747650146,long,0.049532681703567505,0.8689550487693127,crew,0.2803088128566742,shirt_collar,0.05762451887130737,0.754236826064238,slim_fitted,0.7676855325698853,regular_straight,0.6241234838962555,0.6340352820702637,streetwear,0.5026814341545105,sporty,0.23574292659759521,0.6425379612029072,,,,,,,,
../fashion_data/raw/train/train/image/041727.jpg,item2_trousers,pants,,,,,,,,,,,straight,0.6054911017417908,flared,0.4177089333534241,0.7403714673609967,streetwear,0.32176849246025085,casual,0.10071408748626709,0.8242169939213609,,,,,,,,
../fashion_data/raw/train/train/image/043479.jpg,item1_vest_dress,dress,sleeveless,0.4477759599685669,short,0.2243560403585434,0.7910635417746654,other,0.13982905447483063,square,0.010973915457725525,0.9208648455809965,flared,0.5373502969741821,fitted,0.25407421588897705,0.8049545643956495,sporty,0.2507956027984619,vintage,0.05901966989040375,0.9308199814382706,,,,,,,,
../fashion_data/raw/train/train/image/043667.jpg,item1_long_sleeve_outwear,outerwear,elbow,0.30297529697418213,long,0.09221631288528442,0.950014608640491,hooded,0.5243094563484192,turtleneck,0.443586528301239,0.6944032386922969,slim_fitted,0.733228862285614,loose_oversized,0.5190650522708893,0.6485198191525469,formal,0.3696962594985962,streetwear,0.15780049562454224,0.8483673137034692,,,,,,,,
../fashion_data/raw/train/train/image/043667.jpg,item2_shorts,pants,,,,,,,,,,,flared,0.6576210856437683,straight,0.38642945885658264,0.6025725181403071,sporty,0.25970348715782166,casual,0.028767317533493042,0.7970208040649222,,,,,,,,
../fashion_data/raw/train/train/image/045372.jpg,item1_long_sleeve_outwear,outerwear,long,0.33610445261001587,cap,0.11839807033538818,0.8693096641762453,shirt_collar,0.19061389565467834,crew,0.037822186946868896,0.8709190903383413,slim_fitted,0.6415420174598694,loose_oversized,0.35127729177474976,0.7527143654630822,casual,0.33278438448905945,formal,0.07390215992927551,0.7847275988363492,,,,,,,,
../fashion_data/raw/train/train/image/045372.jpg,item2_trousers,pants,,,,,,,,,,,straight,0.4983592927455902,flared,0.2592165172100067,0.8567580606013141,formal,0.23841294646263123,casual,0.04823094606399536,0.8903770572093251,,,,,,,,
../fashion_data/raw/train/train/image/047774.jpg,item1_long_sleeve_dress,dress,short,0.5204370617866516,three_quarter,0.3510887175798416,0.7838653812697037,mock_neck,0.2695790231227875,boat,0.15003525465726852,0.8753823626400653,flared,0.3007449507713318,fitted,0.02530437707901001,0.9881206451047886,sporty,0.4741135537624359,vintage,0.23987767100334167,0.6975903530022459,,,,,,,,
../fashion_data/raw/train/train/image/049798.jpg,item1_skirt,skirt,,,,,,,,,,,flared,0.8628849983215332,straight,0.7636749446392059,0.43739727702972836,formal,0.7122319340705872,sporty,0.6356359049677849,0.5212298837617245,,,,,,,,
../fashion_data/raw/train/train/image/049798.jpg,item2_trousers,pants,,,,,,,,,,,straight,0.5831810235977173,flared,0.38682566583156586,0.785350863963076,sporty,0.3370808959007263,formal,0.02352273464202881,0.79175807762097,,,,,,,,
../fashion_data/raw/train/train/image/051719.jpg,item1_trousers,pants,,,,,,,,,,,straight,0.42792412638664246,slim_tapered,0.079764723777771,0.8316493674972729,casual,0.5304281711578369,romantic,0.4103422984480858,0.7105138746462312,,,,,,,,
../fashion_data/raw/train/train/image/056556.jpg,item1_long_sleeve_outwear,outerwear,long,0.40516597032546997,elbow,0.18190744519233704,0.8576736881228373,hooded,0.19920241832733154,other,0.06828714907169342,0.9082141192494703,slim_fitted,0.5650084614753723,loose_oversized,0.2155231237411499,0.8194494446229155,casual,0.4552760720252991,streetwear,0.06491336226463318,0.6133014265041823,,,,,,,,
../fashion_data/raw/train/train/image/058225.jpg,item1_trousers,pants,,,,,,,,,,,straight,0.6839198470115662,flared,0.5485896319150925,0.6798304785695726,formal,0.6333587765693665,streetwear,0.5545279234647751,0.6449039838583771,,,,,,,,
../fashion_data/raw/train/train/image/063238.jpg,item1_trousers,pants,,,,,,,,,,,straight,0.43927624821662903,flared,0.041551053524017334,0.7804638049561584,casual,0.307427316904068,streetwear,0.04126709699630737,0.8234771818848995,,,,,,,,
../fashion_data/raw/train/train/image/063238.jpg,item2_long_sleeve_top,top,short,0.4062022566795349,three_quarter,0.18755686283111572,0.8383218662959229,square,0.20859357714653015,other,0.03736880421638489,0.8601401666709602,slim_fitted,0.7633136510848999,regular_straight,0.6242201030254364,0.6441138123636752,formal,0.32783442735671997,casual,0.14512574672698975,0.8746500463736253,,,,,,,,
../fashion_data/raw/train/train/image/063723.jpg,item1_vest_dress,dress,sleeveless,0.3523617684841156,cap,0.02813825011253357,0.7617032489758412,halter,0.2589552402496338,mock_neck,0.03444342315196991,0.8233412074750114,flared,0.509270191192627,straight,0.25446420907974243,0.8617301650290834,romantic,0.3800758421421051,vintage,0.0726495087146759,0.5950980948062592,,,,,,,,
../fashion_data/raw/train/train/image/065162.jpg,item1_trousers,pants,,,,,,,,,,,straight,0.7219462990760803,slim_tapered,0.5803651809692383,0.6333630880722283,casual,0.2194572389125824,streetwear,0.03524833917617798,0.9528569210790263,,,,,,,,
../fashion_data/raw/train/train/image/068031.jpg,item1_long_sleeve_top,top,elbow,0.30873849987983704,three_quarter,0.06841237843036652,0.9270587499292352,crew,0.1386539489030838,other,0.020824454724788666,0.9620022239833533,slim_fitted,0.8089078068733215,loose_oversized,0.6874687746167183,0.5581151354885758,formal,0.429617702960968,streetwear,0.1479003131389618,0.7416928960589012,,,,,,,,
../fashion_data/raw/train/train/image/068031.jpg,item2_trousers,pants,,,,,,,,,,,flared,0.337104856967926,straight,0.0171126127243042,0.9304892588006614,formal,0.4004146158695221,elegant,0.19712597131729126,0.8385085228978593,,,,,,,,
../fashion_data/raw/train/train/image/070475.jpg,item1_shorts,pants,,,,,,,,,,,flared,0.46308428049087524,straight,0.06624850630760193,0.7791366148394501,formal,0.640612006187439,streetwear,0.5608803555369377,0.6324163809067789,,,,,,,,
../fashion_data/raw/train/train/image/070475.jpg,item2_short_sleeve_top,top,cap,0.2940812110900879,long,0.04300084710121155,0.9324183659397925,other,0.24710264801979065,crew,0.1011185497045517,0.8851329196041324,slim_fitted,0.962007462978363,regular_straight,0.9346570167690516,0.16752302700012908,formal,0.4616307318210602,elegant,0.323989599943161,0.7965953763142378,,,,,,,,
../fashion_data/raw/train/train/image/073497.jpg,item1_trousers,pants,,,,,,,,,,,straight,0.6958273649215698,flared,0.523191511631012,0.6199798281387117,casual,0.639312207698822,formal,0.5141083002090454,0.5814664059335712,,,,,,,,
../fashion_data/raw/train/train/image/073497.jpg,item2_short_sleeve_top,top,short,0.3205910325050354,long,0.066019207239151,0.9211747289210339,other,0.22210276126861572,crew,0.011383667588233948,0.891264182281266,slim_fitted,0.7929457426071167,regular_straight,0.6145306527614594,0.539992238336492,sporty,0.27260056138038635,formal,0.028988972306251526,0.8508506858543778,,,,,,,,
../fashion_data/raw/train/train/image/078693.jpg,item1_short_sleeve_top,top,cap,0.3123267590999603,short,0.1007038801908493,0.9022592902937576,other,0.21180805563926697,square,0.05638924241065979,0.9130123808981053,slim_fitted,0.9021701216697693,regular_straight,0.8142067641019821,0.3206539123072307,formal,0.43465951085090637,romantic,0.3121243268251419,0.8368160989582686,,,,,,,,
../fashion_data/raw/train/train/image/078693.jpg,item2_skirt,skirt,,,,,,,,,,,flared,0.607844889163971,straight,0.3937108814716339,0.8554959079463873,romantic,0.7229192852973938,formal,0.544402152299881,0.41752583580775837,,,,,,,,
../fashion_data/raw/train/train/image/079537.jpg,item1_shorts,pants,,,,,,,,,,,straight,0.6200085878372192,flared,0.2708793580532074,0.5655462872447276,formal,0.27612560987472534,vintage,0.0014010369777679443,0.8547608834043946,,,,,,,,
../fashion_data/raw/train/train/image/079537.jpg,item2_vest,top,cap,0.22856348752975464,short,0.016749411821365356,0.9742039700993135,boat,0.28329405188560486,other,0.1413133144378662,0.8746773311235352,slim_fitted,0.4795009195804596,loose_oversized,0.0972605049610138,0.9044164181967319,casual,0.437747597694397,vintage,0.2028183937072754,0.7887658661337085,,,,,,,,
../fashion_data/raw/train/train/image/085026.jpg,item1_vest_dress,dress,sleeveless,0.3000850975513458,cap,0.053036004304885864,0.9217542223908994,halter,0.3360731303691864,one_shoulder,0.21720978617668152,0.7902487229111337,fitted,0.5932139158248901,flared,0.2172580361366272,0.5800424469119775,romantic,0.6155144572257996,formal,0.465847983956337,0.5980439283053379,,,,,,,,
../fashion_data/raw/train/train/image/089313.jpg,item1_sling_dress,dress,cap,0.4584161341190338,elbow,0.22568081319332123,0.8213983283568559,other,0.17197634279727936,hooded,0.028268009424209595,0.9256004999973205,fitted,0.35656049847602844,a_line,0.11968785524368286,0.9765800932839415,romantic,0.22843655943870544,streetwear,0.04850153625011444,0.9527471961477758,,,,,,,,
../fashion_data/raw/train/train/image/092719.jpg,item1_long_sleeve_outwear,outerwear,elbow,0.3936333656311035,three_quarter,0.16782920062541962,0.8815498835928357,square,0.29480448365211487,other,0.09119172394275665,0.8165434894547919,slim_fitted,0.8156323432922363,regular_straight,0.6794704645872116,0.5314768340324191,sporty,0.3999168276786804,formal,0.14255091547966003,0.7922835419469061,,,,,,,,
../fashion_data/raw/train/train/image/095730.jpg,item1_shorts,pants,,,,,,,,,,,flared,0.5180273652076721,straight,0.1261889934539795,0.7019250037345922,vintage,0.47473251819610596,casual,0.1931133270263672,0.6926516418725193,,,,,,,,
../fashion_data/raw/train/train/image/096778.jpg,item1_short_sleeve_top,top,long,0.24480120837688446,short,0.029375940561294556,0.9648116517134454,crew,0.2222147285938263,other,0.027491480112075806,0.8748122122170999,loose_oversized,0.6477471590042114,slim_fitted,0.34960851073265076,0.7281244963714203,streetwear,0.4513354003429413,casual,0.19526079297065735,0.6806880700581,,,,,,,,
../fashion_data/raw/train/train/image/096778.jpg,item2_sling_dress,dress,sleeveless,0.47053566575050354,cap,0.12099793553352356,0.6662424447288646,boat,0.16531673073768616,square,0.012006446719169617,0.9214423137324137,flared,0.40561404824256897,fitted,0.10318353772163391,0.9299838877811011,vintage,0.5826653838157654,romantic,0.32704785466194153,0.5758884352905875,,,,,,,,
../fashion_data/raw/train/train/image/096870.jpg,item1_long_sleeve_top,top,elbow,0.39399632811546326,long,0.16387370228767395,0.84639379117973,other,0.2093687206506729,shirt_collar,0.06615199148654938,0.9087636716219784,slim_fitted,0.5224165320396423,loose_oversized,0.16454669833183289,0.8747877179942505,formal,0.40081655979156494,casual,0.20594826340675354,0.8210707433064768,,,,,,,,
../fashion_data/raw/train/train/image/096870.jpg,item2_trousers,pants,,,,,,,,,,,straight,0.7944384813308716,flared,0.6677766591310501,0.4961051102798276,streetwear,0.3829308748245239,sporty,0.08262914419174194,0.7349490550257184,,,,,,,,
../fashion_data/raw/train/train/image/098901.jpg,item1_trousers,pants,,,,,,,,,,,straight,0.6325414180755615,flared,0.3704774081707001,0.6810213724354721,sporty,0.24578121304512024,streetwear,0.059349849820137024,0.9165681804541217,,,,,,,,
../fashion_data/raw/train/train/image/098901.jpg,item2_long_sleeve_dress,dress,elbow,0.39169374108314514,cap,0.17455729842185974,0.8348065830612716,other,0.17279309034347534,shirt_collar,0.004629373550415039,0.9178970098109386,fitted,0.3754940629005432,a_line,0.051377832889556885,0.9002314911211131,formal,0.2100616693496704,vintage,0.0729026198387146,0.9761106953021866,,,,,,,,
../fashion_data/raw/train/train/image/100266.jpg,item1_short_sleeve_top,top,short,0.39361119270324707,cap,0.09346768260002136,0.8265014636181214,square,0.17411859333515167,boat,0.013156458735466003,0.8733020498862033,slim_fitted,0.7975026369094849,loose_oversized,0.6826316490769386,0.5847078631766912,romantic,0.6589344143867493,vintage,0.5182007104158401,0.5190876678625774,,,,,,,,
../fashion_data/raw/train/train/image/100266.jpg,item2_skirt,skirt,,,,,,,,,,,flared,0.5493689775466919,straight,0.13793259859085083,0.7476893149916466,formal,0.4969415068626404,vintage,0.1860654652118683,0.6019819297172443,,,,,,,,
../fashion_data/raw/train/train/image/100840.jpg,item1_short_sleeve_dress,dress,long,0.404792845249176,short,0.222259059548378,0.8959258458195469,crew,0.20411370694637299,off_shoulder,0.015678972005844116,0.8462253705061062,flared,0.7711923122406006,fitted,0.6253387480974197,0.53730983166077,vintage,0.27928319573402405,casual,0.01986721158027649,0.7942082571202621,,,,,,,,
../fashion_data/raw/train/train/image/100840.jpg,item2_short_sleeve_dress,dress,long,0.3697798252105713,short,0.12706358730793,0.8385760184262199,crew,0.5222334265708923,hooded,0.42535872012376785,0.6604374600286577,flared,0.4188230633735657,straight,0.15782079100608826,0.9386694416063001,formal,0.6451761722564697,streetwear,0.4349893629550934,0.5270106792776258,,,,,,,,
../fashion_data/raw/train/train/image/101034.jpg,item1_short_sleeve_top,top,short,0.41467827558517456,three_quarter,0.22582478821277618,0.8760518145500408,crew,0.19064553081989288,shirt_collar,0.03716948628425598,0.9076711618668016,slim_fitted,0.5486518740653992,regular_straight,0.2633676826953888,0.8968790595075216,streetwear,0.5999292731285095,vintage,0.4205394685268402,0.6165770654000656,,,,,,,,
../fashion_data/raw/train/train/image/101034.jpg,item2_sling_dress,dress,sleeveless,0.838783860206604,cap,0.7598654702305794,0.3457797282844722,halter,0.2555891275405884,round_scoop,0.1254512071609497,0.8841810728514209,straight,0.36792388558387756,fitted,0.015103787183761597,0.9042023125555592,casual,0.5010148286819458,vintage,0.19603070616722107,0.6389253509664333,,,,,,,,
../fashion_data/raw/train/train/image/106191.jpg,item1_short_sleeve_top,top,short,0.27353665232658386,long,0.011749356985092163,0.9388299189482882,square,0.16945946216583252,other,0.012942403554916382,0.9248063006044686,slim_fitted,0.8520084619522095,regular_straight,0.7354345396161079,0.45122186254718155,vintage,0.459362268447876,streetwear,0.3010605275630951,0.7442442013569006,,,,,,,,
../fashion_data/raw/train/train/image/106191.jpg,item2_skirt,skirt,,,,,,,,,,,flared,0.6829870343208313,a_line,0.42586150765419006,0.7083798241308874,formal,0.6468096971511841,elegant,0.5796652138233185,0.6324199352148967,,,,,,,,
../fashion_data/raw/train/train/image/106726.jpg,item1_short_sleeve_top,top,cap,0.30066248774528503,elbow,0.07473111152648926,0.9243169008607363,square,0.1786564141511917,other,0.032930538058280945,0.9178199478063769,slim_fitted,0.8827107548713684,regular_straight,0.8001036792993546,0.39386429147020674,vintage,0.3106173872947693,romantic,0.00767943263053894,0.8228518529663623,,,,,,,,
../fashion_data/raw/train/train/image/107966.jpg,item1_vest_dress,dress,short,0.3279666304588318,sleeveless,0.075501948595047,0.9099367471198343,crew,0.2762604355812073,other,0.05422389507293701,0.7766785827221334,flared,0.448617547750473,fitted,0.10419097542762756,0.8431286075030874,streetwear,0.7140033841133118,sporty,0.5896770879626274,0.5063079810422638,,,,,,,,
../fashion_data/raw/train/train/image/109289.jpg,item1_vest_dress,dress,sleeveless,0.3463996946811676,short,0.13373424112796783,0.9060432961604166,off_shoulder,0.18715868890285492,one_shoulder,0.008671075105667114,0.8637871960521498,fitted,0.481653094291687,flared,0.033708930015563965,0.6773083529946695,romantic,0.5389196872711182,vintage,0.4191744327545166,0.720491849428889,,,,,,,,
../fashion_data/raw/train/train/image/114238.jpg,item1_long_sleeve_outwear,outerwear,elbow,0.3641570508480072,three_quarter,0.17119354009628296,0.8772501884167707,other,0.15588589012622833,shirt_collar,0.016354158520698547,0.9373769836346563,slim_fitted,0.7041114568710327,loose_oversized,0.44797849655151367,0.6591002034392727,formal,0.3375622034072876,elegant,0.10681222379207611,0.7883513879451292,,,,,,,,
../fashion_data/raw/train/train/image/114238.jpg,item2_skirt,skirt,,,,,,,,,,,flared,0.6120175123214722,straight,0.31900274753570557,0.8044302838379167,vintage,0.3788526952266693,formal,0.0838475227355957,0.7450160021664226,,,,,,,,
../fashion_data/raw/train/train/image/114612.jpg,item1_long_sleeve_outwear,outerwear,elbow,0.3932495415210724,long,0.19420349597930908,0.9017547118235556,hooded,0.473259836435318,other,0.37557758390903473,0.7402409928324534,loose_oversized,0.5436235070228577,slim_fitted,0.10502314567565918,0.6958353189505434,formal,0.4743809401988983,casual,0.3219742327928543,0.7911003586365203,,,,,,,,
../fashion_data/raw/train/train/image/114803.jpg,item1_short_sleeve_top,top,short,0.3019641935825348,long,0.024867862462997437,0.8895264681617959,crew,0.21069000661373138,hooded,0.022175639867782593,0.8159612331600665,slim_fitted,0.6843467354774475,loose_oversized,0.4047735929489136,0.6696980034159288,casual,0.6822361946105957,streetwear,0.4809322655200958,0.4872135499026702,,,,,,,,
../fashion_data/raw/train/train/image/115186.jpg,item1_short_sleeve_top,top,short,0.3349481523036957,sleeveless,0.09085209667682648,0.8810138355002174,hooded,0.37182724475860596,turtleneck,0.2742844969034195,0.7988788543411148,slim_fitted,0.7542998790740967,loose_oversized,0.6232799589633942,0.6620392231875791,romantic,0.46908465027809143,formal,0.23861339688301086,0.7246982011036915,,,,,,,,
../fashion_data/raw/train/train/image/115186.jpg,item2_trousers,pants,,,,,,,,,,,straight,0.7033263444900513,flared,0.5404431372880936,0.6235777911860871,casual,0.27583467960357666,elegant,0.08951215445995331,0.9065470380260973,,,,,,,,
../fashion_data/raw/train/train/image/117170.jpg,item1_long_sleeve_outwear,outerwear,elbow,0.35663944482803345,three_quarter,0.121116504073143,0.862491068567447,hooded,0.18699491024017334,turtleneck,0.047652021050453186,0.8965313206047847,loose_oversized,0.5105345249176025,slim_fitted,0.05788421630859375,0.7496508316699481,formal,0.40800103545188904,romantic,0.23574167490005493,0.8061666694551555,,,,,,,,
../fashion_data/raw/train/train/image/117170.jpg,item2_trousers,pants,,,,,,,,,,,straight,0.371470183134079,wide_leg,0.01975587010383606,0.8986808955409341,sporty,0.2999815344810486,formal,0.10746899247169495,0.8791744512974234,,,,,,,,
../fashion_data/raw/train/train/image/117350.jpg,item1_trousers,pants,,,,,,,,,,,straight,0.5066245198249817,flared,0.09492078423500061,0.6931296389868172,casual,0.36916372179985046,formal,0.11583167314529419,0.8078007912761036,,,,,,,,
../fashion_data/raw/train/train/image/117350.jpg,item2_short_sleeve_top,top,short,0.5066624283790588,long,0.3209470510482788,0.7784092939007877,off_shoulder,0.29286232590675354,crew,0.011159747838973999,0.7677007236771952,slim_fitted,0.6731799244880676,loose_oversized,0.4620434194803238,0.7685091483765591,streetwear,0.42130762338638306,casual,0.2248263955116272,0.776608297889116,,,,,,,,
../fashion_data/raw/train/train/image/118838.jpg,item1_short_sleeve_top,top,short,0.5427950024604797,long,0.3612437844276428,0.7418476470623802,crew,0.22170864045619965,off_shoulder,0.04725417494773865,0.8640700578766316,slim_fitted,0.844697892665863,loose_oversized,0.7305325567722321,0.47476027970474255,streetwear,0.36603161692619324,casual,0.1581180989742279,0.7738795638229764,,,,,,,,
../fashion_data/raw/train/train/image/118838.jpg,item2_skirt,skirt,,,,,,,,,,,flared,0.5079639554023743,a_line,0.10738486051559448,0.8458750684948786,formal,0.5422996878623962,romantic,0.27489614486694336,0.5464631209687655,,,,,,,,
../fashion_data/raw/train/train/image/120729.jpg,item1_long_sleeve_top,top,long,0.6201745271682739,elbow,0.4347228854894638,0.591157123218946,turtleneck,0.1774226278066635,shirt_collar,0.004356086254119873,0.8629562273323851,slim_fitted,0.77997225522995,loose_oversized,0.6503697782754898,0.6152744064200842,vintage,0.46330997347831726,streetwear,0.23751115798950195,0.7069391005929471,,,,,,,,
../fashion_data/raw/train/train/image/120729.jpg,item2_sling_dress,dress,three_quarter,0.2973645329475403,elbow,0.05880202353000641,0.8921306625817126,turtleneck,0.2772742807865143,other,0.15612894296646118,0.8507269479542947,straight,0.3716602325439453,flared,0.0695602297782898,0.9343985964374238,formal,0.32349058985710144,vintage,0.06996753811836243,0.7833036971423057,,,,,,,,
../fashion_data/raw/train/train/image/124892.jpg,item1_short_sleeve_top,top,short,0.31450197100639343,cap,0.11591410636901855,0.9297429157786329,other,0.18076130747795105,crew,0.027665704488754272,0.8991866622672466,slim_fitted,0.9372735023498535,regular_straight,0.894630528986454,0.24916356310642185,formal,0.28197234869003296,casual,0.0020064115524291992,0.8444979906968074,,,,,,,,
../fashion_data/raw/train/train/image/124892.jpg,item2_shorts,pants,,,,,,,,,,,straight,0.4152768850326538,flared,0.11603233218193054,0.839551368365141,casual,0.4972032308578491,vintage,0.21128562092781067,0.6324251520219729,,,,,,,,
../fashion_data/raw/train/train/image/125082.jpg,item1_vest,top,sleeveless,0.9233624935150146,short,0.8698624297976494,0.1924629713056341,mock_neck,0.2417503297328949,halter,0.0695696622133255,0.863270166917206,slim_fitted,0.8957509398460388,regular_straight,0.8183963596820831,0.3584884407180174,streetwear,0.8339667320251465,sporty,0.7285223975777626,0.3195964493218128,,,,,,,,
../fashion_data/raw/train/train/image/125605.jpg,item1_sling_dress,dress,cap,0.5283262729644775,sleeveless,0.22834506630897522,0.6850755167756939,halter,0.16428035497665405,boat,0.025016099214553833,0.9290118262484964,straight,0.42587560415267944,a_line,0.14865896105766296,0.8967680185067125,romantic,0.6964654922485352,elegant,0.5914688482880592,0.516755239151576,,,,,,,,
../fashion_data/raw/train/train/image/125887.jpg,item1_long_sleeve_outwear,outerwear,cap,0.4147528111934662,elbow,0.22826598584651947,0.8769610404695795,hooded,0.1601419299840927,turtleneck,0.027800798416137695,0.9359286154551315,slim_fitted,0.8607131838798523,regular_straight,0.7662924826145172,0.447111135797079,streetwear,0.5063943266868591,elegant,0.36323222517967224,0.7240733308055567,,,,,,,,
../fashion_data/raw/train/train/image/127027.jpg,item1_long_sleeve_outwear,outerwear,cap,0.29069384932518005,short,0.025235503911972046,0.9265387360416958,shirt_collar,0.7051566243171692,polo,0.5576035380363464,0.4232781020529976,loose_oversized,0.962557315826416,slim_fitted,0.926372580230236,0.15040344448965226,casual,0.4701427221298218,vintage,0.14641043543815613,0.6553783005714251,,,,,,,,
../fashion_data/raw/train/train/image/129463.jpg,item1_short_sleeve_outwear,outerwear,long,0.4208119809627533,three_quarter,0.24496132135391235,0.8704596027678819,other,0.2052014321088791,hooded,0.06959640979766846,0.9187960063026085,loose_oversized,0.786158561706543,slim_fitted,0.6042959988117218,0.5545412297478624,romantic,0.3903310000896454,streetwear,0.23049718141555786,0.8499368847027935,,,,,,,,
../fashion_data/raw/train/train/image/129463.jpg,item2_skirt,skirt,,,,,,,,,,,flared,0.5325967669487,straight,0.2568536102771759,0.9169709062024565,casual,0.508293092250824,streetwear,0.3915540277957916,0.754061429688552,,,,,,,,
../fashion_data/raw/train/train/image/131316.jpg,item1_short_sleeve_top,top,long,0.2188822478055954,elbow,0.03483891487121582,0.9806925005985823,other,0.19825953245162964,hooded,0.07695768028497696,0.9041733780091008,slim_fitted,0.7483587861061096,loose_oversized,0.5920867323875427,0.6654866074674916,casual,0.3445384204387665,vintage,0.08432775735855103,0.7560750598924041,,,,,,,,
../fashion_data/raw/train/train/image/131316.jpg,item2_trousers,pants,,,,,,,,,,,flared,0.5306413769721985,straight,0.11579477787017822,0.6367490395067525,formal,0.3228117525577545,streetwear,0.03618454933166504,0.8041609504532431,,,,,,,,
../fashion_data/raw/train/train/image/132240.jpg,item1_long_sleeve_top,top,short,0.5056748986244202,cap,0.2890421897172928,0.7629958321139063,shirt_collar,0.6379597783088684,polo,0.4399264454841614,0.463775856783259,slim_fitted,0.9209443926811218,loose_oversized,0.8806598074734211,0.30150726013602835,formal,0.7045342326164246,casual,0.5939959287643433,0.521764979116109,,,,,,,,
../fashion_data/raw/train/train/image/132240.jpg,item2_shorts,pants,,,,,,,,,,,straight,0.5569272041320801,flared,0.22590920329093933,0.7314299173599884,formal,0.2524854838848114,casual,0.003844723105430603,0.8930799938778353,,,,,,,,
../fashion_data/raw/train/train/image/138773.jpg,item1_skirt,skirt,,,,,,,,,,,flared,0.7899488806724548,straight,0.6474976986646652,0.5880023040612357,vintage,0.610555112361908,formal,0.31383028626441956,0.4771119482578171,,,,,,,,
../fashion_data/raw/train/train/image/138773.jpg,item2_long_sleeve_top,top,elbow,0.3208214342594147,three_quarter,0.03911095857620239,0.8371108513546495,hooded,0.31895530223846436,other,0.202361099421978,0.837440573013042,slim_fitted,0.8237723112106323,regular_straight,0.7037829160690308,0.5242792711875468,formal,0.3064419627189636,vintage,0.010362625122070312,0.7591322234941414,,,,,,,,
../fashion_data/raw/train/train/image/139090.jpg,item1_vest_dress,dress,cap,0.27549293637275696,sleeveless,0.004915446043014526,0.933113026251947,halter,0.14459776878356934,other,0.011793717741966248,0.9261512268200739,fitted,0.40474799275398254,straight,0.13010865449905396,0.9069291834763143,vintage,0.4981997013092041,formal,0.2950137108564377,0.7236551836537589,,,,,,,,
../fashion_data/raw/train/train/image/139963.jpg,item1_long_sleeve_top,top,elbow,0.34220269322395325,cap,0.10248282551765442,0.9164962672324609,other,0.1642676591873169,square,0.046775877475738525,0.9441480506685384,loose_oversized,0.5758888721466064,slim_fitted,0.19118118286132812,0.7397751588988071,romantic,0.5086506009101868,formal,0.16459786891937256,0.5827364978101931,,,,,,,,
../fashion_data/raw/train/train/image/140224.jpg,item1_long_sleeve_outwear,outerwear,long,0.2800859212875366,elbow,0.03634263575077057,0.9507082709730762,shirt_collar,0.17005327343940735,hooded,0.03325073421001434,0.9127506591780403,loose_oversized,0.9195356965065002,slim_fitted,0.8471730798482895,0.27869756210400276,romantic,0.6598223447799683,formal,0.513253390789032,0.5546230098216023,,,,,,,,
../fashion_data/raw/train/train/image/140224.jpg,item2_skirt,skirt,,,,,,,,,,,flared,0.43604257702827454,a_line,0.15276551246643066,0.9792746959830523,formal,0.48297297954559326,casual,0.21159818768501282,0.6992122067274326,,,,,,,,
../fashion_data/raw/train/train/image/141698.jpg,item1_short_sleeve_dress,dress,sleeveless,0.2963523268699646,cap,0.03269466757774353,0.8991402049480901,other,0.25130343437194824,halter,0.06010289490222931,0.8197969876614551,a_line,0.49581244587898254,fitted,0.3045897036790848,0.8937760363296522,romantic,0.719007670879364,formal,0.6078724637627602,0.47397409612905,,,,,,,,
../fashion_data/raw/train/train/image/142658.jpg,item1_long_sleeve_top,top,elbow,0.3152875006198883,three_quarter,0.13382482528686523,0.9441519443950711,other,0.18247070908546448,square,0.03872920572757721,0.9150642358190987,slim_fitted,0.681139349937439,loose_oversized,0.5024761706590652,0.7688783501521812,formal,0.4732999801635742,casual,0.33811844885349274,0.8059633286342853,,,,,,,,
../fashion_data/raw/train/train/image/142658.jpg,item2_skirt,skirt,,,,,,,,,,,straight,0.4140852093696594,flared,0.04656210541725159,0.9696292249950068,romantic,0.5008751749992371,formal,0.18374499678611755,0.623849638429551,,,,,,,,
../fashion_data/raw/train/train/image/146128.jpg,item1_long_sleeve_outwear,outerwear,sleeveless,0.31959420442581177,elbow,0.1563885360956192,0.9574746389844183,other,0.16257332265377045,off_shoulder,0.024749070405960083,0.9221586380397647,loose_oversized,0.6397826075553894,slim_fitted,0.33651745319366455,0.7380068424443103,romantic,0.6187447309494019,streetwear,0.530831590294838,0.6467047568680113,,,,,,,,
../fashion_data/raw/train/train/image/147222.jpg,item1_short_sleeve_top,top,short,0.4136817157268524,cap,0.1924813836812973,0.8667205059818384,crew,0.3447974622249603,mock_neck,0.1595204621553421,0.7642546156302908,slim_fitted,0.674580991268158,regular_straight,0.369769811630249,0.6441710508461559,sporty,0.3133815824985504,casual,0.03758290410041809,0.8211426320545374,,,,,,,,
../fashion_data/raw/train/train/image/147222.jpg,item2_skirt,skirt,,,,,,,,,,,a_line,0.40549981594085693,flared,0.03354555368423462,0.9723881741050635,formal,0.30115559697151184,minimalist,0.12571842968463898,0.9061557201678341,,,,,,,,
../fashion_data/raw/train/train/image/150224.jpg,item1_short_sleeve_top,top,short,0.774901270866394,cap,0.6489445567131042,0.45587620230805886,other,0.23598016798496246,crew,0.06717279553413391,0.8448141330228006,slim_fitted,0.9404456615447998,regular_straight,0.8852802440524101,0.21973887333403339,casual,0.34409600496292114,minimalist,0.11368066072463989,0.8089326091014317,,,,,,,,
../fashion_data/raw/train/train/image/150224.jpg,item2_trousers,pants,,,,,,,,,,,straight,0.7632496953010559,flared,0.6034249067306519,0.5245779560173962,casual,0.30449745059013367,formal,0.08118590712547302,0.8415531317660835,,,,,,,,
../fashion_data/raw/train/train/image/151092.jpg,item1_long_sleeve_top,top,cap,0.3856952488422394,elbow,0.16812068223953247,0.843579488794505,shirt_collar,0.31484296917915344,square,0.15588368475437164,0.7899476119366853,slim_fitted,0.7518647909164429,regular_straight,0.5653789639472961,0.636610851018439,formal,0.4816782474517822,elegant,0.25511743128299713,0.6993937630791934,,,,,,,,
../fashion_data/raw/train/train/image/151092.jpg,item2_trousers,pants,,,,,,,,,,,flared,0.5264032483100891,straight,0.18420177698135376,0.765770811144996,casual,0.4684436023235321,formal,0.2938098758459091,0.7656137336572081,,,,,,,,
../fashion_data/raw/train/train/image/152326.jpg,item1_short_sleeve_top,top,short,0.35831478238105774,sleeveless,0.1996268332004547,0.9321710000705663,crew,0.7110263109207153,mock_neck,0.6043729186058044,0.4514834281188982,slim_fitted,0.8294095396995544,regular_straight,0.7389494255185127,0.5231623883436148,streetwear,0.6208516359329224,vintage,0.4711536020040512,0.599764156106818,,,,,,,,
../fashion_data/raw/train/train/image/152326.jpg,item2_trousers,pants,,,,,,,,,,,straight,0.5362008810043335,flared,0.21442100405693054,0.7173610055931445,casual,0.4429948329925537,streetwear,0.25835952162742615,0.7506427585547012,,,,,,,,
../fashion_data/raw/train/train/image/153938.jpg,item1_vest_dress,dress,sleeveless,0.507023274898529,cap,0.33480560779571533,0.7801027986977975,off_shoulder,0.17318646609783173,halter,0.03483600914478302,0.9192890947210121,straight,0.5220640301704407,fitted,0.2518245279788971,0.8238434189399118,vintage,0.48470959067344666,casual,0.32152825593948364,0.7577187554142503,,,,,,,,
../fashion_data/raw/train/train/image/153938.jpg,item2_short_sleeve_top,top,long,0.26945263147354126,short,0.025528863072395325,0.9598731165491314,mock_neck,0.20421406626701355,crew,0.0032480955123901367,0.8757973049459883,slim_fitted,0.6937302947044373,regular_straight,0.47067904472351074,0.7238572725571323,vintage,0.47673121094703674,streetwear,0.22555798292160034,0.6643517246903933,,,,,,,,
../fashion_data/raw/train/train/image/154649.jpg,item1_short_sleeve_top,top,short,0.3881734311580658,cap,0.16441349685192108,0.8736374358441914,v_neck,0.22304017841815948,other,0.0643991082906723,0.89573350751887,slim_fitted,0.8621746301651001,regular_straight,0.7862314134836197,0.4513066080539445,formal,0.2890322208404541,streetwear,0.01655125617980957,0.8503848995082911,,,,,,,,
../fashion_data/raw/train/train/image/154649.jpg,item2_skirt,skirt,,,,,,,,,,,flared,0.7560388445854187,straight,0.6048475205898285,0.6532245511400334,sporty,0.6790025234222412,formal,0.5556249767541885,0.5474051846026416,,,,,,,,
../fashion_data/raw/train/train/image/156436.jpg,item1_short_sleeve_dress,dress,cap,0.35541239380836487,elbow,0.1059350073337555,0.905029082790195,turtleneck,0.3041009306907654,off_shoulder,0.1749761998653412,0.8529386184509854,fitted,0.5323922634124756,straight,0.2477361261844635,0.7803364518031944,romantic,0.583558976650238,formal,0.470302015542984,0.6961015565212769,,,,,,,,
../fashion_data/raw/train/train/image/158098.jpg,item1_long_sleeve_dress,dress,cap,0.40089792013168335,elbow,0.012384742498397827,0.7298840010504087,hooded,0.18073080480098724,other,0.037159234285354614,0.8879523229316405,straight,0.4914855659008026,a_line,0.24846825003623962,0.8852290145297232,romantic,0.4022899568080902,vintage,0.1228579580783844,0.6780687742854594,,,,,,,,
../fashion_data/raw/train/train/image/159352.jpg,item1_short_sleeve_top,top,short,0.6126365661621094,cap,0.38969673216342926,0.6321452751706819,other,0.20628592371940613,turtleneck,0.08479837328195572,0.9215492790470693,slim_fitted,0.8713762164115906,regular_straight,0.7550240755081177,0.38618020152424837,casual,0.43322789669036865,formal,0.23989686369895935,0.7879985942006592,,,,,,,,
../fashion_data/raw/train/train/image/159352.jpg,item2_skirt,skirt,,,,,,,,,,,flared,0.7399710416793823,straight,0.5143373757600784,0.6141177550380875,vintage,0.48954734206199646,romantic,0.2284877896308899,0.598943110931599,,,,,,,,
../fashion_data/raw/train/train/image/160585.jpg,item1_short_sleeve_top,top,long,0.5730059146881104,cap,0.42043884098529816,0.6932753826402762,crew,0.16895537078380585,off_shoulder,0.030575841665267944,0.9256594031942422,loose_oversized,0.5818583965301514,slim_fitted,0.21421164274215698,0.7589064299232955,casual,0.22689756751060486,streetwear,0.010847464203834534,0.8535293156415661,,,,,,,,
../fashion_data/raw/train/train/image/160585.jpg,item2_skirt,skirt,,,,,,,,,,,flared,0.7935515642166138,straight,0.662169948220253,0.5866794711893447,formal,0.41602516174316406,vintage,0.2186158001422882,0.8379655736690853,,,,,,,,
../fashion_data/raw/train/train/image/160642.jpg,item1_long_sleeve_dress,dress,elbow,0.4418468475341797,cap,0.24205778539180756,0.8125443866826011,turtleneck,0.16867408156394958,other,0.024971291422843933,0.9229879805976513,a_line,0.8694530129432678,fitted,0.8037483915686607,0.3733377457141865,romantic,0.4359167814254761,formal,0.04358398914337158,0.6170036397017556,,,,,,,,
../fashion_data/raw/train/train/image/163017.jpg,item1_trousers,pants,,,,,,,,,,,flared,0.6020506024360657,straight,0.29229220747947693,0.6807850682731866,formal,0.6131516695022583,vintage,0.4524746686220169,0.5902984603135302,,,,,,,,
../fashion_data/raw/train/train/image/163017.jpg,item2_vest,top,long,0.4264313280582428,short,0.07953941822052002,0.7553879011978193,shirt_collar,0.2509067952632904,polo,0.035831376910209656,0.8084577608847044,slim_fitted,0.49408024549484253,regular_straight,0.09897997975349426,0.872953862120951,vintage,0.5032377243041992,romantic,0.35737012326717377,0.7270031699181052,,,,,,,,
../fashion_data/raw/train/train/image/165021.jpg,item1_long_sleeve_top,top,cap,0.3437097370624542,short,0.06168842315673828,0.8623908714186964,other,0.1584159880876541,mock_neck,0.005692929029464722,0.88182124093916,slim_fitted,0.7687950730323792,regular_straight,0.6009811758995056,0.6158048525273961,casual,0.30609002709388733,formal,0.13453441858291626,0.8969956948726797,,,,,,,,
../fashion_data/raw/train/train/image/166948.jpg,item1_short_sleeve_dress,dress,cap,0.37577369809150696,elbow,0.1060849130153656,0.8374254810468417,other,0.15662404894828796,boat,0.03999270498752594,0.9266984302920912,a_line,0.3665769100189209,fitted,0.04198858141899109,0.8944275066111205,vintage,0.3292336165904999,formal,0.06754902005195618,0.7716220048926505,,,,,,,,
../fashion_data/raw/train/train/image/167373.jpg,item1_sling_dress,dress,long,0.6591315865516663,elbow,0.5631436482071877,0.6529333226616589,mock_neck,0.2614559829235077,off_shoulder,0.11973987519741058,0.8663935721736125,flared,0.7709223628044128,fitted,0.5677514225244522,0.4535310630327157,romantic,0.23543831706047058,elegant,0.04245126247406006,0.8968035329241157,,,,,,,,
../fashion_data/raw/train/train/image/168724.jpg,item1_short_sleeve_top,top,short,0.6277191042900085,cap,0.5084580630064011,0.684872328135399,shirt_collar,0.2359102964401245,other,0.050841763615608215,0.8513047774750183,slim_fitted,0.948701024055481,regular_straight,0.8990160152316093,0.1906890413674079,sporty,0.799275815486908,formal,0.7110006287693977,0.39342069013527686,,,,,,,,
../fashion_data/raw/train/train/image/168724.jpg,item2_shorts,pants,,,,,,,,,,,straight,0.7294735312461853,flared,0.5666296035051346,0.5987296947937658,sporty,0.5104101896286011,streetwear,0.31728021800518036,0.6915240089583621,,,,,,,,
../fashion_data/raw/train/train/image/171259.jpg,item1_short_sleeve_top,top,short,0.47610747814178467,long,0.2579503357410431,0.8189619941004834,crew,0.2696039378643036,other,0.13939650356769562,0.8678047193145916,slim_fitted,0.8288881778717041,regular_straight,0.6779202967882156,0.47300547261720083,streetwear,0.5414085984230042,sporty,0.27068376541137695,0.6305489359561602,,,,,,,,
../fashion_data/raw/train/train/image/171259.jpg,item2_shorts,pants,,,,,,,,,,,flared,0.4248311221599579,straight,0.10499656200408936,0.8330806931090786,formal,0.29934000968933105,casual,0.0232313871383667,0.8356579104598082,,,,,,,,
../fashion_data/raw/train/train/image/173201.jpg,item1_long_sleeve_top,top,three_quarter,0.2345139980316162,short,0.024888381361961365,0.8993438593121841,shirt_collar,0.314396470785141,other,0.1538037657737732,0.826687306566406,slim_fitted,0.8124884963035583,regular_straight,0.6721885353326797,0.5355881847091079,formal,0.5880728960037231,romantic,0.3890439569950104,0.5932402235565385,,,,,,,,
../fashion_data/raw/train/train/image/173201.jpg,item2_trousers,pants,,,,,,,,,,,straight,0.6347194314002991,slim_tapered,0.45263776183128357,0.7362310710328,casual,0.29330015182495117,streetwear,0.007292240858078003,0.8464835877285688,,,,,,,,
../fashion_data/raw/train/train/image/173508.jpg,item1_short_sleeve_top,top,cap,0.32145416736602783,elbow,0.08600756525993347,0.9218061173284993,other,0.16816505789756775,square,0.03439895808696747,0.9277590492059896,slim_fitted,0.8527715802192688,regular_straight,0.7167881280183792,0.4165240029763385,formal,0.4069635272026062,sporty,0.2877621278166771,0.8687696729028744,,,,,,,,
../fashion_data/raw/train/train/image/173669.jpg,item1_short_sleeve_dress,dress,sleeveless,0.5792163014411926,cap,0.42186033725738525,0.7219122733153521,other,0.18775424361228943,halter,0.008990079164505005,0.8816044193553989,straight,0.5936493277549744,flared,0.2777981460094452,0.6783318647456168,formal,0.4407612085342407,romantic,0.13529756665229797,0.6904831699553404,,,,,,,,
../fashion_data/raw/train/train/image/174323.jpg,item1_long_sleeve_top,top,elbow,0.39668774604797363,cap,0.19647163152694702,0.8390935040988505,shirt_collar,0.19080230593681335,polo,0.04136371612548828,0.9049715524643217,slim_fitted,0.9422140717506409,regular_straight,0.9061306081712246,0.23582241218436625,streetwear,0.392415314912796,formal,0.1333743929862976,0.7976959506246593,,,,,,,,
../fashion_data/raw/train/train/image/174323.jpg,item2_trousers,pants,,,,,,,,,,,straight,0.6062576174736023,flared,0.25146931409835815,0.5855462357048891,sporty,0.8038127422332764,formal,0.7250180914998055,0.3863855104915325,,,,,,,,
../fashion_data/raw/train/train/image/175635.jpg,item1_trousers,pants,,,,,,,,,,,straight,0.4861016273498535,flared,0.27780091762542725,0.899173625835656,casual,0.8288246989250183,streetwear,0.7743514887988567,0.35731195801827526,,,,,,,,
../fashion_data/raw/train/train/image/175635.jpg,item2_long_sleeve_top,top,cap,0.273121178150177,three_quarter,0.03856395184993744,0.9093403545292632,other,0.18475954234600067,round_scoop,0.01876106858253479,0.9010038981661451,slim_fitted,0.5196601152420044,loose_oversized,0.11770480871200562,0.8247534174056624,vintage,0.36855176091194153,casual,0.15365776419639587,0.7720094818050445,,,,,,,,
../fashion_data/raw/train/train/image/178287.jpg,item1_short_sleeve_top,top,cap,0.30930614471435547,short,0.11963112652301788,0.9152719458969311,shirt_collar,0.3464260399341583,other,0.19137057662010193,0.7997031377287136,slim_fitted,0.7654441595077515,regular_straight,0.6220826804637909,0.638491637021924,romantic,0.3398332893848419,vintage,0.008540183305740356,0.7063342376098626,,,,,,,,
../fashion_data/raw/train/train/image/178287.jpg,item2_shorts,pants,,,,,,,,,,,straight,0.685945987701416,flared,0.4421808421611786,0.6043384789950291,formal,0.3675230145454407,sporty,0.16249026358127594,0.8560441032900323,,,,,,,,
../fashion_data/raw/train/train/image/178920.jpg,item1_short_sleeve_top,top,cap,0.5098947286605835,short,0.38846051692962646,0.8178392005531299,other,0.2548878490924835,square,0.07004253566265106,0.853824515305303,slim_fitted,0.7875211834907532,loose_oversized,0.630033478140831,0.5813872173755228,romantic,0.7293258905410767,formal,0.5839811563491821,0.4696344865636039,,,,,,,,
../fashion_data/raw/train/train/image/178920.jpg,item2_sling_dress,dress,elbow,0.39004725217819214,cap,0.11564823985099792,0.8485202860458426,halter,0.29350194334983826,one_shoulder,0.12473149597644806,0.824534539266637,flared,0.4604300260543823,straight,0.07336223125457764,0.7977765244965884,romantic,0.8976874947547913,formal,0.8452414125204086,0.226375575187414,,,,,,,,
../fashion_data/raw/train/train/image/184087.jpg,item1_long_sleeve_dress,dress,cap,0.2898428440093994,sleeveless,0.009944945573806763,0.8901177377905782,other,0.17113491892814636,one_shoulder,0.01327313482761383,0.8650889386356561,fitted,0.6776857376098633,a_line,0.5311180949211121,0.68739350163259,romantic,0.540047824382782,formal,0.32710449397563934,0.6106313958495372,,,,,,,,
../fashion_data/raw/train/train/image/186959.jpg,item1_long_sleeve_top,top,long,0.3209257125854492,cap,0.06853431463241577,0.8826783323577483,shirt_collar,0.3726499378681183,turtleneck,0.223674014210701,0.7777938587436051,slim_fitted,0.8249827027320862,regular_straight,0.7283450439572334,0.5316815904616913,casual,0.3526783585548401,vintage,0.09432786703109741,0.7870249430865746,,,,,,,,
