source_dataset,source_image,predicted_garment_id,predicted_category,prediction_score,best_gt_class,best_gt_garment_id,best_gt_bbox_iou,bbox50_match,class_correct_to_best_gt
DeepFashion2,/workspace/fashion_data/raw/train/train/image/019779.jpg,pred_01_01_pants,pants,0.485976,dress,item1_short_sleeve_dress,0.723224,1,0
DeepFashion2,/workspace/fashion_data/raw/train/train/image/032014.jpg,pred_02_01_top,top,0.474680,skirt,item1_skirt,0.879576,1,0
DeepFashion2,/workspace/fashion_data/raw/train/train/image/051719.jpg,pred_03_01_pants,pants,0.753472,pants,item1_trousers,0.423413,0,1
DeepFashion2,/workspace/fashion_data/raw/train/train/image/051719.jpg,pred_03_02_pants,pants,0.534471,pants,item1_trousers,0.479895,0,1
DeepFashion2,/workspace/fashion_data/raw/train/train/image/051719.jpg,pred_03_03_pants,pants,0.448883,pants,item1_trousers,0.787971,1,1
DeepFashion2,/workspace/fashion_data/raw/train/train/image/073497.jpg,pred_04_01_pants,pants,0.773383,pants,item1_trousers,0.903517,1,1
DeepFashion2,/workspace/fashion_data/raw/train/train/image/073497.jpg,pred_04_02_top,top,0.650322,top,item2_short_sleeve_top,0.780905,1,1
DeepFashion2,/workspace/fashion_data/raw/train/train/image/079537.jpg,pred_05_01_accessory,accessory,0.551038,,,0.000000,0,0
DeepFashion2,/workspace/fashion_data/raw/train/train/image/079537.jpg,pred_05_02_top,top,0.495165,top,item2_vest,0.782155,1,1
DeepFashion2,/workspace/fashion_data/raw/train/train/image/096778.jpg,pred_07_01_dress,dress,0.771795,dress,item2_sling_dress,0.858504,1,1
DeepFashion2,/workspace/fashion_data/raw/train/train/image/101034.jpg,pred_08_01_bag,bag,0.825523,dress,item2_sling_dress,0.132444,0,0
DeepFashion2,/workspace/fashion_data/raw/train/train/image/101034.jpg,pred_08_02_top,top,0.756242,top,item1_short_sleeve_top,0.795719,1,1
DeepFashion2,/workspace/fashion_data/raw/train/train/image/101034.jpg,pred_08_03_dress,dress,0.574101,dress,item2_sling_dress,0.916067,1,1
DeepFashion2,/workspace/fashion_data/raw/train/train/image/101034.jpg,pred_08_04_outerwear,outerwear,0.410596,dress,item2_sling_dress,0.764385,1,0
DeepFashion2,/workspace/fashion_data/raw/train/train/image/114238.jpg,pred_09_01_outerwear,outerwear,0.408365,outerwear,item1_long_sleeve_outwear,0.905546,1,1
DeepFashion2,/workspace/fashion_data/raw/train/train/image/124892.jpg,pred_10_01_top,top,0.868470,top,item1_short_sleeve_top,0.945362,1,1
DeepFashion2,/workspace/fashion_data/raw/train/train/image/124892.jpg,pred_10_02_skirt,skirt,0.748703,pants,item2_shorts,0.827606,1,0
DeepFashion2,/workspace/fashion_data/raw/train/train/image/142658.jpg,pred_11_01_top,top,0.742352,top,item1_long_sleeve_top,0.840085,1,1
DeepFashion2,/workspace/fashion_data/raw/train/train/image/142658.jpg,pred_11_02_pants,pants,0.679817,skirt,item2_skirt,0.555097,1,0
DeepFashion2,/workspace/fashion_data/raw/train/train/image/178287.jpg,pred_13_01_pants,pants,0.489269,pants,item2_shorts,0.613482,1,1
DeepFashion2,/workspace/fashion_data/raw/train/train/image/184087.jpg,pred_14_01_dress,dress,0.617313,dress,item1_long_sleeve_dress,0.827965,1,1
Fashionpedia,/workspace/fashion_data/raw/fashionpedia/images/test/32227cade6d3646824f9c0f3fa9dc9e7.jpg,pred_15_01_pants,pants,0.705475,accessory,fashionpedia_ann_7678,0.294713,0,0
Fashionpedia,/workspace/fashion_data/raw/fashionpedia/images/test/32227cade6d3646824f9c0f3fa9dc9e7.jpg,pred_15_02_accessory,accessory,0.630516,,,0.000000,0,0
Fashionpedia,/workspace/fashion_data/raw/fashionpedia/images/test/33846044d27032d3988b9b4b7e22e252.jpg,pred_16_01_shoe,shoe,0.916199,shoe,fashionpedia_ann_4586,0.043902,0,1
Fashionpedia,/workspace/fashion_data/raw/fashionpedia/images/test/3bf082a96a03a1c8f75e1d1d0ebf42d2.jpg,pred_17_01_accessory,accessory,0.930264,,,0.000000,0,0
Fashionpedia,/workspace/fashion_data/raw/fashionpedia/images/test/89144779b3e40421facdb2eb70309356.jpg,pred_18_01_bag,bag,0.727602,,,0.000000,0,0
Fashionpedia,/workspace/fashion_data/raw/fashionpedia/images/test/89144779b3e40421facdb2eb70309356.jpg,pred_18_02_dress,dress,0.544283,,,0.000000,0,0
Fashionpedia,/workspace/fashion_data/raw/fashionpedia/images/test/89144779b3e40421facdb2eb70309356.jpg,pred_18_03_bag,bag,0.459275,,,0.000000,0,0
Fashionpedia,/workspace/fashion_data/raw/fashionpedia/images/test/dd4525a10b6110df29f0a6b19e6b924b.jpg,pred_19_01_shoe,shoe,0.763423,,,0.000000,0,0
Fashionpedia,/workspace/fashion_data/raw/fashionpedia/images/test/dd4525a10b6110df29f0a6b19e6b924b.jpg,pred_19_02_shoe,shoe,0.693386,,,0.000000,0,0
Fashionpedia,/workspace/fashion_data/raw/fashionpedia/images/test/dd4525a10b6110df29f0a6b19e6b924b.jpg,pred_19_03_accessory,accessory,0.619962,accessory,fashionpedia_ann_2759,0.825935,1,1
Fashionpedia,/workspace/fashion_data/raw/fashionpedia/images/test/dd4525a10b6110df29f0a6b19e6b924b.jpg,pred_19_04_dress,dress,0.589423,accessory,fashionpedia_ann_2759,0.012450,0,0
Fashionpedia,/workspace/fashion_data/raw/fashionpedia/images/test/fac6412c2873388612c4ec4cda414ac6.jpg,pred_20_01_shoe,shoe,0.608480,,,0.000000,0,0
