path,size_bytes,archive_crc32,source_archive,included_in_git
backup/core_part_detector_v1_20260915/best_model_old.pt,76057581,7d4d52eb,fashion_multimodal_analysis (2).zip,no
models/core_part_detector_v1/best_loss_model.pt,76059031,43c54d9c,fashion_multimodal_analysis (2).zip,no
models/core_part_detector_v1/best_model.pt,76057581,6e10b483,fashion_multimodal_analysis (2).zip,no
models/core_part_detector_v1/last_model.pt,76057581,5d47d3ee,fashion_multimodal_analysis (2).zip,no
outputs/prd_instance_segmentation/maskrcnn_8class_baseline_v1/checkpoint_last.pth,351356697,522075ff,outputs.zip (latest),no
outputs/prd_instance_segmentation/maskrcnn_8class_baseline_v1/checkpoint_epoch_05.pth,351356697,57f157dd,outputs.zip (latest),no
outputs/prd_instance_segmentation/maskrcnn_8class_baseline_v1/checkpoint_epoch_10.pth,351356697,dbc0713a,outputs.zip (latest),no
outputs/prd_instance_segmentation/maskrcnn_8class_baseline_v1/checkpoint_epoch_15.pth,351356697,522075ff,outputs.zip (latest),no
outputs/prd_instance_segmentation/maskrcnn_8class_baseline_v2/checkpoint_last.pth,351356953,70af6e04,outputs.zip (latest),no
outputs/prd_instance_segmentation/maskrcnn_8class_baseline_v2/checkpoint_epoch_05.pth,351356953,b8468e9b,outputs.zip (latest),no
outputs/prd_instance_segmentation/maskrcnn_8class_baseline_v2/checkpoint_epoch_10.pth,351356953,979e72de,outputs.zip (latest),no
outputs/prd_instance_segmentation/maskrcnn_8class_baseline_v2/checkpoint_epoch_15.pth,351356953,70af6e04,outputs.zip (latest),no
outputs/prd_instance_segmentation/maskrcnn_8class_baseline_v2_nobalance/checkpoint_last.pth,351356953,95814730,outputs.zip (latest),no
outputs/prd_instance_segmentation/maskrcnn_8class_baseline_v2_nobalance/checkpoint_epoch_05.pth,351356953,7ec15c29,outputs.zip (latest),no
outputs/prd_instance_segmentation/maskrcnn_8class_baseline_v2_nobalance/checkpoint_epoch_10.pth,351356953,5483e27d,outputs.zip (latest),no
outputs/prd_instance_segmentation/maskrcnn_8class_baseline_v2_nobalance/checkpoint_epoch_15.pth,351356953,95814730,outputs.zip (latest),no
outputs/prd_instance_segmentation/maskrcnn_8class_v3_a1_highres/checkpoint_last.pth,351356953,bab7d27d,outputs.zip (latest),no
outputs/prd_instance_segmentation/maskrcnn_8class_v3_a1_highres/checkpoint_epoch_05.pth,351356953,4a2f0c44,outputs.zip (latest),no
outputs/prd_instance_segmentation/maskrcnn_8class_v3_a1_highres/checkpoint_epoch_10.pth,351356953,8134e7f3,outputs.zip (latest),no
outputs/prd_instance_segmentation/maskrcnn_8class_v3_a1_highres/checkpoint_epoch_15.pth,351356953,bab7d27d,outputs.zip (latest),no
outputs/prd_instance_segmentation/maskrcnn_8class_v3_a2_smallanchors/checkpoint_last.pth,351356953,e29e2355,outputs.zip (latest),no
outputs/prd_instance_segmentation/maskrcnn_8class_v3_a2_smallanchors/checkpoint_epoch_05.pth,351356953,d045d081,outputs.zip (latest),no
outputs/prd_instance_segmentation/maskrcnn_8class_v3_a2_smallanchors/checkpoint_epoch_10.pth,351356953,cfee18b1,outputs.zip (latest),no
outputs/prd_instance_segmentation/maskrcnn_8class_v3_a2_smallanchors/checkpoint_epoch_15.pth,351356953,e29e2355,outputs.zip (latest),no
outputs/prd_instance_segmentation/maskrcnn_8class_v3_a2b_p2small/checkpoint_last.pth,351356953,12d5abec,outputs.zip (latest),no
outputs/prd_instance_segmentation/maskrcnn_8class_v3_a2b_p2small/checkpoint_epoch_05.pth,351356953,b9b22fed,outputs.zip (latest),no
outputs/prd_instance_segmentation/maskrcnn_8class_v3_a2b_p2small/checkpoint_epoch_10.pth,351356953,6ab98c3c,outputs.zip (latest),no
outputs/prd_instance_segmentation/maskrcnn_8class_v3_a2b_p2small/checkpoint_epoch_15.pth,351356953,12d5abec,outputs.zip (latest),no
outputs/prd_instance_segmentation/maskrcnn_8class_v3_a3_smallsampling/checkpoint_last.pth,351356953,ec4d6bd6,outputs.zip (latest),no
outputs/prd_instance_segmentation/maskrcnn_8class_v3_a3_smallsampling/checkpoint_epoch_05.pth,351356953,0febbd31,outputs.zip (latest),no
outputs/prd_instance_segmentation/maskrcnn_8class_v3_a3_smallsampling/checkpoint_epoch_10.pth,351356953,24984ea5,outputs.zip (latest),no
outputs/prd_instance_segmentation/maskrcnn_8class_v3_a3_smallsampling/checkpoint_epoch_15.pth,351356953,ec4d6bd6,outputs.zip (latest),no
outputs/prd_instance_segmentation/maskrcnn_8class_v3_b1_dataexp/checkpoint_last.pth,351356953,9e82567f,outputs.zip (latest),no
outputs/prd_instance_segmentation/maskrcnn_8class_v3_b1_dataexp/checkpoint_epoch_05.pth,351356953,64d6d1ea,outputs.zip (latest),no
outputs/prd_instance_segmentation/maskrcnn_8class_v3_b1_dataexp/checkpoint_epoch_10.pth,351356953,8b8a3599,outputs.zip (latest),no
outputs/prd_instance_segmentation/maskrcnn_8class_v3_b1_dataexp/checkpoint_epoch_15.pth,351356953,9e82567f,outputs.zip (latest),no
outputs/prd_instance_segmentation/maskrcnn_8class_final_v1/checkpoint_last.pth,351356953,38882331,outputs.zip (latest),no
outputs/prd_instance_segmentation/maskrcnn_8class_final_v1/checkpoint_epoch_05.pth,351356953,ca9d4f20,outputs.zip (latest),no
outputs/prd_instance_segmentation/maskrcnn_8class_final_v1/checkpoint_epoch_10.pth,351356953,a01233df,outputs.zip (latest),no
outputs/prd_instance_segmentation/maskrcnn_8class_final_v1/checkpoint_epoch_15.pth,351356953,38882331,outputs.zip (latest),no
