benchmark_id,target,image_name,category_name,prompt_variant,prompt,threshold,detected,num_detections,top_score,top_box_area_ratio,inference_seconds,detections_json
button_007,button,098376.jpg,long sleeve outwear,generic,button,0.3,no,0,,,28.291212699987227,[]
button_007,button,098376.jpg,long sleeve outwear,garment_context,clothing button,0.3,no,0,,,28.57279480001307,[]
button_007,button,098376.jpg,long sleeve outwear,part_specific,the small button detail on the garment,0.3,yes,1,0.31801891326904297,0.9967974092730348,23.535061000002315,"[{""label"": ""button"", ""score"": 0.31801891326904297, ""box"": [0.734112024307251, -0.586006760597229, 467.2647705078125, 624.37451171875]}]"
button_017,button,102501.jpg,long sleeve top,generic,button,0.3,no,0,,,19.497706800000742,[]
button_017,button,102501.jpg,long sleeve top,garment_context,clothing button,0.3,no,0,,,17.708838500024285,[]
button_017,button,102501.jpg,long sleeve top,part_specific,the small button detail on the garment,0.3,yes,1,0.36662906408309937,0.9927388058969414,22.598915599985048,"[{""label"": ""button"", ""score"": 0.36662906408309937, ""box"": [2.0601415634155273, -0.3340144157409668, 466.6849670410156, 623.635009765625]}]"
button_018,button,151346.jpg,long sleeve outwear,generic,button,0.3,no,0,,,24.28512280000723,[]
button_018,button,151346.jpg,long sleeve outwear,garment_context,clothing button,0.3,no,0,,,25.012420599989127,[]
button_018,button,151346.jpg,long sleeve outwear,part_specific,the small button detail on the garment,0.3,yes,1,0.35888347029685974,0.9891612663993842,33.16061660001287,"[{""label"": ""button"", ""score"": 0.35888347029685974, ""box"": [3.740406036376953, 0.3920220136642456, 828.44921875, 467.4122009277344]}]"
button_021,button,032686.jpg,long sleeve top,generic,button,0.3,yes,1,0.3322538733482361,0.9999992823476381,24.96218180001597,"[{""label"": ""button"", ""score"": 0.3322538733482361, ""box"": [0.018187522888183594, -0.26392489671707153, 468.0179748535156, 429.7359619140625]}]"
button_021,button,032686.jpg,long sleeve top,garment_context,clothing button,0.3,yes,1,0.34061557054519653,0.9999989268678827,18.754680800018832,"[{""label"": ""button"", ""score"": 0.34061557054519653, ""box"": [0.02014017105102539, -0.21234452724456787, 468.0198669433594, 429.7874450683594]}]"
button_021,button,032686.jpg,long sleeve top,part_specific,the small button detail on the garment,0.3,yes,1,0.3182203471660614,0.9999978356924184,19.71494669999811,"[{""label"": ""button"", ""score"": 0.3182203471660614, ""box"": [0.03760242462158203, -0.1477569341659546, 468.036865234375, 429.85198974609375]}]"
button_022,button,156639.jpg,long sleeve top,generic,button,0.3,no,0,,,19.872512000001734,[]
button_022,button,156639.jpg,long sleeve top,garment_context,clothing button,0.3,no,0,,,20.118676600017352,[]
button_022,button,156639.jpg,long sleeve top,part_specific,the small button detail on the garment,0.3,yes,1,0.40665408968925476,0.9916677599913529,22.68978350001271,"[{""label"": ""button"", ""score"": 0.40665408968925476, ""box"": [1.6159418821334839, -0.23281145095825195, 466.12530517578125, 623.2179565429688]}]"
collar_001,collar,032686.jpg,long sleeve top,generic,collar,0.3,yes,1,0.40590307116508484,0.9999477224365205,18.473770599986892,"[{""label"": ""collar"", ""score"": 0.40590307116508484, ""box"": [0.06990480422973633, 0.6210917234420776, 468.0699157714844, 430.5986022949219]}]"
collar_001,collar,032686.jpg,long sleeve top,garment_context,clothing collar,0.3,yes,1,0.40578562021255493,0.9999570715180708,19.73512669999036,"[{""label"": ""clothing collar"", ""score"": 0.40578562021255493, ""box"": [0.04823040962219238, 0.5622708797454834, 468.0482177734375, 430.5438232421875]}]"
collar_001,collar,032686.jpg,long sleeve top,part_specific,the collar around the neck opening of the garment,0.3,yes,1,0.40122440457344055,0.9999472622399334,26.503877299983287,"[{""label"": ""collar neck"", ""score"": 0.40122440457344055, ""box"": [0.033362388610839844, 0.510677695274353, 468.0333557128906, 430.4880065917969]}]"
collar_010,collar,043744.jpg,long sleeve outwear,generic,collar,0.3,no,0,,,25.92033680001623,[]
collar_010,collar,043744.jpg,long sleeve outwear,garment_context,clothing collar,0.3,yes,1,0.30033078789711,0.9879486079109369,22.40774369999417,"[{""label"": ""collar"", ""score"": 0.30033078789711, ""box"": [1.08305025100708, 0.44373464584350586, 465.26019287109375, 622.0008544921875]}]"
collar_010,collar,043744.jpg,long sleeve outwear,part_specific,the collar around the neck opening of the garment,0.3,yes,1,0.3455302119255066,0.9856456189417722,21.66254759998992,"[{""label"": ""collar neck"", ""score"": 0.3455302119255066, ""box"": [1.355137825012207, 0.3638620376586914, 465.3741455078125, 620.6834106445312]}]"
collar_012,collar,118608.jpg,long sleeve top,generic,collar,0.3,yes,1,0.435558021068573,0.9903780402308031,25.689574199990602,"[{""label"": ""collar"", ""score"": 0.435558021068573, ""box"": [1.7100143432617188, -0.0477413535118103, 636.5126342773438, 851.661376953125]}]"
collar_012,collar,118608.jpg,long sleeve top,garment_context,clothing collar,0.3,yes,1,0.4316660463809967,0.9902948409323905,31.212757600005716,"[{""label"": ""clothing collar"", ""score"": 0.4316660463809967, ""box"": [1.4069366455078125, -0.12972530722618103, 636.021240234375, 851.7605590820312]}]"
collar_012,collar,118608.jpg,long sleeve top,part_specific,the collar around the neck opening of the garment,0.3,yes,1,0.39120036363601685,0.9845511189793503,33.28575449998607,"[{""label"": ""collar neck"", ""score"": 0.39120036363601685, ""box"": [1.800537109375, 0.1716451644897461, 634.0926513671875, 850.2315063476562]}]"
collar_019,collar,140980.jpg,long sleeve outwear,generic,collar,0.3,yes,1,0.3975580334663391,0.9930966940590232,33.70274639999843,"[{""label"": ""collar"", ""score"": 0.3975580334663391, ""box"": [1.3086090087890625, 0.15976041555404663, 466.5589599609375, 629.50830078125]}]"
collar_019,collar,140980.jpg,long sleeve outwear,garment_context,clothing collar,0.3,yes,1,0.40804389119148254,0.9928341008623967,36.44432899999083,"[{""label"": ""clothing collar"", ""score"": 0.40804389119148254, ""box"": [1.3502840995788574, 0.3568652272224426, 466.5400695800781, 629.6209106445312]}]"
collar_019,collar,140980.jpg,long sleeve outwear,part_specific,the collar around the neck opening of the garment,0.3,yes,1,0.3398677706718445,0.9877765378015565,30.674533800018253,"[{""label"": ""collar neck"", ""score"": 0.3398677706718445, ""box"": [1.7896578311920166, 1.3869810104370117, 465.9945983886719, 628.7737426757812]}]"
collar_021,collar,105891.jpg,long sleeve outwear,generic,collar,0.3,yes,1,0.36545291543006897,0.9977362118234374,28.950291600020137,"[{""label"": ""collar"", ""score"": 0.36545291543006897, ""box"": [0.5394330024719238, -0.23638200759887695, 467.50286865234375, 623.7330322265625]}]"
collar_021,collar,105891.jpg,long sleeve outwear,garment_context,clothing collar,0.3,yes,1,0.41261613368988037,0.9984692401102027,28.219914699991932,"[{""label"": ""clothing collar"", ""score"": 0.41261613368988037, ""box"": [0.29815542697906494, -0.2161116600036621, 467.5907287597656, 623.7719116210938]}]"
collar_021,collar,105891.jpg,long sleeve outwear,part_specific,the collar around the neck opening of the garment,0.3,yes,1,0.3737510144710541,0.9976702736704514,28.985431099979905,"[{""label"": ""collar neck"", ""score"": 0.3737510144710541, ""box"": [0.5131001472473145, -0.0651998519897461, 467.4789123535156, 623.8598022460938]}]"
sleeve_012,sleeve,177713.jpg,short sleeve top,generic,sleeve,0.3,yes,1,0.3861822783946991,0.9895521825919253,26.893607400008477,"[{""label"": ""sleeve"", ""score"": 0.3861822783946991, ""box"": [1.3698577880859375, 1.6253471374511719, 639.0337524414062, 637.2589111328125]}]"
sleeve_012,sleeve,177713.jpg,short sleeve top,garment_context,clothing sleeve,0.3,yes,1,0.362017959356308,0.9895934005964585,26.11153620001278,"[{""label"": ""sleeve"", ""score"": 0.362017959356308, ""box"": [1.2098121643066406, 1.9187545776367188, 639.1954345703125, 637.2582397460938]}]"
sleeve_012,sleeve,177713.jpg,short sleeve top,part_specific,the sleeve area of the garment,0.3,yes,1,0.35073766112327576,0.9871102744115364,26.521711300010793,"[{""label"": ""sleeve"", ""score"": 0.35073766112327576, ""box"": [1.6210174560546875, 2.5115966796875, 638.8660888671875, 636.9933471679688]}]"
sleeve_014,sleeve,027786.jpg,long sleeve outwear,generic,sleeve,0.3,no,0,,,30.220478900009766,[]
sleeve_014,sleeve,027786.jpg,long sleeve outwear,garment_context,clothing sleeve,0.3,yes,1,0.3451649844646454,0.9991394821587886,27.779568599973572,"[{""label"": ""sleeve"", ""score"": 0.3451649844646454, ""box"": [0.16995012760162354, -0.004797935485839844, 467.8358154296875, 623.9036865234375]}]"
sleeve_014,sleeve,027786.jpg,long sleeve outwear,part_specific,the sleeve area of the garment,0.3,yes,1,0.48706814646720886,0.9993877682297414,27.81097029999364,"[{""label"": ""sleeve"", ""score"": 0.48706814646720886, ""box"": [0.16110742092132568, 0.0855259895324707, 467.96221923828125, 623.9686279296875]}]"
sleeve_015,sleeve,027831.jpg,short sleeve top,generic,sleeve,0.3,no,0,,,29.634947699989425,[]
sleeve_015,sleeve,027831.jpg,short sleeve top,garment_context,clothing sleeve,0.3,yes,1,0.3185303509235382,0.9951731178153291,30.35859150000033,"[{""label"": ""sleeve"", ""score"": 0.3185303509235382, ""box"": [0.6216673851013184, 1.2157559394836426, 467.2488708496094, 624.0307006835938]}]"
sleeve_015,sleeve,027831.jpg,short sleeve top,part_specific,the sleeve area of the garment,0.3,yes,1,0.4493434727191925,0.9930097232550011,32.44744819999323,"[{""label"": ""sleeve"", ""score"": 0.4493434727191925, ""box"": [1.0002719163894653, 1.5852713584899902, 467.0283203125, 623.8452758789062]}]"
sleeve_020,sleeve,154526.jpg,long sleeve outwear,generic,sleeve,0.3,no,0,,,30.46286479997798,[]
sleeve_020,sleeve,154526.jpg,long sleeve outwear,garment_context,clothing sleeve,0.3,yes,1,0.30969351530075073,0.999992877380293,33.10353049999685,"[{""label"": ""sleeve"", ""score"": 0.30969351530075073, ""box"": [0.013417482376098633, -0.015757977962493896, 468.0132751464844, 624.97998046875]}]"
sleeve_020,sleeve,154526.jpg,long sleeve outwear,part_specific,the sleeve area of the garment,0.3,yes,1,0.43613770604133606,0.9999951515597026,33.868358399980934,"[{""label"": ""sleeve"", ""score"": 0.43613770604133606, ""box"": [0.05127096176147461, -0.08044764399528503, 468.0511474609375, 624.9166870117188]}]"
sleeve_022,sleeve,045056.jpg,long sleeve dress,generic,sleeve,0.3,no,0,,,34.52604940001038,[]
sleeve_022,sleeve,045056.jpg,long sleeve dress,garment_context,clothing sleeve,0.3,no,0,,,33.166718099993886,[]
sleeve_022,sleeve,045056.jpg,long sleeve dress,part_specific,the sleeve area of the garment,0.3,yes,2,0.33532771468162537,0.8373097471091264,36.994333500013454,"[{""label"": ""sleeve"", ""score"": 0.3089439272880554, ""box"": [2.716219425201416, -0.030040740966796875, 358.5296936035156, 590.8654174804688]}, {""label"": ""sleeve"", ""score"": 0.33532771468162537, ""box"": [28.68694496154785, 0.7536888122558594, 357.83636474609375, 586.8588256835938]}]"
zipper_002,zipper,151528.jpg,long sleeve outwear,generic,zipper,0.3,no,0,,,33.19636170001468,[]
zipper_002,zipper,151528.jpg,long sleeve outwear,garment_context,clothing zipper,0.3,no,0,,,34.02339769998798,[]
zipper_002,zipper,151528.jpg,long sleeve outwear,part_specific,the zipper closure detail on the garment,0.3,no,0,,,31.150208600010956,[]
zipper_006,zipper,051339.jpg,long sleeve outwear,generic,zipper,0.3,no,0,,,32.54969169999822,[]
zipper_006,zipper,051339.jpg,long sleeve outwear,garment_context,clothing zipper,0.3,no,0,,,31.48947020000196,[]
zipper_006,zipper,051339.jpg,long sleeve outwear,part_specific,the zipper closure detail on the garment,0.3,no,0,,,33.2722722000035,[]
zipper_010,zipper,000503.jpg,long sleeve outwear,generic,zipper,0.3,yes,1,0.30316367745399475,0.9999963478146333,23.39898679999169,"[{""label"": ""zipper"", ""score"": 0.30316367745399475, ""box"": [-0.06431186199188232, -0.12947452068328857, 467.9339904785156, 467.8705139160156]}]"
zipper_010,zipper,000503.jpg,long sleeve outwear,garment_context,clothing zipper,0.3,no,0,,,19.057814200001303,[]
zipper_010,zipper,000503.jpg,long sleeve outwear,part_specific,the zipper closure detail on the garment,0.3,yes,1,0.31083911657333374,0.99999631062564,12.140981000004103,"[{""label"": ""zipper"", ""score"": 0.31083911657333374, ""box"": [0.015509605407714844, -0.07704591751098633, 468.0138244628906, 467.92291259765625]}]"
zipper_011,zipper,152093.jpg,long sleeve outwear,generic,zipper,0.3,no,0,,,11.35350080000353,[]
zipper_011,zipper,152093.jpg,long sleeve outwear,garment_context,clothing zipper,0.3,no,0,,,16.194575300003635,[]
zipper_011,zipper,152093.jpg,long sleeve outwear,part_specific,the zipper closure detail on the garment,0.3,no,0,,,19.324278299987782,[]
zipper_012,zipper,082100.jpg,long sleeve outwear,generic,zipper,0.3,no,0,,,28.0357001000084,[]
zipper_012,zipper,082100.jpg,long sleeve outwear,garment_context,clothing zipper,0.3,no,0,,,25.30708749999758,[]
zipper_012,zipper,082100.jpg,long sleeve outwear,part_specific,the zipper closure detail on the garment,0.3,yes,1,0.3276830315589905,0.9955564148872653,74.91517829999793,"[{""label"": ""zipper"", ""score"": 0.3276830315589905, ""box"": [0.86347496509552, -0.4153561592102051, 466.7927551269531, 623.57275390625]}]"
